candidate_id,chain,position,sequence_index,wildtype,mutant,mutation,ddg,wt_score,mutant_score,input_pdb,fasta_id
screening_000001,A,3,1,V,A,VA3A,0.4778,260.0665,260.5442,1BRS.pdb,screening_000001|VA3A
screening_000002,A,3,1,V,C,VA3C,0.9577,260.0665,261.0242,1BRS.pdb,screening_000002|VA3C
screening_000003,A,3,1,V,D,VA3D,2.8547,260.0665,262.9212,1BRS.pdb,screening_000003|VA3D
screening_000004,A,3,1,V,E,VA3E,1.0978,260.0665,261.1642,1BRS.pdb,screening_000004|VA3E
screening_000005,A,3,1,V,F,VA3F,4.8931,260.0665,264.9596,1BRS.pdb,screening_000005|VA3F
screening_000006,A,3,1,V,G,VA3G,0.9788,260.0665,261.0453,1BRS.pdb,screening_000006|VA3G
screening_000007,A,3,1,V,H,VA3H,2.0641,260.0665,262.1306,1BRS.pdb,screening_000007|VA3H
screening_000008,A,3,1,V,I,VA3I,-0.0583,260.0665,260.0082,1BRS.pdb,screening_000008|VA3I
screening_000009,A,3,1,V,K,VA3K,1.3888,260.0665,261.4553,1BRS.pdb,screening_000009|VA3K
screening_000010,A,3,1,V,L,VA3L,-1.4243,260.0665,258.6421,1BRS.pdb,screening_000010|VA3L
screening_000011,A,3,1,V,M,VA3M,-0.0014,260.0665,260.0651,1BRS.pdb,screening_000011|VA3M
screening_000012,A,3,1,V,N,VA3N,0.8459,260.0665,260.9124,1BRS.pdb,screening_000012|VA3N
screening_000013,A,3,1,V,P,VA3P,63.3519,260.0665,323.4183,1BRS.pdb,screening_000013|VA3P
screening_000014,A,3,1,V,Q,VA3Q,-0.1562,260.0665,259.9102,1BRS.pdb,screening_000014|VA3Q
screening_000015,A,3,1,V,R,VA3R,1.3196,260.0665,261.3861,1BRS.pdb,screening_000015|VA3R
screening_000016,A,3,1,V,S,VA3S,0.3315,260.0665,260.3979,1BRS.pdb,screening_000016|VA3S
screening_000017,A,3,1,V,T,VA3T,-1.051,260.0665,259.0154,1BRS.pdb,screening_000017|VA3T
screening_000018,A,3,1,V,W,VA3W,3.4598,260.0665,263.5263,1BRS.pdb,screening_000018|VA3W
screening_000019,A,3,1,V,Y,VA3Y,5.2399,260.0665,265.3063,1BRS.pdb,screening_000019|VA3Y
screening_000020,A,4,2,I,A,IA4A,4.1033,260.0665,264.1698,1BRS.pdb,screening_000020|IA4A
screening_000021,A,4,2,I,C,IA4C,5.2252,260.0665,265.2916,1BRS.pdb,screening_000021|IA4C
screening_000022,A,4,2,I,D,IA4D,3.2044,260.0665,263.2709,1BRS.pdb,screening_000022|IA4D
screening_000023,A,4,2,I,E,IA4E,3.4631,260.0665,263.5296,1BRS.pdb,screening_000023|IA4E
screening_000024,A,4,2,I,F,IA4F,4.0748,260.0665,264.1413,1BRS.pdb,screening_000024|IA4F
screening_000025,A,4,2,I,G,IA4G,9.1819,260.0665,269.2483,1BRS.pdb,screening_000025|IA4G
screening_000026,A,4,2,I,H,IA4H,3.6365,260.0665,263.703,1BRS.pdb,screening_000026|IA4H
screening_000027,A,4,2,I,K,IA4K,3.7545,260.0665,263.821,1BRS.pdb,screening_000027|IA4K
screening_000028,A,4,2,I,L,IA4L,2.0173,260.0665,262.0838,1BRS.pdb,screening_000028|IA4L
screening_000029,A,4,2,I,M,IA4M,5.471,260.0665,265.5375,1BRS.pdb,screening_000029|IA4M
screening_000030,A,4,2,I,N,IA4N,3.0007,260.0665,263.0672,1BRS.pdb,screening_000030|IA4N
screening_000031,A,4,2,I,P,IA4P,52.2445,260.0665,312.311,1BRS.pdb,screening_000031|IA4P
screening_000032,A,4,2,I,Q,IA4Q,4.0724,260.0665,264.1388,1BRS.pdb,screening_000032|IA4Q
screening_000033,A,4,2,I,R,IA4R,4.0919,260.0665,264.1584,1BRS.pdb,screening_000033|IA4R
screening_000034,A,4,2,I,S,IA4S,3.8914,260.0665,263.9579,1BRS.pdb,screening_000034|IA4S
screening_000035,A,4,2,I,T,IA4T,1.7881,260.0665,261.8545,1BRS.pdb,screening_000035|IA4T
screening_000036,A,4,2,I,V,IA4V,0.9804,260.0665,261.0469,1BRS.pdb,screening_000036|IA4V
screening_000037,A,4,2,I,W,IA4W,5.7525,260.0665,265.819,1BRS.pdb,screening_000037|IA4W
screening_000038,A,4,2,I,Y,IA4Y,3.8207,260.0665,263.8871,1BRS.pdb,screening_000038|IA4Y
screening_000039,A,5,3,N,A,NA5A,1.136,260.0665,261.2025,1BRS.pdb,screening_000039|NA5A
screening_000040,A,5,3,N,C,NA5C,2.9915,260.0665,263.0579,1BRS.pdb,screening_000040|NA5C
screening_000041,A,5,3,N,D,NA5D,2.0111,260.0665,262.0776,1BRS.pdb,screening_000041|NA5D
screening_000042,A,5,3,N,E,NA5E,9.0398,260.0665,269.1062,1BRS.pdb,screening_000042|NA5E
screening_000043,A,5,3,N,F,NA5F,43.9172,260.0665,303.9837,1BRS.pdb,screening_000043|NA5F
screening_000044,A,5,3,N,G,NA5G,3.7788,260.0665,263.8453,1BRS.pdb,screening_000044|NA5G
screening_000045,A,5,3,N,H,NA5H,3.3564,260.0665,263.4228,1BRS.pdb,screening_000045|NA5H
screening_000046,A,5,3,N,I,NA5I,4.2258,260.0665,264.2923,1BRS.pdb,screening_000046|NA5I
screening_000047,A,5,3,N,K,NA5K,10.3711,260.0665,270.4376,1BRS.pdb,screening_000047|NA5K
screening_000048,A,5,3,N,L,NA5L,28.9172,260.0665,288.9836,1BRS.pdb,screening_000048|NA5L
screening_000049,A,5,3,N,M,NA5M,36.0061,260.0665,296.0726,1BRS.pdb,screening_000049|NA5M
screening_000050,A,5,3,N,P,NA5P,234.9866,260.0665,495.053,1BRS.pdb,screening_000050|NA5P
screening_000051,A,5,3,N,Q,NA5Q,5.7579,260.0665,265.8244,1BRS.pdb,screening_000051|NA5Q
screening_000052,A,5,3,N,R,NA5R,28.6731,260.0665,288.7396,1BRS.pdb,screening_000052|NA5R
screening_000053,A,5,3,N,S,NA5S,1.255,260.0665,261.3215,1BRS.pdb,screening_000053|NA5S
screening_000054,A,5,3,N,T,NA5T,2.3286,260.0665,262.395,1BRS.pdb,screening_000054|NA5T
screening_000055,A,5,3,N,V,NA5V,3.8202,260.0665,263.8867,1BRS.pdb,screening_000055|NA5V
screening_000056,A,5,3,N,W,NA5W,59.7655,260.0665,319.8319,1BRS.pdb,screening_000056|NA5W
screening_000057,A,5,3,N,Y,NA5Y,54.5881,260.0665,314.6545,1BRS.pdb,screening_000057|NA5Y
screening_000058,A,6,4,T,A,TA6A,1.9843,260.0665,262.0507,1BRS.pdb,screening_000058|TA6A
screening_000059,A,6,4,T,C,TA6C,3.389,260.0665,263.4555,1BRS.pdb,screening_000059|TA6C
screening_000060,A,6,4,T,D,TA6D,-0.0173,260.0665,260.0492,1BRS.pdb,screening_000060|TA6D
screening_000061,A,6,4,T,E,TA6E,5.3306,260.0665,265.3971,1BRS.pdb,screening_000061|TA6E
screening_000062,A,6,4,T,F,TA6F,115.4825,260.0665,375.549,1BRS.pdb,screening_000062|TA6F
screening_000063,A,6,4,T,G,TA6G,2.9309,260.0665,262.9974,1BRS.pdb,screening_000063|TA6G
screening_000064,A,6,4,T,H,TA6H,2.2514,260.0665,262.3178,1BRS.pdb,screening_000064|TA6H
screening_000065,A,6,4,T,I,TA6I,5.5798,260.0665,265.6463,1BRS.pdb,screening_000065|TA6I
screening_000066,A,6,4,T,K,TA6K,1.9884,260.0665,262.0549,1BRS.pdb,screening_000066|TA6K
screening_000067,A,6,4,T,L,TA6L,5.3736,260.0665,265.4401,1BRS.pdb,screening_000067|TA6L
screening_000068,A,6,4,T,M,TA6M,1.8722,260.0665,261.9386,1BRS.pdb,screening_000068|TA6M
screening_000069,A,6,4,T,N,TA6N,0.7023,260.0665,260.7688,1BRS.pdb,screening_000069|TA6N
screening_000070,A,6,4,T,P,TA6P,45.3503,260.0665,305.4168,1BRS.pdb,screening_000070|TA6P
screening_000071,A,6,4,T,Q,TA6Q,-0.0263,260.0665,260.0401,1BRS.pdb,screening_000071|TA6Q
screening_000072,A,6,4,T,R,TA6R,0.5295,260.0665,260.596,1BRS.pdb,screening_000072|TA6R
screening_000073,A,6,4,T,S,TA6S,-0.8816,260.0665,259.1848,1BRS.pdb,screening_000073|TA6S
screening_000074,A,6,4,T,V,TA6V,5.3817,260.0665,265.4482,1BRS.pdb,screening_000074|TA6V
screening_000075,A,6,4,T,W,TA6W,41.2913,260.0665,301.3578,1BRS.pdb,screening_000075|TA6W
screening_000076,A,6,4,T,Y,TA6Y,89.3701,260.0665,349.4365,1BRS.pdb,screening_000076|TA6Y
screening_000077,A,7,5,F,A,FA7A,4.7995,260.0665,264.8659,1BRS.pdb,screening_000077|FA7A
screening_000078,A,7,5,F,C,FA7C,6.3911,260.0665,266.4575,1BRS.pdb,screening_000078|FA7C
screening_000079,A,7,5,F,D,FA7D,4.0183,260.0665,264.0848,1BRS.pdb,screening_000079|FA7D
screening_000080,A,7,5,F,E,FA7E,5.0736,260.0665,265.14,1BRS.pdb,screening_000080|FA7E
screening_000081,A,7,5,F,G,FA7G,6.6263,260.0665,266.6928,1BRS.pdb,screening_000081|FA7G
screening_000082,A,7,5,F,H,FA7H,3.7209,260.0665,263.7874,1BRS.pdb,screening_000082|FA7H
screening_000083,A,7,5,F,I,FA7I,7.7226,260.0665,267.7891,1BRS.pdb,screening_000083|FA7I
screening_000084,A,7,5,F,K,FA7K,40.8139,260.0665,300.8803,1BRS.pdb,screening_000084|FA7K
screening_000085,A,7,5,F,L,FA7L,35.9812,260.0665,296.0477,1BRS.pdb,screening_000085|FA7L
screening_000086,A,7,5,F,M,FA7M,2.2711,260.0665,262.3375,1BRS.pdb,screening_000086|FA7M
screening_000087,A,7,5,F,N,FA7N,5.6452,260.0665,265.7116,1BRS.pdb,screening_000087|FA7N
screening_000088,A,7,5,F,P,FA7P,2.8679,260.0665,262.9344,1BRS.pdb,screening_000088|FA7P
screening_000089,A,7,5,F,Q,FA7Q,5.7542,260.0665,265.8207,1BRS.pdb,screening_000089|FA7Q
screening_000090,A,7,5,F,R,FA7R,113.1418,260.0665,373.2082,1BRS.pdb,screening_000090|FA7R
screening_000091,A,7,5,F,S,FA7S,5.0542,260.0665,265.1206,1BRS.pdb,screening_000091|FA7S
screening_000092,A,7,5,F,T,FA7T,6.1489,260.0665,266.2153,1BRS.pdb,screening_000092|FA7T
screening_000093,A,7,5,F,V,FA7V,7.4452,260.0665,267.5117,1BRS.pdb,screening_000093|FA7V
screening_000094,A,7,5,F,W,FA7W,304.7621,260.0665,564.8286,1BRS.pdb,screening_000094|FA7W
screening_000095,A,7,5,F,Y,FA7Y,5.9622,260.0665,266.0287,1BRS.pdb,screening_000095|FA7Y
screening_000096,A,8,6,D,A,DA8A,3.0263,260.0665,263.0928,1BRS.pdb,screening_000096|DA8A
screening_000097,A,8,6,D,C,DA8C,5.1462,260.0665,265.2126,1BRS.pdb,screening_000097|DA8C
screening_000098,A,8,6,D,E,DA8E,0.6199,260.0665,260.6863,1BRS.pdb,screening_000098|DA8E
screening_000099,A,8,6,D,F,DA8F,22.2543,260.0665,282.3207,1BRS.pdb,screening_000099|DA8F
screening_000100,A,8,6,D,G,DA8G,4.421,260.0665,264.4874,1BRS.pdb,screening_000100|DA8G
screening_000101,A,8,6,D,H,DA8H,3.0599,260.0665,263.1264,1BRS.pdb,screening_000101|DA8H
screening_000102,A,8,6,D,I,DA8I,2.9817,260.0665,263.0482,1BRS.pdb,screening_000102|DA8I
screening_000103,A,8,6,D,K,DA8K,2.256,260.0665,262.3225,1BRS.pdb,screening_000103|DA8K
screening_000104,A,8,6,D,L,DA8L,6.3854,260.0665,266.4518,1BRS.pdb,screening_000104|DA8L
screening_000105,A,8,6,D,M,DA8M,3.4905,260.0665,263.557,1BRS.pdb,screening_000105|DA8M
screening_000106,A,8,6,D,N,DA8N,1.9592,260.0665,262.0256,1BRS.pdb,screening_000106|DA8N
screening_000107,A,8,6,D,P,DA8P,20.9034,260.0665,280.9699,1BRS.pdb,screening_000107|DA8P
screening_000108,A,8,6,D,Q,DA8Q,3.263,260.0665,263.3295,1BRS.pdb,screening_000108|DA8Q
screening_000109,A,8,6,D,R,DA8R,4.7171,260.0665,264.7835,1BRS.pdb,screening_000109|DA8R
screening_000110,A,8,6,D,S,DA8S,2.6949,260.0665,262.7614,1BRS.pdb,screening_000110|DA8S
screening_000111,A,8,6,D,T,DA8T,3.2781,260.0665,263.3446,1BRS.pdb,screening_000111|DA8T
screening_000112,A,8,6,D,V,DA8V,3.0024,260.0665,263.0688,1BRS.pdb,screening_000112|DA8V
screening_000113,A,8,6,D,W,DA8W,26.5395,260.0665,286.606,1BRS.pdb,screening_000113|DA8W
screening_000114,A,8,6,D,Y,DA8Y,52.3801,260.0665,312.4466,1BRS.pdb,screening_000114|DA8Y
screening_000115,A,9,7,G,A,GA9A,20.8812,260.0665,280.9477,1BRS.pdb,screening_000115|GA9A
screening_000116,A,9,7,G,C,GA9C,32.0993,260.0665,292.1658,1BRS.pdb,screening_000116|GA9C
screening_000117,A,9,7,G,D,GA9D,32.6044,260.0665,292.6709,1BRS.pdb,screening_000117|GA9D
screening_000118,A,9,7,G,E,GA9E,30.1024,260.0665,290.1688,1BRS.pdb,screening_000118|GA9E
screening_000119,A,9,7,G,F,GA9F,78.0301,260.0665,338.0966,1BRS.pdb,screening_000119|GA9F
screening_000120,A,9,7,G,H,GA9H,31.493,260.0665,291.5595,1BRS.pdb,screening_000120|GA9H
screening_000121,A,9,7,G,I,GA9I,261.5372,260.0665,521.6037,1BRS.pdb,screening_000121|GA9I
screening_000122,A,9,7,G,K,GA9K,29.0007,260.0665,289.0672,1BRS.pdb,screening_000122|GA9K
screening_000123,A,9,7,G,L,GA9L,27.9306,260.0665,287.9971,1BRS.pdb,screening_000123|GA9L
screening_000124,A,9,7,G,M,GA9M,27.0423,260.0665,287.1088,1BRS.pdb,screening_000124|GA9M
screening_000125,A,9,7,G,N,GA9N,31.1311,260.0665,291.1976,1BRS.pdb,screening_000125|GA9N
screening_000126,A,9,7,G,P,GA9P,293.0569,260.0665,553.1234,1BRS.pdb,screening_000126|GA9P
screening_000127,A,9,7,G,Q,GA9Q,28.3457,260.0665,288.4121,1BRS.pdb,screening_000127|GA9Q
screening_000128,A,9,7,G,R,GA9R,31.0074,260.0665,291.0739,1BRS.pdb,screening_000128|GA9R
screening_000129,A,9,7,G,S,GA9S,25.847,260.0665,285.9135,1BRS.pdb,screening_000129|GA9S
screening_000130,A,9,7,G,T,GA9T,229.2471,260.0665,489.3135,1BRS.pdb,screening_000130|GA9T
screening_000131,A,9,7,G,V,GA9V,271.6855,260.0665,531.7519,1BRS.pdb,screening_000131|GA9V
screening_000132,A,9,7,G,W,GA9W,38.3029,260.0665,298.3694,1BRS.pdb,screening_000132|GA9W
screening_000133,A,9,7,G,Y,GA9Y,45.6445,260.0665,305.7109,1BRS.pdb,screening_000133|GA9Y
screening_000134,A,10,8,V,A,VA10A,5.0238,260.0665,265.0902,1BRS.pdb,screening_000134|VA10A
screening_000135,A,10,8,V,C,VA10C,5.4822,260.0665,265.5486,1BRS.pdb,screening_000135|VA10C
screening_000136,A,10,8,V,D,VA10D,7.268,260.0665,267.3344,1BRS.pdb,screening_000136|VA10D
screening_000137,A,10,8,V,E,VA10E,18.1992,260.0665,278.2657,1BRS.pdb,screening_000137|VA10E
screening_000138,A,10,8,V,F,VA10F,611.8882,260.0665,871.9547,1BRS.pdb,screening_000138|VA10F
screening_000139,A,10,8,V,G,VA10G,9.9719,260.0665,270.0383,1BRS.pdb,screening_000139|VA10G
screening_000140,A,10,8,V,H,VA10H,200.8801,260.0665,460.9465,1BRS.pdb,screening_000140|VA10H
screening_000141,A,10,8,V,I,VA10I,42.9419,260.0665,303.0083,1BRS.pdb,screening_000141|VA10I
screening_000142,A,10,8,V,K,VA10K,178.7509,260.0665,438.8174,1BRS.pdb,screening_000142|VA10K
screening_000143,A,10,8,V,L,VA10L,48.8657,260.0665,308.9321,1BRS.pdb,screening_000143|VA10L
screening_000144,A,10,8,V,M,VA10M,208.9393,260.0665,469.0058,1BRS.pdb,screening_000144|VA10M
screening_000145,A,10,8,V,N,VA10N,9.2806,260.0665,269.347,1BRS.pdb,screening_000145|VA10N
screening_000146,A,10,8,V,P,VA10P,183.1439,260.0665,443.2104,1BRS.pdb,screening_000146|VA10P
screening_000147,A,10,8,V,Q,VA10Q,35.7384,260.0665,295.8049,1BRS.pdb,screening_000147|VA10Q
screening_000148,A,10,8,V,R,VA10R,433.2502,260.0665,693.3167,1BRS.pdb,screening_000148|VA10R
screening_000149,A,10,8,V,S,VA10S,7.1909,260.0665,267.2574,1BRS.pdb,screening_000149|VA10S
screening_000150,A,10,8,V,T,VA10T,3.7717,260.0665,263.8381,1BRS.pdb,screening_000150|VA10T
screening_000151,A,10,8,V,W,VA10W,868.412,260.0665,1128.4784,1BRS.pdb,screening_000151|VA10W
screening_000152,A,10,8,V,Y,VA10Y,688.3577,260.0665,948.4241,1BRS.pdb,screening_000152|VA10Y
screening_000153,A,11,9,A,C,AA11C,59.6029,260.0665,319.6694,1BRS.pdb,screening_000153|AA11C
screening_000154,A,11,9,A,D,AA11D,80.0192,260.0665,340.0856,1BRS.pdb,screening_000154|AA11D
screening_000155,A,11,9,A,E,AA11E,255.46,260.0665,515.5265,1BRS.pdb,screening_000155|AA11E
screening_000156,A,11,9,A,F,AA11F,856.6584,260.0665,1116.7249,1BRS.pdb,screening_000156|AA11F
screening_000157,A,11,9,A,G,AA11G,5.6802,260.0665,265.7466,1BRS.pdb,screening_000157|AA11G
screening_000158,A,11,9,A,H,AA11H,617.7915,260.0665,877.858,1BRS.pdb,screening_000158|AA11H
screening_000159,A,11,9,A,I,AA11I,390.7257,260.0665,650.7922,1BRS.pdb,screening_000159|AA11I
screening_000160,A,11,9,A,K,AA11K,606.7847,260.0665,866.8512,1BRS.pdb,screening_000160|AA11K
screening_000161,A,11,9,A,L,AA11L,549.8011,260.0665,809.8675,1BRS.pdb,screening_000161|AA11L
screening_000162,A,11,9,A,M,AA11M,686.5179,260.0665,946.5844,1BRS.pdb,screening_000162|AA11M
screening_000163,A,11,9,A,N,AA11N,123.382,260.0665,383.4485,1BRS.pdb,screening_000163|AA11N
screening_000164,A,11,9,A,P,AA11P,400.1764,260.0665,660.2429,1BRS.pdb,screening_000164|AA11P
screening_000165,A,11,9,A,Q,AA11Q,397.0021,260.0665,657.0686,1BRS.pdb,screening_000165|AA11Q
screening_000166,A,11,9,A,R,AA11R,633.8796,260.0665,893.946,1BRS.pdb,screening_000166|AA11R
screening_000167,A,11,9,A,S,AA11S,4.4234,260.0665,264.4899,1BRS.pdb,screening_000167|AA11S
screening_000168,A,11,9,A,T,AA11T,28.4354,260.0665,288.5018,1BRS.pdb,screening_000168|AA11T
screening_000169,A,11,9,A,V,AA11V,110.2987,260.0665,370.3652,1BRS.pdb,screening_000169|AA11V
screening_000170,A,11,9,A,W,AA11W,1255.8057,260.0665,1515.8721,1BRS.pdb,screening_000170|AA11W
screening_000171,A,11,9,A,Y,AA11Y,869.2112,260.0665,1129.2776,1BRS.pdb,screening_000171|AA11Y
screening_000172,A,12,10,D,A,DA12A,1.0971,260.0665,261.1636,1BRS.pdb,screening_000172|DA12A
screening_000173,A,12,10,D,C,DA12C,3.0642,260.0665,263.1307,1BRS.pdb,screening_000173|DA12C
screening_000174,A,12,10,D,E,DA12E,1.3682,260.0665,261.4346,1BRS.pdb,screening_000174|DA12E
screening_000175,A,12,10,D,F,DA12F,3.4715,260.0665,263.5379,1BRS.pdb,screening_000175|DA12F
screening_000176,A,12,10,D,G,DA12G,2.899,260.0665,262.9655,1BRS.pdb,screening_000176|DA12G
screening_000177,A,12,10,D,H,DA12H,2.6588,260.0665,262.7252,1BRS.pdb,screening_000177|DA12H
screening_000178,A,12,10,D,I,DA12I,2.2026,260.0665,262.269,1BRS.pdb,screening_000178|DA12I
screening_000179,A,12,10,D,K,DA12K,1.1093,260.0665,261.1757,1BRS.pdb,screening_000179|DA12K
screening_000180,A,12,10,D,L,DA12L,1.1816,260.0665,261.248,1BRS.pdb,screening_000180|DA12L
screening_000181,A,12,10,D,M,DA12M,2.9415,260.0665,263.0079,1BRS.pdb,screening_000181|DA12M
screening_000182,A,12,10,D,N,DA12N,-0.1849,260.0665,259.8816,1BRS.pdb,screening_000182|DA12N
screening_000183,A,12,10,D,P,DA12P,360.5212,260.0665,620.5877,1BRS.pdb,screening_000183|DA12P
screening_000184,A,12,10,D,Q,DA12Q,1.4599,260.0665,261.5264,1BRS.pdb,screening_000184|DA12Q
screening_000185,A,12,10,D,R,DA12R,2.3897,260.0665,262.4562,1BRS.pdb,screening_000185|DA12R
screening_000186,A,12,10,D,S,DA12S,0.3758,260.0665,260.4423,1BRS.pdb,screening_000186|DA12S
screening_000187,A,12,10,D,T,DA12T,0.4863,260.0665,260.5527,1BRS.pdb,screening_000187|DA12T
screening_000188,A,12,10,D,V,DA12V,4.1443,260.0665,264.2107,1BRS.pdb,screening_000188|DA12V
screening_000189,A,12,10,D,W,DA12W,2.2681,260.0665,262.3345,1BRS.pdb,screening_000189|DA12W
screening_000190,A,12,10,D,Y,DA12Y,2.8653,260.0665,262.9317,1BRS.pdb,screening_000190|DA12Y
screening_000191,A,13,11,Y,A,YA13A,4.0863,260.0665,264.1528,1BRS.pdb,screening_000191|YA13A
screening_000192,A,13,11,Y,C,YA13C,5.6942,260.0665,265.7607,1BRS.pdb,screening_000192|YA13C
screening_000193,A,13,11,Y,D,YA13D,8.2972,260.0665,268.3637,1BRS.pdb,screening_000193|YA13D
screening_000194,A,13,11,Y,E,YA13E,10.3464,260.0665,270.4128,1BRS.pdb,screening_000194|YA13E
screening_000195,A,13,11,Y,F,YA13F,40.0683,260.0665,300.1348,1BRS.pdb,screening_000195|YA13F
screening_000196,A,13,11,Y,G,YA13G,7.6067,260.0665,267.6732,1BRS.pdb,screening_000196|YA13G
screening_000197,A,13,11,Y,H,YA13H,4.6436,260.0665,264.71,1BRS.pdb,screening_000197|YA13H
screening_000198,A,13,11,Y,I,YA13I,18.7924,260.0665,278.8588,1BRS.pdb,screening_000198|YA13I
screening_000199,A,13,11,Y,K,YA13K,14.8931,260.0665,274.9595,1BRS.pdb,screening_000199|YA13K
screening_000200,A,13,11,Y,L,YA13L,52.9578,260.0665,313.0242,1BRS.pdb,screening_000200|YA13L
screening_000201,A,13,11,Y,M,YA13M,8.7763,260.0665,268.8428,1BRS.pdb,screening_000201|YA13M
screening_000202,A,13,11,Y,N,YA13N,6.7657,260.0665,266.8322,1BRS.pdb,screening_000202|YA13N
screening_000203,A,13,11,Y,P,YA13P,338.612,260.0665,598.6785,1BRS.pdb,screening_000203|YA13P
screening_000204,A,13,11,Y,Q,YA13Q,10.8183,260.0665,270.8847,1BRS.pdb,screening_000204|YA13Q
screening_000205,A,13,11,Y,R,YA13R,29.7089,260.0665,289.7753,1BRS.pdb,screening_000205|YA13R
screening_000206,A,13,11,Y,S,YA13S,4.8361,260.0665,264.9026,1BRS.pdb,screening_000206|YA13S
screening_000207,A,13,11,Y,T,YA13T,2.7083,260.0665,262.7748,1BRS.pdb,screening_000207|YA13T
screening_000208,A,13,11,Y,V,YA13V,16.2802,260.0665,276.3466,1BRS.pdb,screening_000208|YA13V
screening_000209,A,13,11,Y,W,YA13W,7.4546,260.0665,267.5211,1BRS.pdb,screening_000209|YA13W
screening_000210,A,14,12,L,A,LA14A,7.888,260.0665,267.9545,1BRS.pdb,screening_000210|LA14A
screening_000211,A,14,12,L,C,LA14C,7.8753,260.0665,267.9417,1BRS.pdb,screening_000211|LA14C
screening_000212,A,14,12,L,D,LA14D,9.9201,260.0665,269.9866,1BRS.pdb,screening_000212|LA14D
screening_000213,A,14,12,L,E,LA14E,7.7605,260.0665,267.8269,1BRS.pdb,screening_000213|LA14E
screening_000214,A,14,12,L,F,LA14F,456.6838,260.0665,716.7503,1BRS.pdb,screening_000214|LA14F
screening_000215,A,14,12,L,G,LA14G,11.4796,260.0665,271.5461,1BRS.pdb,screening_000215|LA14G
screening_000216,A,14,12,L,H,LA14H,127.5094,260.0665,387.5759,1BRS.pdb,screening_000216|LA14H
screening_000217,A,14,12,L,I,LA14I,11.9308,260.0665,271.9972,1BRS.pdb,screening_000217|LA14I
screening_000218,A,14,12,L,K,LA14K,41.5776,260.0665,301.644,1BRS.pdb,screening_000218|LA14K
screening_000219,A,14,12,L,M,LA14M,8.0743,260.0665,268.1408,1BRS.pdb,screening_000219|LA14M
screening_000220,A,14,12,L,N,LA14N,7.3003,260.0665,267.3668,1BRS.pdb,screening_000220|LA14N
screening_000221,A,14,12,L,P,LA14P,302.463,260.0665,562.5295,1BRS.pdb,screening_000221|LA14P
screening_000222,A,14,12,L,Q,LA14Q,6.3304,260.0665,266.3968,1BRS.pdb,screening_000222|LA14Q
screening_000223,A,14,12,L,R,LA14R,33.4366,260.0665,293.5031,1BRS.pdb,screening_000223|LA14R
screening_000224,A,14,12,L,S,LA14S,8.941,260.0665,269.0075,1BRS.pdb,screening_000224|LA14S
screening_000225,A,14,12,L,T,LA14T,16.0605,260.0665,276.1269,1BRS.pdb,screening_000225|LA14T
screening_000226,A,14,12,L,V,LA14V,15.3338,260.0665,275.4002,1BRS.pdb,screening_000226|LA14V
screening_000227,A,14,12,L,W,LA14W,488.4036,260.0665,748.4701,1BRS.pdb,screening_000227|LA14W
screening_000228,A,14,12,L,Y,LA14Y,698.1015,260.0665,958.168,1BRS.pdb,screening_000228|LA14Y
screening_000229,A,15,13,Q,A,QA15A,-0.3306,260.0665,259.7358,1BRS.pdb,screening_000229|QA15A
screening_000230,A,15,13,Q,C,QA15C,1.3073,260.0665,261.3737,1BRS.pdb,screening_000230|QA15C
screening_000231,A,15,13,Q,D,QA15D,1.5285,260.0665,261.5949,1BRS.pdb,screening_000231|QA15D
screening_000232,A,15,13,Q,E,QA15E,0.9967,260.0665,261.0631,1BRS.pdb,screening_000232|QA15E
screening_000233,A,15,13,Q,F,QA15F,3.2221,260.0665,263.2885,1BRS.pdb,screening_000233|QA15F
screening_000234,A,15,13,Q,G,QA15G,1.9803,260.0665,262.0467,1BRS.pdb,screening_000234|QA15G
screening_000235,A,15,13,Q,H,QA15H,2.2549,260.0665,262.3213,1BRS.pdb,screening_000235|QA15H
screening_000236,A,15,13,Q,I,QA15I,1.5483,260.0665,261.6147,1BRS.pdb,screening_000236|QA15I
screening_000237,A,15,13,Q,K,QA15K,-0.4719,260.0665,259.5946,1BRS.pdb,screening_000237|QA15K
screening_000238,A,15,13,Q,L,QA15L,1.0217,260.0665,261.0882,1BRS.pdb,screening_000238|QA15L
screening_000239,A,15,13,Q,M,QA15M,-0.022,260.0665,260.0445,1BRS.pdb,screening_000239|QA15M
screening_000240,A,15,13,Q,N,QA15N,1.9342,260.0665,262.0006,1BRS.pdb,screening_000240|QA15N
screening_000241,A,15,13,Q,P,QA15P,169.3476,260.0665,429.414,1BRS.pdb,screening_000241|QA15P
screening_000242,A,15,13,Q,R,QA15R,1.4008,260.0665,261.4673,1BRS.pdb,screening_000242|QA15R
screening_000243,A,15,13,Q,S,QA15S,0.0366,260.0665,260.103,1BRS.pdb,screening_000243|QA15S
screening_000244,A,15,13,Q,T,QA15T,0.7305,260.0665,260.797,1BRS.pdb,screening_000244|QA15T
screening_000245,A,15,13,Q,V,QA15V,0.7387,260.0665,260.8051,1BRS.pdb,screening_000245|QA15V
screening_000246,A,15,13,Q,W,QA15W,3.8077,260.0665,263.8742,1BRS.pdb,screening_000246|QA15W
screening_000247,A,15,13,Q,Y,QA15Y,2.5319,260.0665,262.5983,1BRS.pdb,screening_000247|QA15Y
screening_000248,A,16,14,T,A,TA16A,-1.9285,260.0665,258.138,1BRS.pdb,screening_000248|TA16A
screening_000249,A,16,14,T,C,TA16C,0.6524,260.0665,260.7188,1BRS.pdb,screening_000249|TA16C
screening_000250,A,16,14,T,D,TA16D,-0.9039,260.0665,259.1625,1BRS.pdb,screening_000250|TA16D
screening_000251,A,16,14,T,E,TA16E,-1.3853,260.0665,258.6811,1BRS.pdb,screening_000251|TA16E
screening_000252,A,16,14,T,F,TA16F,-0.3503,260.0665,259.7162,1BRS.pdb,screening_000252|TA16F
screening_000253,A,16,14,T,G,TA16G,1.1184,260.0665,261.1849,1BRS.pdb,screening_000253|TA16G
screening_000254,A,16,14,T,H,TA16H,-1.121,260.0665,258.9454,1BRS.pdb,screening_000254|TA16H
screening_000255,A,16,14,T,I,TA16I,-3.2961,260.0665,256.7703,1BRS.pdb,screening_000255|TA16I
screening_000256,A,16,14,T,K,TA16K,-2.6534,260.0665,257.413,1BRS.pdb,screening_000256|TA16K
screening_000257,A,16,14,T,L,TA16L,-2.0709,260.0665,257.9956,1BRS.pdb,screening_000257|TA16L
screening_000258,A,16,14,T,M,TA16M,-0.6817,260.0665,259.3847,1BRS.pdb,screening_000258|TA16M
screening_000259,A,16,14,T,N,TA16N,-2.1475,260.0665,257.919,1BRS.pdb,screening_000259|TA16N
screening_000260,A,16,14,T,P,TA16P,340.8587,260.0665,600.9252,1BRS.pdb,screening_000260|TA16P
screening_000261,A,16,14,T,Q,TA16Q,-1.9189,260.0665,258.1476,1BRS.pdb,screening_000261|TA16Q
screening_000262,A,16,14,T,R,TA16R,-1.9136,260.0665,258.1529,1BRS.pdb,screening_000262|TA16R
screening_000263,A,16,14,T,S,TA16S,-1.7727,260.0665,258.2938,1BRS.pdb,screening_000263|TA16S
screening_000264,A,16,14,T,V,TA16V,-1.2719,260.0665,258.7946,1BRS.pdb,screening_000264|TA16V
screening_000265,A,16,14,T,W,TA16W,-0.3749,260.0665,259.6916,1BRS.pdb,screening_000265|TA16W
screening_000266,A,16,14,T,Y,TA16Y,-0.9913,260.0665,259.0752,1BRS.pdb,screening_000266|TA16Y
screening_000267,A,17,15,Y,A,YA17A,3.8754,260.0665,263.9419,1BRS.pdb,screening_000267|YA17A
screening_000268,A,17,15,Y,C,YA17C,4.5201,260.0665,264.5865,1BRS.pdb,screening_000268|YA17C
screening_000269,A,17,15,Y,D,YA17D,4.364,260.0665,264.4304,1BRS.pdb,screening_000269|YA17D
screening_000270,A,17,15,Y,E,YA17E,3.2911,260.0665,263.3576,1BRS.pdb,screening_000270|YA17E
screening_000271,A,17,15,Y,F,YA17F,0.6534,260.0665,260.7198,1BRS.pdb,screening_000271|YA17F
screening_000272,A,17,15,Y,G,YA17G,6.3188,260.0665,266.3853,1BRS.pdb,screening_000272|YA17G
screening_000273,A,17,15,Y,H,YA17H,0.964,260.0665,261.0305,1BRS.pdb,screening_000273|YA17H
screening_000274,A,17,15,Y,I,YA17I,55.7566,260.0665,315.823,1BRS.pdb,screening_000274|YA17I
screening_000275,A,17,15,Y,K,YA17K,2.3487,260.0665,262.4151,1BRS.pdb,screening_000275|YA17K
screening_000276,A,17,15,Y,L,YA17L,9.621,260.0665,269.6874,1BRS.pdb,screening_000276|YA17L
screening_000277,A,17,15,Y,M,YA17M,4.7627,260.0665,264.8291,1BRS.pdb,screening_000277|YA17M
screening_000278,A,17,15,Y,N,YA17N,2.5897,260.0665,262.6561,1BRS.pdb,screening_000278|YA17N
screening_000279,A,17,15,Y,P,YA17P,382.3995,260.0665,642.466,1BRS.pdb,screening_000279|YA17P
screening_000280,A,17,15,Y,Q,YA17Q,3.1076,260.0665,263.174,1BRS.pdb,screening_000280|YA17Q
screening_000281,A,17,15,Y,R,YA17R,3.8903,260.0665,263.9568,1BRS.pdb,screening_000281|YA17R
screening_000282,A,17,15,Y,S,YA17S,4.0305,260.0665,264.0969,1BRS.pdb,screening_000282|YA17S
screening_000283,A,17,15,Y,T,YA17T,3.5705,260.0665,263.6369,1BRS.pdb,screening_000283|YA17T
screening_000284,A,17,15,Y,V,YA17V,63.6806,260.0665,323.7471,1BRS.pdb,screening_000284|YA17V
screening_000285,A,17,15,Y,W,YA17W,3.402,260.0665,263.4684,1BRS.pdb,screening_000285|YA17W
screening_000286,A,18,16,H,A,HA18A,-7.2111,260.0665,252.8553,1BRS.pdb,screening_000286|HA18A
screening_000287,A,18,16,H,C,HA18C,-6.5195,260.0665,253.5469,1BRS.pdb,screening_000287|HA18C
screening_000288,A,18,16,H,D,HA18D,-6.2094,260.0665,253.857,1BRS.pdb,screening_000288|HA18D
screening_000289,A,18,16,H,E,HA18E,-8.5556,260.0665,251.5109,1BRS.pdb,screening_000289|HA18E
screening_000290,A,18,16,H,F,HA18F,-6.0801,260.0665,253.9864,1BRS.pdb,screening_000290|HA18F
screening_000291,A,18,16,H,G,HA18G,-6.4979,260.0665,253.5686,1BRS.pdb,screening_000291|HA18G
screening_000292,A,18,16,H,I,HA18I,27.1169,260.0665,287.1833,1BRS.pdb,screening_000292|HA18I
screening_000293,A,18,16,H,K,HA18K,-9.5804,260.0665,250.4861,1BRS.pdb,screening_000293|HA18K
screening_000294,A,18,16,H,L,HA18L,-7.189,260.0665,252.8775,1BRS.pdb,screening_000294|HA18L
screening_000295,A,18,16,H,M,HA18M,-6.124,260.0665,253.9424,1BRS.pdb,screening_000295|HA18M
screening_000296,A,18,16,H,N,HA18N,-9.7317,260.0665,250.3348,1BRS.pdb,screening_000296|HA18N
screening_000297,A,18,16,H,P,HA18P,398.0714,260.0665,658.1379,1BRS.pdb,screening_000297|HA18P
screening_000298,A,18,16,H,Q,HA18Q,-9.1522,260.0665,250.9142,1BRS.pdb,screening_000298|HA18Q
screening_000299,A,18,16,H,R,HA18R,-8.643,260.0665,251.4235,1BRS.pdb,screening_000299|HA18R
screening_000300,A,18,16,H,S,HA18S,-7.6746,260.0665,252.3919,1BRS.pdb,screening_000300|HA18S
screening_000301,A,18,16,H,T,HA18T,-5.2852,260.0665,254.7813,1BRS.pdb,screening_000301|HA18T
screening_000302,A,18,16,H,V,HA18V,46.8419,260.0665,306.9084,1BRS.pdb,screening_000302|HA18V
screening_000303,A,18,16,H,W,HA18W,-5.5589,260.0665,254.5075,1BRS.pdb,screening_000303|HA18W
screening_000304,A,18,16,H,Y,HA18Y,-7.9031,260.0665,252.1634,1BRS.pdb,screening_000304|HA18Y
screening_000305,A,19,17,K,A,KA19A,-1.2099,260.0665,258.8566,1BRS.pdb,screening_000305|KA19A
screening_000306,A,19,17,K,C,KA19C,-0.9158,260.0665,259.1507,1BRS.pdb,screening_000306|KA19C
screening_000307,A,19,17,K,D,KA19D,-1.6265,260.0665,258.44,1BRS.pdb,screening_000307|KA19D
screening_000308,A,19,17,K,E,KA19E,-0.2867,260.0665,259.7797,1BRS.pdb,screening_000308|KA19E
screening_000309,A,19,17,K,F,KA19F,57.076,260.0665,317.1424,1BRS.pdb,screening_000309|KA19F
screening_000310,A,19,17,K,G,KA19G,-0.8709,260.0665,259.1955,1BRS.pdb,screening_000310|KA19G
screening_000311,A,19,17,K,H,KA19H,-1.4319,260.0665,258.6345,1BRS.pdb,screening_000311|KA19H
screening_000312,A,19,17,K,I,KA19I,1.6022,260.0665,261.6687,1BRS.pdb,screening_000312|KA19I
screening_000313,A,19,17,K,L,KA19L,3.9647,260.0665,264.0311,1BRS.pdb,screening_000313|KA19L
screening_000314,A,19,17,K,M,KA19M,-0.7568,260.0665,259.3097,1BRS.pdb,screening_000314|KA19M
screening_000315,A,19,17,K,N,KA19N,-0.9837,260.0665,259.0828,1BRS.pdb,screening_000315|KA19N
screening_000316,A,19,17,K,P,KA19P,466.343,260.0665,726.4095,1BRS.pdb,screening_000316|KA19P
screening_000317,A,19,17,K,Q,KA19Q,-1.2319,260.0665,258.8346,1BRS.pdb,screening_000317|KA19Q
screening_000318,A,19,17,K,R,KA19R,-3.2121,260.0665,256.8544,1BRS.pdb,screening_000318|KA19R
screening_000319,A,19,17,K,S,KA19S,-1.9103,260.0665,258.1561,1BRS.pdb,screening_000319|KA19S
screening_000320,A,19,17,K,T,KA19T,-2.0839,260.0665,257.9825,1BRS.pdb,screening_000320|KA19T
screening_000321,A,19,17,K,V,KA19V,1.9888,260.0665,262.0552,1BRS.pdb,screening_000321|KA19V
screening_000322,A,19,17,K,W,KA19W,22.6857,260.0665,282.7521,1BRS.pdb,screening_000322|KA19W
screening_000323,A,19,17,K,Y,KA19Y,49.2515,260.0665,309.3179,1BRS.pdb,screening_000323|KA19Y
screening_000324,A,20,18,L,A,LA20A,6.7311,260.0665,266.7976,1BRS.pdb,screening_000324|LA20A
screening_000325,A,20,18,L,C,LA20C,8.3074,260.0665,268.3738,1BRS.pdb,screening_000325|LA20C
screening_000326,A,20,18,L,D,LA20D,9.5275,260.0665,269.594,1BRS.pdb,screening_000326|LA20D
screening_000327,A,20,18,L,E,LA20E,8.0186,260.0665,268.085,1BRS.pdb,screening_000327|LA20E
screening_000328,A,20,18,L,F,LA20F,30.4402,260.0665,290.5066,1BRS.pdb,screening_000328|LA20F
screening_000329,A,20,18,L,G,LA20G,9.0927,260.0665,269.1592,1BRS.pdb,screening_000329|LA20G
screening_000330,A,20,18,L,H,LA20H,14.5477,260.0665,274.6141,1BRS.pdb,screening_000330|LA20H
screening_000331,A,20,18,L,I,LA20I,56.6264,260.0665,316.6929,1BRS.pdb,screening_000331|LA20I
screening_000332,A,20,18,L,K,LA20K,27.6555,260.0665,287.722,1BRS.pdb,screening_000332|LA20K
screening_000333,A,20,18,L,M,LA20M,8.6186,260.0665,268.6851,1BRS.pdb,screening_000333|LA20M
screening_000334,A,20,18,L,N,LA20N,7.297,260.0665,267.3635,1BRS.pdb,screening_000334|LA20N
screening_000335,A,20,18,L,P,LA20P,5.1076,260.0665,265.1741,1BRS.pdb,screening_000335|LA20P
screening_000336,A,20,18,L,Q,LA20Q,8.0904,260.0665,268.1569,1BRS.pdb,screening_000336|LA20Q
screening_000337,A,20,18,L,R,LA20R,20.4381,260.0665,280.5046,1BRS.pdb,screening_000337|LA20R
screening_000338,A,20,18,L,S,LA20S,6.3221,260.0665,266.3886,1BRS.pdb,screening_000338|LA20S
screening_000339,A,20,18,L,T,LA20T,5.2148,260.0665,265.2813,1BRS.pdb,screening_000339|LA20T
screening_000340,A,20,18,L,V,LA20V,6.4743,260.0665,266.5408,1BRS.pdb,screening_000340|LA20V
screening_000341,A,20,18,L,W,LA20W,15.6727,260.0665,275.7391,1BRS.pdb,screening_000341|LA20W
screening_000342,A,20,18,L,Y,LA20Y,26.4035,260.0665,286.47,1BRS.pdb,screening_000342|LA20Y
screening_000343,A,21,19,P,A,PA21A,-8.22,260.0665,251.8465,1BRS.pdb,screening_000343|PA21A
screening_000344,A,21,19,P,C,PA21C,-1.743,260.0665,258.3235,1BRS.pdb,screening_000344|PA21C
screening_000345,A,21,19,P,D,PA21D,-0.1174,260.0665,259.949,1BRS.pdb,screening_000345|PA21D
screening_000346,A,21,19,P,E,PA21E,19.0045,260.0665,279.071,1BRS.pdb,screening_000346|PA21E
screening_000347,A,21,19,P,F,PA21F,198.7631,260.0665,458.8295,1BRS.pdb,screening_000347|PA21F
screening_000348,A,21,19,P,G,PA21G,-3.8621,260.0665,256.2043,1BRS.pdb,screening_000348|PA21G
screening_000349,A,21,19,P,H,PA21H,6.2647,260.0665,266.3311,1BRS.pdb,screening_000349|PA21H
screening_000350,A,21,19,P,I,PA21I,103.518,260.0665,363.5844,1BRS.pdb,screening_000350|PA21I
screening_000351,A,21,19,P,K,PA21K,32.2365,260.0665,292.3029,1BRS.pdb,screening_000351|PA21K
screening_000352,A,21,19,P,L,PA21L,191.2193,260.0665,451.2858,1BRS.pdb,screening_000352|PA21L
screening_000353,A,21,19,P,M,PA21M,18.8743,260.0665,278.9408,1BRS.pdb,screening_000353|PA21M
screening_000354,A,21,19,P,N,PA21N,2.9398,260.0665,263.0062,1BRS.pdb,screening_000354|PA21N
screening_000355,A,21,19,P,Q,PA21Q,42.9632,260.0665,303.0297,1BRS.pdb,screening_000355|PA21Q
screening_000356,A,21,19,P,R,PA21R,29.4197,260.0665,289.4862,1BRS.pdb,screening_000356|PA21R
screening_000357,A,21,19,P,S,PA21S,-6.7953,260.0665,253.2711,1BRS.pdb,screening_000357|PA21S
screening_000358,A,21,19,P,T,PA21T,0.8855,260.0665,260.9519,1BRS.pdb,screening_000358|PA21T
screening_000359,A,21,19,P,V,PA21V,21.3603,260.0665,281.4268,1BRS.pdb,screening_000359|PA21V
screening_000360,A,21,19,P,W,PA21W,244.5974,260.0665,504.6638,1BRS.pdb,screening_000360|PA21W
screening_000361,A,21,19,P,Y,PA21Y,209.4429,260.0665,469.5094,1BRS.pdb,screening_000361|PA21Y
screening_000362,A,22,20,D,A,DA22A,0.6698,260.0665,260.7363,1BRS.pdb,screening_000362|DA22A
screening_000363,A,22,20,D,C,DA22C,2.815,260.0665,262.8815,1BRS.pdb,screening_000363|DA22C
screening_000364,A,22,20,D,E,DA22E,-0.5189,260.0665,259.5475,1BRS.pdb,screening_000364|DA22E
screening_000365,A,22,20,D,F,DA22F,2.8434,260.0665,262.9098,1BRS.pdb,screening_000365|DA22F
screening_000366,A,22,20,D,G,DA22G,0.9627,260.0665,261.0291,1BRS.pdb,screening_000366|DA22G
screening_000367,A,22,20,D,H,DA22H,0.7313,260.0665,260.7978,1BRS.pdb,screening_000367|DA22H
screening_000368,A,22,20,D,I,DA22I,2.264,260.0665,262.3304,1BRS.pdb,screening_000368|DA22I
screening_000369,A,22,20,D,K,DA22K,-0.0421,260.0665,260.0244,1BRS.pdb,screening_000369|DA22K
screening_000370,A,22,20,D,L,DA22L,1.1666,260.0665,261.2331,1BRS.pdb,screening_000370|DA22L
screening_000371,A,22,20,D,M,DA22M,1.8838,260.0665,261.9502,1BRS.pdb,screening_000371|DA22M
screening_000372,A,22,20,D,N,DA22N,0.1743,260.0665,260.2408,1BRS.pdb,screening_000372|DA22N
screening_000373,A,22,20,D,P,DA22P,2.2052,260.0665,262.2717,1BRS.pdb,screening_000373|DA22P
screening_000374,A,22,20,D,Q,DA22Q,0.1541,260.0665,260.2205,1BRS.pdb,screening_000374|DA22Q
screening_000375,A,22,20,D,R,DA22R,1.3343,260.0665,261.4008,1BRS.pdb,screening_000375|DA22R
screening_000376,A,22,20,D,S,DA22S,-0.9201,260.0665,259.1464,1BRS.pdb,screening_000376|DA22S
screening_000377,A,22,20,D,T,DA22T,0.8553,260.0665,260.9217,1BRS.pdb,screening_000377|DA22T
screening_000378,A,22,20,D,V,DA22V,2.0273,260.0665,262.0937,1BRS.pdb,screening_000378|DA22V
screening_000379,A,22,20,D,W,DA22W,2.1572,260.0665,262.2237,1BRS.pdb,screening_000379|DA22W
screening_000380,A,22,20,D,Y,DA22Y,2.161,260.0665,262.2274,1BRS.pdb,screening_000380|DA22Y
screening_000381,A,23,21,N,A,NA23A,-2.4807,260.0665,257.5858,1BRS.pdb,screening_000381|NA23A
screening_000382,A,23,21,N,C,NA23C,-2.3677,260.0665,257.6988,1BRS.pdb,screening_000382|NA23C
screening_000383,A,23,21,N,D,NA23D,-4.0213,260.0665,256.0452,1BRS.pdb,screening_000383|NA23D
screening_000384,A,23,21,N,E,NA23E,-5.3798,260.0665,254.6866,1BRS.pdb,screening_000384|NA23E
screening_000385,A,23,21,N,F,NA23F,-2.4701,260.0665,257.5964,1BRS.pdb,screening_000385|NA23F
screening_000386,A,23,21,N,G,NA23G,-0.9539,260.0665,259.1125,1BRS.pdb,screening_000386|NA23G
screening_000387,A,23,21,N,H,NA23H,-4.4971,260.0665,255.5693,1BRS.pdb,screening_000387|NA23H
screening_000388,A,23,21,N,I,NA23I,0.862,260.0665,260.9284,1BRS.pdb,screening_000388|NA23I
screening_000389,A,23,21,N,K,NA23K,-1.9139,260.0665,258.1525,1BRS.pdb,screening_000389|NA23K
screening_000390,A,23,21,N,L,NA23L,63.5594,260.0665,323.6258,1BRS.pdb,screening_000390|NA23L
screening_000391,A,23,21,N,M,NA23M,-0.9097,260.0665,259.1567,1BRS.pdb,screening_000391|NA23M
screening_000392,A,23,21,N,P,NA23P,49.843,260.0665,309.9094,1BRS.pdb,screening_000392|NA23P
screening_000393,A,23,21,N,Q,NA23Q,-4.852,260.0665,255.2145,1BRS.pdb,screening_000393|NA23Q
screening_000394,A,23,21,N,R,NA23R,0.1171,260.0665,260.1835,1BRS.pdb,screening_000394|NA23R
screening_000395,A,23,21,N,S,NA23S,-2.6244,260.0665,257.442,1BRS.pdb,screening_000395|NA23S
screening_000396,A,23,21,N,T,NA23T,-2.9593,260.0665,257.1072,1BRS.pdb,screening_000396|NA23T
screening_000397,A,23,21,N,V,NA23V,-4.1373,260.0665,255.9292,1BRS.pdb,screening_000397|NA23V
screening_000398,A,23,21,N,W,NA23W,-2.9792,260.0665,257.0872,1BRS.pdb,screening_000398|NA23W
screening_000399,A,23,21,N,Y,NA23Y,-2.8851,260.0665,257.1813,1BRS.pdb,screening_000399|NA23Y
screening_000400,A,24,22,Y,A,YA24A,6.4919,260.0665,266.5584,1BRS.pdb,screening_000400|YA24A
screening_000401,A,24,22,Y,C,YA24C,5.9079,260.0665,265.9743,1BRS.pdb,screening_000401|YA24C
screening_000402,A,24,22,Y,D,YA24D,9.1851,260.0665,269.2515,1BRS.pdb,screening_000402|YA24D
screening_000403,A,24,22,Y,E,YA24E,12.1645,260.0665,272.2309,1BRS.pdb,screening_000403|YA24E
screening_000404,A,24,22,Y,F,YA24F,14.2164,260.0665,274.2829,1BRS.pdb,screening_000404|YA24F
screening_000405,A,24,22,Y,G,YA24G,10.3522,260.0665,270.4187,1BRS.pdb,screening_000405|YA24G
screening_000406,A,24,22,Y,H,YA24H,2.6462,260.0665,262.7126,1BRS.pdb,screening_000406|YA24H
screening_000407,A,24,22,Y,I,YA24I,33.3198,260.0665,293.3863,1BRS.pdb,screening_000407|YA24I
screening_000408,A,24,22,Y,K,YA24K,7.4779,260.0665,267.5444,1BRS.pdb,screening_000408|YA24K
screening_000409,A,24,22,Y,L,YA24L,139.133,260.0665,399.1995,1BRS.pdb,screening_000409|YA24L
screening_000410,A,24,22,Y,M,YA24M,3.5052,260.0665,263.5716,1BRS.pdb,screening_000410|YA24M
screening_000411,A,24,22,Y,N,YA24N,6.1832,260.0665,266.2496,1BRS.pdb,screening_000411|YA24N
screening_000412,A,24,22,Y,P,YA24P,187.1517,260.0665,447.2181,1BRS.pdb,screening_000412|YA24P
screening_000413,A,24,22,Y,Q,YA24Q,8.6927,260.0665,268.7591,1BRS.pdb,screening_000413|YA24Q
screening_000414,A,24,22,Y,R,YA24R,42.6503,260.0665,302.7168,1BRS.pdb,screening_000414|YA24R
screening_000415,A,24,22,Y,S,YA24S,7.7554,260.0665,267.8218,1BRS.pdb,screening_000415|YA24S
screening_000416,A,24,22,Y,T,YA24T,5.4412,260.0665,265.5076,1BRS.pdb,screening_000416|YA24T
screening_000417,A,24,22,Y,V,YA24V,36.2271,260.0665,296.2935,1BRS.pdb,screening_000417|YA24V
screening_000418,A,24,22,Y,W,YA24W,221.0093,260.0665,481.0758,1BRS.pdb,screening_000418|YA24W
screening_000419,A,25,23,I,A,IA25A,2.305,260.0665,262.3714,1BRS.pdb,screening_000419|IA25A
screening_000420,A,25,23,I,C,IA25C,2.2902,260.0665,262.3567,1BRS.pdb,screening_000420|IA25C
screening_000421,A,25,23,I,D,IA25D,9.3582,260.0665,269.4247,1BRS.pdb,screening_000421|IA25D
screening_000422,A,25,23,I,E,IA25E,1.8797,260.0665,261.9461,1BRS.pdb,screening_000422|IA25E
screening_000423,A,25,23,I,F,IA25F,390.9364,260.0665,651.0029,1BRS.pdb,screening_000423|IA25F
screening_000424,A,25,23,I,G,IA25G,5.6957,260.0665,265.7621,1BRS.pdb,screening_000424|IA25G
screening_000425,A,25,23,I,H,IA25H,103.1362,260.0665,363.2026,1BRS.pdb,screening_000425|IA25H
screening_000426,A,25,23,I,K,IA25K,5.1072,260.0665,265.1737,1BRS.pdb,screening_000426|IA25K
screening_000427,A,25,23,I,L,IA25L,12.1605,260.0665,272.2269,1BRS.pdb,screening_000427|IA25L
screening_000428,A,25,23,I,M,IA25M,7.148,260.0665,267.2144,1BRS.pdb,screening_000428|IA25M
screening_000429,A,25,23,I,N,IA25N,7.4202,260.0665,267.4866,1BRS.pdb,screening_000429|IA25N
screening_000430,A,25,23,I,P,IA25P,205.4529,260.0665,465.5194,1BRS.pdb,screening_000430|IA25P
screening_000431,A,25,23,I,Q,IA25Q,2.9513,260.0665,263.0178,1BRS.pdb,screening_000431|IA25Q
screening_000432,A,25,23,I,R,IA25R,3.6474,260.0665,263.7138,1BRS.pdb,screening_000432|IA25R
screening_000433,A,25,23,I,S,IA25S,2.4527,260.0665,262.5191,1BRS.pdb,screening_000433|IA25S
screening_000434,A,25,23,I,T,IA25T,1.7818,260.0665,261.8482,1BRS.pdb,screening_000434|IA25T
screening_000435,A,25,23,I,V,IA25V,0.1901,260.0665,260.2566,1BRS.pdb,screening_000435|IA25V
screening_000436,A,25,23,I,W,IA25W,126.4459,260.0665,386.5124,1BRS.pdb,screening_000436|IA25W
screening_000437,A,25,23,I,Y,IA25Y,497.8129,260.0665,757.8793,1BRS.pdb,screening_000437|IA25Y
screening_000438,A,26,24,T,A,TA26A,-0.3773,260.0665,259.6892,1BRS.pdb,screening_000438|TA26A
screening_000439,A,26,24,T,C,TA26C,1.8002,260.0665,261.8667,1BRS.pdb,screening_000439|TA26C
screening_000440,A,26,24,T,D,TA26D,5.0121,260.0665,265.0785,1BRS.pdb,screening_000440|TA26D
screening_000441,A,26,24,T,E,TA26E,2.0854,260.0665,262.1519,1BRS.pdb,screening_000441|TA26E
screening_000442,A,26,24,T,F,TA26F,15.7093,260.0665,275.7758,1BRS.pdb,screening_000442|TA26F
screening_000443,A,26,24,T,G,TA26G,0.6147,260.0665,260.6812,1BRS.pdb,screening_000443|TA26G
screening_000444,A,26,24,T,H,TA26H,2.9534,260.0665,263.0199,1BRS.pdb,screening_000444|TA26H
screening_000445,A,26,24,T,I,TA26I,19.4878,260.0665,279.5542,1BRS.pdb,screening_000445|TA26I
screening_000446,A,26,24,T,K,TA26K,0.0317,260.0665,260.0982,1BRS.pdb,screening_000446|TA26K
screening_000447,A,26,24,T,L,TA26L,0.5034,260.0665,260.5698,1BRS.pdb,screening_000447|TA26L
screening_000448,A,26,24,T,M,TA26M,1.0214,260.0665,261.0879,1BRS.pdb,screening_000448|TA26M
screening_000449,A,26,24,T,N,TA26N,1.6544,260.0665,261.7209,1BRS.pdb,screening_000449|TA26N
screening_000450,A,26,24,T,P,TA26P,172.9338,260.0665,433.0002,1BRS.pdb,screening_000450|TA26P
screening_000451,A,26,24,T,Q,TA26Q,0.5716,260.0665,260.638,1BRS.pdb,screening_000451|TA26Q
screening_000452,A,26,24,T,R,TA26R,-2.094,260.0665,257.9724,1BRS.pdb,screening_000452|TA26R
screening_000453,A,26,24,T,S,TA26S,-2.8192,260.0665,257.2472,1BRS.pdb,screening_000453|TA26S
screening_000454,A,26,24,T,V,TA26V,18.8025,260.0665,278.869,1BRS.pdb,screening_000454|TA26V
screening_000455,A,26,24,T,W,TA26W,6.9282,260.0665,266.9946,1BRS.pdb,screening_000455|TA26W
screening_000456,A,26,24,T,Y,TA26Y,13.1623,260.0665,273.2287,1BRS.pdb,screening_000456|TA26Y
screening_000457,A,27,25,K,A,KA27A,-0.4004,260.0665,259.6661,1BRS.pdb,screening_000457|KA27A
screening_000458,A,27,25,K,C,KA27C,0.7298,260.0665,260.7962,1BRS.pdb,screening_000458|KA27C
screening_000459,A,27,25,K,D,KA27D,5.6843,260.0665,265.7508,1BRS.pdb,screening_000459|KA27D
screening_000460,A,27,25,K,E,KA27E,2.1794,260.0665,262.2458,1BRS.pdb,screening_000460|KA27E
screening_000461,A,27,25,K,F,KA27F,72.1485,260.0665,332.215,1BRS.pdb,screening_000461|KA27F
screening_000462,A,27,25,K,G,KA27G,2.3067,260.0665,262.3731,1BRS.pdb,screening_000462|KA27G
screening_000463,A,27,25,K,H,KA27H,33.3954,260.0665,293.4618,1BRS.pdb,screening_000463|KA27H
screening_000464,A,27,25,K,I,KA27I,25.0499,260.0665,285.1163,1BRS.pdb,screening_000464|KA27I
screening_000465,A,27,25,K,L,KA27L,10.7492,260.0665,270.8156,1BRS.pdb,screening_000465|KA27L
screening_000466,A,27,25,K,M,KA27M,-1.0712,260.0665,258.9952,1BRS.pdb,screening_000466|KA27M
screening_000467,A,27,25,K,N,KA27N,2.3785,260.0665,262.4449,1BRS.pdb,screening_000467|KA27N
screening_000468,A,27,25,K,P,KA27P,165.9548,260.0665,426.0213,1BRS.pdb,screening_000468|KA27P
screening_000469,A,27,25,K,Q,KA27Q,-0.6275,260.0665,259.439,1BRS.pdb,screening_000469|KA27Q
screening_000470,A,27,25,K,R,KA27R,-0.2053,260.0665,259.8611,1BRS.pdb,screening_000470|KA27R
screening_000471,A,27,25,K,S,KA27S,-0.142,260.0665,259.9244,1BRS.pdb,screening_000471|KA27S
screening_000472,A,27,25,K,T,KA27T,2.0887,260.0665,262.1552,1BRS.pdb,screening_000472|KA27T
screening_000473,A,27,25,K,V,KA27V,26.7306,260.0665,286.797,1BRS.pdb,screening_000473|KA27V
screening_000474,A,27,25,K,W,KA27W,105.2067,260.0665,365.2732,1BRS.pdb,screening_000474|KA27W
screening_000475,A,27,25,K,Y,KA27Y,83.2478,260.0665,343.3143,1BRS.pdb,screening_000475|KA27Y
screening_000476,A,28,26,S,A,SA28A,-5.7872,260.0665,254.2792,1BRS.pdb,screening_000476|SA28A
screening_000477,A,28,26,S,C,SA28C,-2.9088,260.0665,257.1576,1BRS.pdb,screening_000477|SA28C
screening_000478,A,28,26,S,D,SA28D,-7.2892,260.0665,252.7772,1BRS.pdb,screening_000478|SA28D
screening_000479,A,28,26,S,E,SA28E,-7.005,260.0665,253.0615,1BRS.pdb,screening_000479|SA28E
screening_000480,A,28,26,S,F,SA28F,-4.8595,260.0665,255.2069,1BRS.pdb,screening_000480|SA28F
screening_000481,A,28,26,S,G,SA28G,-5.0828,260.0665,254.9836,1BRS.pdb,screening_000481|SA28G
screening_000482,A,28,26,S,H,SA28H,-5.761,260.0665,254.3055,1BRS.pdb,screening_000482|SA28H
screening_000483,A,28,26,S,I,SA28I,-5.7076,260.0665,254.3588,1BRS.pdb,screening_000483|SA28I
screening_000484,A,28,26,S,K,SA28K,-6.6334,260.0665,253.4331,1BRS.pdb,screening_000484|SA28K
screening_000485,A,28,26,S,L,SA28L,-5.2225,260.0665,254.8439,1BRS.pdb,screening_000485|SA28L
screening_000486,A,28,26,S,M,SA28M,-3.744,260.0665,256.3225,1BRS.pdb,screening_000486|SA28M
screening_000487,A,28,26,S,N,SA28N,-6.2649,260.0665,253.8015,1BRS.pdb,screening_000487|SA28N
screening_000488,A,28,26,S,P,SA28P,11.643,260.0665,271.7095,1BRS.pdb,screening_000488|SA28P
screening_000489,A,28,26,S,Q,SA28Q,-5.7183,260.0665,254.3481,1BRS.pdb,screening_000489|SA28Q
screening_000490,A,28,26,S,R,SA28R,-5.3736,260.0665,254.6929,1BRS.pdb,screening_000490|SA28R
screening_000491,A,28,26,S,T,SA28T,-6.0684,260.0665,253.998,1BRS.pdb,screening_000491|SA28T
screening_000492,A,28,26,S,V,SA28V,-5.5972,260.0665,254.4692,1BRS.pdb,screening_000492|SA28V
screening_000493,A,28,26,S,W,SA28W,-5.1709,260.0665,254.8956,1BRS.pdb,screening_000493|SA28W
screening_000494,A,28,26,S,Y,SA28Y,-5.4276,260.0665,254.6389,1BRS.pdb,screening_000494|SA28Y
screening_000495,A,29,27,E,A,EA29A,-0.4532,260.0665,259.6133,1BRS.pdb,screening_000495|EA29A
screening_000496,A,29,27,E,C,EA29C,2.7356,260.0665,262.802,1BRS.pdb,screening_000496|EA29C
screening_000497,A,29,27,E,D,EA29D,-0.5299,260.0665,259.5365,1BRS.pdb,screening_000497|EA29D
screening_000498,A,29,27,E,F,EA29F,2.907,260.0665,262.9735,1BRS.pdb,screening_000498|EA29F
screening_000499,A,29,27,E,G,EA29G,2.8263,260.0665,262.8927,1BRS.pdb,screening_000499|EA29G
screening_000500,A,29,27,E,H,EA29H,1.7148,260.0665,261.7812,1BRS.pdb,screening_000500|EA29H
screening_000501,A,29,27,E,I,EA29I,-1.2263,260.0665,258.8402,1BRS.pdb,screening_000501|EA29I
screening_000502,A,29,27,E,K,EA29K,0.4497,260.0665,260.5162,1BRS.pdb,screening_000502|EA29K
screening_000503,A,29,27,E,L,EA29L,0.594,260.0665,260.6604,1BRS.pdb,screening_000503|EA29L
screening_000504,A,29,27,E,M,EA29M,0.7194,260.0665,260.7858,1BRS.pdb,screening_000504|EA29M
screening_000505,A,29,27,E,N,EA29N,1.4473,260.0665,261.5138,1BRS.pdb,screening_000505|EA29N
screening_000506,A,29,27,E,P,EA29P,233.8408,260.0665,493.9072,1BRS.pdb,screening_000506|EA29P
screening_000507,A,29,27,E,Q,EA29Q,-2.9224,260.0665,257.1441,1BRS.pdb,screening_000507|EA29Q
screening_000508,A,29,27,E,R,EA29R,1.2942,260.0665,261.3606,1BRS.pdb,screening_000508|EA29R
screening_000509,A,29,27,E,S,EA29S,1.39,260.0665,261.4564,1BRS.pdb,screening_000509|EA29S
screening_000510,A,29,27,E,T,EA29T,-0.5666,260.0665,259.4999,1BRS.pdb,screening_000510|EA29T
screening_000511,A,29,27,E,V,EA29V,-0.3888,260.0665,259.6777,1BRS.pdb,screening_000511|EA29V
screening_000512,A,29,27,E,W,EA29W,2.8876,260.0665,262.954,1BRS.pdb,screening_000512|EA29W
screening_000513,A,29,27,E,Y,EA29Y,2.7552,260.0665,262.8217,1BRS.pdb,screening_000513|EA29Y
screening_000514,A,30,28,A,C,AA30C,47.8404,260.0665,307.9069,1BRS.pdb,screening_000514|AA30C
screening_000515,A,30,28,A,D,AA30D,70.4543,260.0665,330.5208,1BRS.pdb,screening_000515|AA30D
screening_000516,A,30,28,A,E,AA30E,456.2103,260.0665,716.2767,1BRS.pdb,screening_000516|AA30E
screening_000517,A,30,28,A,F,AA30F,873.4278,260.0665,1133.4943,1BRS.pdb,screening_000517|AA30F
screening_000518,A,30,28,A,G,AA30G,6.3575,260.0665,266.4239,1BRS.pdb,screening_000518|AA30G
screening_000519,A,30,28,A,H,AA30H,602.3896,260.0665,862.4561,1BRS.pdb,screening_000519|AA30H
screening_000520,A,30,28,A,I,AA30I,563.5254,260.0665,823.5919,1BRS.pdb,screening_000520|AA30I
screening_000521,A,30,28,A,K,AA30K,695.117,260.0665,955.1835,1BRS.pdb,screening_000521|AA30K
screening_000522,A,30,28,A,L,AA30L,551.3324,260.0665,811.3989,1BRS.pdb,screening_000522|AA30L
screening_000523,A,30,28,A,M,AA30M,493.4554,260.0665,753.5219,1BRS.pdb,screening_000523|AA30M
screening_000524,A,30,28,A,N,AA30N,134.8315,260.0665,394.898,1BRS.pdb,screening_000524|AA30N
screening_000525,A,30,28,A,P,AA30P,309.6717,260.0665,569.7382,1BRS.pdb,screening_000525|AA30P
screening_000526,A,30,28,A,Q,AA30Q,505.1755,260.0665,765.242,1BRS.pdb,screening_000526|AA30Q
screening_000527,A,30,28,A,R,AA30R,904.2622,260.0665,1164.3286,1BRS.pdb,screening_000527|AA30R
screening_000528,A,30,28,A,S,AA30S,4.2168,260.0665,264.2833,1BRS.pdb,screening_000528|AA30S
screening_000529,A,30,28,A,T,AA30T,94.8378,260.0665,354.9043,1BRS.pdb,screening_000529|AA30T
screening_000530,A,30,28,A,V,AA30V,166.2504,260.0665,426.3168,1BRS.pdb,screening_000530|AA30V
screening_000531,A,30,28,A,W,AA30W,1302.092,260.0665,1562.1585,1BRS.pdb,screening_000531|AA30W
screening_000532,A,30,28,A,Y,AA30Y,987.5187,260.0665,1247.5851,1BRS.pdb,screening_000532|AA30Y
screening_000533,A,31,29,Q,A,QA31A,-16.2819,260.0665,243.7846,1BRS.pdb,screening_000533|QA31A
screening_000534,A,31,29,Q,C,QA31C,-14.2659,260.0665,245.8006,1BRS.pdb,screening_000534|QA31C
screening_000535,A,31,29,Q,D,QA31D,-11.8319,260.0665,248.2345,1BRS.pdb,screening_000535|QA31D
screening_000536,A,31,29,Q,E,QA31E,-14.8168,260.0665,245.2496,1BRS.pdb,screening_000536|QA31E
screening_000537,A,31,29,Q,F,QA31F,-13.5283,260.0665,246.5382,1BRS.pdb,screening_000537|QA31F
screening_000538,A,31,29,Q,G,QA31G,-13.9021,260.0665,246.1644,1BRS.pdb,screening_000538|QA31G
screening_000539,A,31,29,Q,H,QA31H,-14.783,260.0665,245.2835,1BRS.pdb,screening_000539|QA31H
screening_000540,A,31,29,Q,I,QA31I,-13.0016,260.0665,247.0649,1BRS.pdb,screening_000540|QA31I
screening_000541,A,31,29,Q,K,QA31K,-15.7516,260.0665,244.3149,1BRS.pdb,screening_000541|QA31K
screening_000542,A,31,29,Q,L,QA31L,-13.6546,260.0665,246.4119,1BRS.pdb,screening_000542|QA31L
screening_000543,A,31,29,Q,M,QA31M,-13.9608,260.0665,246.1057,1BRS.pdb,screening_000543|QA31M
screening_000544,A,31,29,Q,N,QA31N,-13.1706,260.0665,246.8958,1BRS.pdb,screening_000544|QA31N
screening_000545,A,31,29,Q,P,QA31P,256.3915,260.0665,516.4579,1BRS.pdb,screening_000545|QA31P
screening_000546,A,31,29,Q,R,QA31R,-15.4973,260.0665,244.5692,1BRS.pdb,screening_000546|QA31R
screening_000547,A,31,29,Q,S,QA31S,-15.3314,260.0665,244.735,1BRS.pdb,screening_000547|QA31S
screening_000548,A,31,29,Q,T,QA31T,-14.9474,260.0665,245.1191,1BRS.pdb,screening_000548|QA31T
screening_000549,A,31,29,Q,V,QA31V,-11.4508,260.0665,248.6157,1BRS.pdb,screening_000549|QA31V
screening_000550,A,31,29,Q,W,QA31W,-13.0012,260.0665,247.0653,1BRS.pdb,screening_000550|QA31W
screening_000551,A,31,29,Q,Y,QA31Y,-13.9427,260.0665,246.1237,1BRS.pdb,screening_000551|QA31Y
screening_000552,A,32,30,A,C,AA32C,4.518,260.0665,264.5844,1BRS.pdb,screening_000552|AA32C
screening_000553,A,32,30,A,D,AA32D,3.5497,260.0665,263.6162,1BRS.pdb,screening_000553|AA32D
screening_000554,A,32,30,A,E,AA32E,2.6614,260.0665,262.7279,1BRS.pdb,screening_000554|AA32E
screening_000555,A,32,30,A,F,AA32F,4.4988,260.0665,264.5652,1BRS.pdb,screening_000555|AA32F
screening_000556,A,32,30,A,G,AA32G,1.5992,260.0665,261.6657,1BRS.pdb,screening_000556|AA32G
screening_000557,A,32,30,A,H,AA32H,2.9884,260.0665,263.0548,1BRS.pdb,screening_000557|AA32H
screening_000558,A,32,30,A,I,AA32I,11.6799,260.0665,271.7464,1BRS.pdb,screening_000558|AA32I
screening_000559,A,32,30,A,K,AA32K,1.7571,260.0665,261.8235,1BRS.pdb,screening_000559|AA32K
screening_000560,A,32,30,A,L,AA32L,3.5908,260.0665,263.6572,1BRS.pdb,screening_000560|AA32L
screening_000561,A,32,30,A,M,AA32M,3.3309,260.0665,263.3973,1BRS.pdb,screening_000561|AA32M
screening_000562,A,32,30,A,N,AA32N,2.5746,260.0665,262.641,1BRS.pdb,screening_000562|AA32N
screening_000563,A,32,30,A,P,AA32P,351.009,260.0665,611.0754,1BRS.pdb,screening_000563|AA32P
screening_000564,A,32,30,A,Q,AA32Q,2.7005,260.0665,262.767,1BRS.pdb,screening_000564|AA32Q
screening_000565,A,32,30,A,R,AA32R,2.7633,260.0665,262.8297,1BRS.pdb,screening_000565|AA32R
screening_000566,A,32,30,A,S,AA32S,3.0647,260.0665,263.1312,1BRS.pdb,screening_000566|AA32S
screening_000567,A,32,30,A,T,AA32T,2.737,260.0665,262.8034,1BRS.pdb,screening_000567|AA32T
screening_000568,A,32,30,A,V,AA32V,10.5906,260.0665,270.6571,1BRS.pdb,screening_000568|AA32V
screening_000569,A,32,30,A,W,AA32W,6.2636,260.0665,266.33,1BRS.pdb,screening_000569|AA32W
screening_000570,A,32,30,A,Y,AA32Y,3.8198,260.0665,263.8863,1BRS.pdb,screening_000570|AA32Y
screening_000571,A,33,31,L,A,LA33A,0.33,260.0665,260.3965,1BRS.pdb,screening_000571|LA33A
screening_000572,A,33,31,L,C,LA33C,1.9381,260.0665,262.0046,1BRS.pdb,screening_000572|LA33C
screening_000573,A,33,31,L,D,LA33D,0.9816,260.0665,261.0481,1BRS.pdb,screening_000573|LA33D
screening_000574,A,33,31,L,E,LA33E,1.2584,260.0665,261.3249,1BRS.pdb,screening_000574|LA33E
screening_000575,A,33,31,L,F,LA33F,0.173,260.0665,260.2395,1BRS.pdb,screening_000575|LA33F
screening_000576,A,33,31,L,G,LA33G,2.3667,260.0665,262.4331,1BRS.pdb,screening_000576|LA33G
screening_000577,A,33,31,L,H,LA33H,-0.6592,260.0665,259.4073,1BRS.pdb,screening_000577|LA33H
screening_000578,A,33,31,L,I,LA33I,23.603,260.0665,283.6694,1BRS.pdb,screening_000578|LA33I
screening_000579,A,33,31,L,K,LA33K,-0.941,260.0665,259.1255,1BRS.pdb,screening_000579|LA33K
screening_000580,A,33,31,L,M,LA33M,0.6737,260.0665,260.7402,1BRS.pdb,screening_000580|LA33M
screening_000581,A,33,31,L,N,LA33N,-0.5336,260.0665,259.5328,1BRS.pdb,screening_000581|LA33N
screening_000582,A,33,31,L,P,LA33P,381.0993,260.0665,641.1657,1BRS.pdb,screening_000582|LA33P
screening_000583,A,33,31,L,Q,LA33Q,-0.3449,260.0665,259.7216,1BRS.pdb,screening_000583|LA33Q
screening_000584,A,33,31,L,R,LA33R,-1.675,260.0665,258.3915,1BRS.pdb,screening_000584|LA33R
screening_000585,A,33,31,L,S,LA33S,0.3577,260.0665,260.4241,1BRS.pdb,screening_000585|LA33S
screening_000586,A,33,31,L,T,LA33T,0.1939,260.0665,260.2603,1BRS.pdb,screening_000586|LA33T
screening_000587,A,33,31,L,V,LA33V,28.4633,260.0665,288.5297,1BRS.pdb,screening_000587|LA33V
screening_000588,A,33,31,L,W,LA33W,2.306,260.0665,262.3724,1BRS.pdb,screening_000588|LA33W
screening_000589,A,33,31,L,Y,LA33Y,-0.4967,260.0665,259.5698,1BRS.pdb,screening_000589|LA33Y
screening_000590,A,34,32,G,A,GA34A,32.6098,260.0665,292.6763,1BRS.pdb,screening_000590|GA34A
screening_000591,A,34,32,G,C,GA34C,44.3864,260.0665,304.4528,1BRS.pdb,screening_000591|GA34C
screening_000592,A,34,32,G,D,GA34D,27.5179,260.0665,287.5843,1BRS.pdb,screening_000592|GA34D
screening_000593,A,34,32,G,E,GA34E,50.4829,260.0665,310.5493,1BRS.pdb,screening_000593|GA34E
screening_000594,A,34,32,G,F,GA34F,48.1748,260.0665,308.2412,1BRS.pdb,screening_000594|GA34F
screening_000595,A,34,32,G,H,GA34H,43.0244,260.0665,303.0908,1BRS.pdb,screening_000595|GA34H
screening_000596,A,34,32,G,I,GA34I,63.7348,260.0665,323.8013,1BRS.pdb,screening_000596|GA34I
screening_000597,A,34,32,G,K,GA34K,35.2522,260.0665,295.3186,1BRS.pdb,screening_000597|GA34K
screening_000598,A,34,32,G,L,GA34L,41.6704,260.0665,301.7368,1BRS.pdb,screening_000598|GA34L
screening_000599,A,34,32,G,M,GA34M,36.7483,260.0665,296.8148,1BRS.pdb,screening_000599|GA34M
screening_000600,A,34,32,G,N,GA34N,24.6486,260.0665,284.715,1BRS.pdb,screening_000600|GA34N
screening_000601,A,34,32,G,P,GA34P,335.3805,260.0665,595.4469,1BRS.pdb,screening_000601|GA34P
screening_000602,A,34,32,G,Q,GA34Q,46.9379,260.0665,307.0043,1BRS.pdb,screening_000602|GA34Q
screening_000603,A,34,32,G,R,GA34R,46.171,260.0665,306.2374,1BRS.pdb,screening_000603|GA34R
screening_000604,A,34,32,G,S,GA34S,28.0132,260.0665,288.0796,1BRS.pdb,screening_000604|GA34S
screening_000605,A,34,32,G,T,GA34T,35.5437,260.0665,295.6101,1BRS.pdb,screening_000605|GA34T
screening_000606,A,34,32,G,V,GA34V,62.2267,260.0665,322.2932,1BRS.pdb,screening_000606|GA34V
screening_000607,A,34,32,G,W,GA34W,48.5844,260.0665,308.6509,1BRS.pdb,screening_000607|GA34W
screening_000608,A,34,32,G,Y,GA34Y,47.5441,260.0665,307.6106,1BRS.pdb,screening_000608|GA34Y
screening_000609,A,35,33,W,A,WA35A,8.0236,260.0665,268.0901,1BRS.pdb,screening_000609|WA35A
screening_000610,A,35,33,W,C,WA35C,8.3501,260.0665,268.4165,1BRS.pdb,screening_000610|WA35C
screening_000611,A,35,33,W,D,WA35D,10.6109,260.0665,270.6773,1BRS.pdb,screening_000611|WA35D
screening_000612,A,35,33,W,E,WA35E,14.5718,260.0665,274.6383,1BRS.pdb,screening_000612|WA35E
screening_000613,A,35,33,W,F,WA35F,4.7729,260.0665,264.8393,1BRS.pdb,screening_000613|WA35F
screening_000614,A,35,33,W,G,WA35G,12.7163,260.0665,272.7827,1BRS.pdb,screening_000614|WA35G
screening_000615,A,35,33,W,H,WA35H,8.2359,260.0665,268.3024,1BRS.pdb,screening_000615|WA35H
screening_000616,A,35,33,W,I,WA35I,191.9042,260.0665,451.9706,1BRS.pdb,screening_000616|WA35I
screening_000617,A,35,33,W,K,WA35K,73.2927,260.0665,333.3592,1BRS.pdb,screening_000617|WA35K
screening_000618,A,35,33,W,L,WA35L,42.7452,260.0665,302.8117,1BRS.pdb,screening_000618|WA35L
screening_000619,A,35,33,W,M,WA35M,8.8075,260.0665,268.8739,1BRS.pdb,screening_000619|WA35M
screening_000620,A,35,33,W,N,WA35N,8.4219,260.0665,268.4883,1BRS.pdb,screening_000620|WA35N
screening_000621,A,35,33,W,P,WA35P,545.7193,260.0665,805.7858,1BRS.pdb,screening_000621|WA35P
screening_000622,A,35,33,W,Q,WA35Q,25.6733,260.0665,285.7398,1BRS.pdb,screening_000622|WA35Q
screening_000623,A,35,33,W,R,WA35R,58.6827,260.0665,318.7492,1BRS.pdb,screening_000623|WA35R
screening_000624,A,35,33,W,S,WA35S,9.8336,260.0665,269.9,1BRS.pdb,screening_000624|WA35S
screening_000625,A,35,33,W,T,WA35T,7.3091,260.0665,267.3756,1BRS.pdb,screening_000625|WA35T
screening_000626,A,35,33,W,V,WA35V,22.7509,260.0665,282.8174,1BRS.pdb,screening_000626|WA35V
screening_000627,A,35,33,W,Y,WA35Y,3.7191,260.0665,263.7856,1BRS.pdb,screening_000627|WA35Y
screening_000628,A,36,34,V,A,VA36A,-54.5337,260.0665,205.5327,1BRS.pdb,screening_000628|VA36A
screening_000629,A,36,34,V,C,VA36C,-41.0287,260.0665,219.0378,1BRS.pdb,screening_000629|VA36C
screening_000630,A,36,34,V,D,VA36D,-46.0256,260.0665,214.0409,1BRS.pdb,screening_000630|VA36D
screening_000631,A,36,34,V,E,VA36E,-44.4464,260.0665,215.6201,1BRS.pdb,screening_000631|VA36E
screening_000632,A,36,34,V,F,VA36F,-44.8843,260.0665,215.1822,1BRS.pdb,screening_000632|VA36F
screening_000633,A,36,34,V,G,VA36G,-113.9498,260.0665,146.1166,1BRS.pdb,screening_000633|VA36G
screening_000634,A,36,34,V,H,VA36H,-46.3639,260.0665,213.7025,1BRS.pdb,screening_000634|VA36H
screening_000635,A,36,34,V,I,VA36I,-35.7003,260.0665,224.3661,1BRS.pdb,screening_000635|VA36I
screening_000636,A,36,34,V,K,VA36K,-36.0055,260.0665,224.0609,1BRS.pdb,screening_000636|VA36K
screening_000637,A,36,34,V,L,VA36L,-16.1587,260.0665,243.9078,1BRS.pdb,screening_000637|VA36L
screening_000638,A,36,34,V,M,VA36M,-41.8789,260.0665,218.1876,1BRS.pdb,screening_000638|VA36M
screening_000639,A,36,34,V,N,VA36N,-54.2903,260.0665,205.7761,1BRS.pdb,screening_000639|VA36N
screening_000640,A,36,34,V,P,VA36P,357.8016,260.0665,617.868,1BRS.pdb,screening_000640|VA36P
screening_000641,A,36,34,V,Q,VA36Q,-40.8787,260.0665,219.1877,1BRS.pdb,screening_000641|VA36Q
screening_000642,A,36,34,V,R,VA36R,-36.7855,260.0665,223.2809,1BRS.pdb,screening_000642|VA36R
screening_000643,A,36,34,V,S,VA36S,-49.1907,260.0665,210.8758,1BRS.pdb,screening_000643|VA36S
screening_000644,A,36,34,V,T,VA36T,-42.2388,260.0665,217.8277,1BRS.pdb,screening_000644|VA36T
screening_000645,A,36,34,V,W,VA36W,-44.5432,260.0665,215.5232,1BRS.pdb,screening_000645|VA36W
screening_000646,A,36,34,V,Y,VA36Y,-48.6738,260.0665,211.3927,1BRS.pdb,screening_000646|VA36Y
screening_000647,A,37,35,A,C,AA37C,4.5409,260.0665,264.6073,1BRS.pdb,screening_000647|AA37C
screening_000648,A,37,35,A,D,AA37D,7.8507,260.0665,267.9171,1BRS.pdb,screening_000648|AA37D
screening_000649,A,37,35,A,E,AA37E,80.5299,260.0665,340.5963,1BRS.pdb,screening_000649|AA37E
screening_000650,A,37,35,A,F,AA37F,1020.2711,260.0665,1280.3375,1BRS.pdb,screening_000650|AA37F
screening_000651,A,37,35,A,G,AA37G,3.3843,260.0665,263.4508,1BRS.pdb,screening_000651|AA37G
screening_000652,A,37,35,A,H,AA37H,797.8455,260.0665,1057.9119,1BRS.pdb,screening_000652|AA37H
screening_000653,A,37,35,A,I,AA37I,228.2789,260.0665,488.3454,1BRS.pdb,screening_000653|AA37I
screening_000654,A,37,35,A,K,AA37K,329.4485,260.0665,589.515,1BRS.pdb,screening_000654|AA37K
screening_000655,A,37,35,A,L,AA37L,688.297,260.0665,948.3635,1BRS.pdb,screening_000655|AA37L
screening_000656,A,37,35,A,M,AA37M,279.8849,260.0665,539.9514,1BRS.pdb,screening_000656|AA37M
screening_000657,A,37,35,A,N,AA37N,92.3717,260.0665,352.4382,1BRS.pdb,screening_000657|AA37N
screening_000658,A,37,35,A,P,AA37P,-2.7211,260.0665,257.3454,1BRS.pdb,screening_000658|AA37P
screening_000659,A,37,35,A,Q,AA37Q,72.4614,260.0665,332.5278,1BRS.pdb,screening_000659|AA37Q
screening_000660,A,37,35,A,R,AA37R,468.0873,260.0665,728.1538,1BRS.pdb,screening_000660|AA37R
screening_000661,A,37,35,A,S,AA37S,2.8414,260.0665,262.9078,1BRS.pdb,screening_000661|AA37S
screening_000662,A,37,35,A,T,AA37T,57.4411,260.0665,317.5076,1BRS.pdb,screening_000662|AA37T
screening_000663,A,37,35,A,V,AA37V,169.5831,260.0665,429.6496,1BRS.pdb,screening_000663|AA37V
screening_000664,A,37,35,A,W,AA37W,1637.166,260.0665,1897.2324,1BRS.pdb,screening_000664|AA37W
screening_000665,A,37,35,A,Y,AA37Y,1243.1776,260.0665,1503.244,1BRS.pdb,screening_000665|AA37Y
screening_000666,A,38,36,S,A,SA38A,-3.1843,260.0665,256.8821,1BRS.pdb,screening_000666|SA38A
screening_000667,A,38,36,S,C,SA38C,-1.7512,260.0665,258.3152,1BRS.pdb,screening_000667|SA38C
screening_000668,A,38,36,S,D,SA38D,3.812,260.0665,263.8784,1BRS.pdb,screening_000668|SA38D
screening_000669,A,38,36,S,E,SA38E,5.6813,260.0665,265.7477,1BRS.pdb,screening_000669|SA38E
screening_000670,A,38,36,S,F,SA38F,2.3615,260.0665,262.4279,1BRS.pdb,screening_000670|SA38F
screening_000671,A,38,36,S,G,SA38G,-0.828,260.0665,259.2385,1BRS.pdb,screening_000671|SA38G
screening_000672,A,38,36,S,H,SA38H,2.2128,260.0665,262.2793,1BRS.pdb,screening_000672|SA38H
screening_000673,A,38,36,S,I,SA38I,3.9273,260.0665,263.9938,1BRS.pdb,screening_000673|SA38I
screening_000674,A,38,36,S,K,SA38K,4.4642,260.0665,264.5307,1BRS.pdb,screening_000674|SA38K
screening_000675,A,38,36,S,L,SA38L,189.9877,260.0665,450.0541,1BRS.pdb,screening_000675|SA38L
screening_000676,A,38,36,S,M,SA38M,8.9127,260.0665,268.9792,1BRS.pdb,screening_000676|SA38M
screening_000677,A,38,36,S,N,SA38N,0.7368,260.0665,260.8032,1BRS.pdb,screening_000677|SA38N
screening_000678,A,38,36,S,P,SA38P,9.6444,260.0665,269.7108,1BRS.pdb,screening_000678|SA38P
screening_000679,A,38,36,S,Q,SA38Q,6.9939,260.0665,267.0603,1BRS.pdb,screening_000679|SA38Q
screening_000680,A,38,36,S,R,SA38R,4.5755,260.0665,264.642,1BRS.pdb,screening_000680|SA38R
screening_000681,A,38,36,S,T,SA38T,6.2151,260.0665,266.2816,1BRS.pdb,screening_000681|SA38T
screening_000682,A,38,36,S,V,SA38V,7.4145,260.0665,267.481,1BRS.pdb,screening_000682|SA38V
screening_000683,A,38,36,S,W,SA38W,29.8451,260.0665,289.9116,1BRS.pdb,screening_000683|SA38W
screening_000684,A,38,36,S,Y,SA38Y,1.6546,260.0665,261.7211,1BRS.pdb,screening_000684|SA38Y
screening_000685,A,39,37,K,A,KA39A,-158.4519,260.0665,101.6146,1BRS.pdb,screening_000685|KA39A
screening_000686,A,39,37,K,C,KA39C,-156.1114,260.0665,103.955,1BRS.pdb,screening_000686|KA39C
screening_000687,A,39,37,K,D,KA39D,-157.6281,260.0665,102.4384,1BRS.pdb,screening_000687|KA39D
screening_000688,A,39,37,K,E,KA39E,-158.1549,260.0665,101.9115,1BRS.pdb,screening_000688|KA39E
screening_000689,A,39,37,K,F,KA39F,-157.5051,260.0665,102.5614,1BRS.pdb,screening_000689|KA39F
screening_000690,A,39,37,K,G,KA39G,-155.2014,260.0665,104.865,1BRS.pdb,screening_000690|KA39G
screening_000691,A,39,37,K,H,KA39H,-157.4418,260.0665,102.6247,1BRS.pdb,screening_000691|KA39H
screening_000692,A,39,37,K,I,KA39I,-154.1614,260.0665,105.9051,1BRS.pdb,screening_000692|KA39I
screening_000693,A,39,37,K,L,KA39L,-157.1377,260.0665,102.9287,1BRS.pdb,screening_000693|KA39L
screening_000694,A,39,37,K,M,KA39M,-156.8796,260.0665,103.1868,1BRS.pdb,screening_000694|KA39M
screening_000695,A,39,37,K,N,KA39N,-157.4533,260.0665,102.6132,1BRS.pdb,screening_000695|KA39N
screening_000696,A,39,37,K,P,KA39P,220.7216,260.0665,480.7881,1BRS.pdb,screening_000696|KA39P
screening_000697,A,39,37,K,Q,KA39Q,-158.3605,260.0665,101.706,1BRS.pdb,screening_000697|KA39Q
screening_000698,A,39,37,K,R,KA39R,-157.4387,260.0665,102.6278,1BRS.pdb,screening_000698|KA39R
screening_000699,A,39,37,K,S,KA39S,-157.356,260.0665,102.7105,1BRS.pdb,screening_000699|KA39S
screening_000700,A,39,37,K,T,KA39T,-155.421,260.0665,104.6454,1BRS.pdb,screening_000700|KA39T
screening_000701,A,39,37,K,V,KA39V,-154.6177,260.0665,105.4487,1BRS.pdb,screening_000701|KA39V
screening_000702,A,39,37,K,W,KA39W,-158.1079,260.0665,101.9586,1BRS.pdb,screening_000702|KA39W
screening_000703,A,39,37,K,Y,KA39Y,-157.8487,260.0665,102.2178,1BRS.pdb,screening_000703|KA39Y
screening_000704,A,40,38,G,A,GA40A,52.8811,260.0665,312.9476,1BRS.pdb,screening_000704|GA40A
screening_000705,A,40,38,G,C,GA40C,1044.61,260.0665,1304.6764,1BRS.pdb,screening_000705|GA40C
screening_000706,A,40,38,G,D,GA40D,407.8595,260.0665,667.9259,1BRS.pdb,screening_000706|GA40D
screening_000707,A,40,38,G,E,GA40E,1628.4842,260.0665,1888.5506,1BRS.pdb,screening_000707|GA40E
screening_000708,A,40,38,G,F,GA40F,2156.55,260.0665,2416.6164,1BRS.pdb,screening_000708|GA40F
screening_000709,A,40,38,G,H,GA40H,2373.8272,260.0665,2633.8937,1BRS.pdb,screening_000709|GA40H
screening_000710,A,40,38,G,I,GA40I,954.9813,260.0665,1215.0478,1BRS.pdb,screening_000710|GA40I
screening_000711,A,40,38,G,K,GA40K,1561.587,260.0665,1821.6534,1BRS.pdb,screening_000711|GA40K
screening_000712,A,40,38,G,L,GA40L,1230.9739,260.0665,1491.0403,1BRS.pdb,screening_000712|GA40L
screening_000713,A,40,38,G,M,GA40M,880.7227,260.0665,1140.7892,1BRS.pdb,screening_000713|GA40M
screening_000714,A,40,38,G,N,GA40N,625.4446,260.0665,885.511,1BRS.pdb,screening_000714|GA40N
screening_000715,A,40,38,G,P,GA40P,512.1373,260.0665,772.2037,1BRS.pdb,screening_000715|GA40P
screening_000716,A,40,38,G,Q,GA40Q,1584.3703,260.0665,1844.4368,1BRS.pdb,screening_000716|GA40Q
screening_000717,A,40,38,G,R,GA40R,576.6854,260.0665,836.7518,1BRS.pdb,screening_000717|GA40R
screening_000718,A,40,38,G,S,GA40S,56.0053,260.0665,316.0717,1BRS.pdb,screening_000718|GA40S
screening_000719,A,40,38,G,T,GA40T,536.5934,260.0665,796.6598,1BRS.pdb,screening_000719|GA40T
screening_000720,A,40,38,G,V,GA40V,911.9951,260.0665,1172.0615,1BRS.pdb,screening_000720|GA40V
screening_000721,A,40,38,G,W,GA40W,2395.2629,260.0665,2655.3294,1BRS.pdb,screening_000721|GA40W
screening_000722,A,40,38,G,Y,GA40Y,2145.922,260.0665,2405.9885,1BRS.pdb,screening_000722|GA40Y
screening_000723,A,41,39,N,A,NA41A,5.2809,260.0665,265.3473,1BRS.pdb,screening_000723|NA41A
screening_000724,A,41,39,N,C,NA41C,4.4404,260.0665,264.5068,1BRS.pdb,screening_000724|NA41C
screening_000725,A,41,39,N,D,NA41D,3.0799,260.0665,263.1464,1BRS.pdb,screening_000725|NA41D
screening_000726,A,41,39,N,E,NA41E,14.0977,260.0665,274.1642,1BRS.pdb,screening_000726|NA41E
screening_000727,A,41,39,N,F,NA41F,9.8909,260.0665,269.9574,1BRS.pdb,screening_000727|NA41F
screening_000728,A,41,39,N,G,NA41G,6.5716,260.0665,266.638,1BRS.pdb,screening_000728|NA41G
screening_000729,A,41,39,N,H,NA41H,8.9274,260.0665,268.9939,1BRS.pdb,screening_000729|NA41H
screening_000730,A,41,39,N,I,NA41I,28.4234,260.0665,288.4898,1BRS.pdb,screening_000730|NA41I
screening_000731,A,41,39,N,K,NA41K,23.588,260.0665,283.6544,1BRS.pdb,screening_000731|NA41K
screening_000732,A,41,39,N,L,NA41L,64.9937,260.0665,325.0601,1BRS.pdb,screening_000732|NA41L
screening_000733,A,41,39,N,M,NA41M,21.4805,260.0665,281.547,1BRS.pdb,screening_000733|NA41M
screening_000734,A,41,39,N,P,NA41P,119.9536,260.0665,380.02,1BRS.pdb,screening_000734|NA41P
screening_000735,A,41,39,N,Q,NA41Q,15.9998,260.0665,276.0662,1BRS.pdb,screening_000735|NA41Q
screening_000736,A,41,39,N,R,NA41R,24.1095,260.0665,284.176,1BRS.pdb,screening_000736|NA41R
screening_000737,A,41,39,N,S,NA41S,5.289,260.0665,265.3554,1BRS.pdb,screening_000737|NA41S
screening_000738,A,41,39,N,T,NA41T,23.4319,260.0665,283.4983,1BRS.pdb,screening_000738|NA41T
screening_000739,A,41,39,N,V,NA41V,23.5285,260.0665,283.595,1BRS.pdb,screening_000739|NA41V
screening_000740,A,41,39,N,W,NA41W,10.8535,260.0665,270.9199,1BRS.pdb,screening_000740|NA41W
screening_000741,A,41,39,N,Y,NA41Y,10.1453,260.0665,270.2117,1BRS.pdb,screening_000741|NA41Y
screening_000742,A,42,40,L,A,LA42A,6.5284,260.0665,266.5949,1BRS.pdb,screening_000742|LA42A
screening_000743,A,42,40,L,C,LA42C,8.5758,260.0665,268.6423,1BRS.pdb,screening_000743|LA42C
screening_000744,A,42,40,L,D,LA42D,10.8582,260.0665,270.9246,1BRS.pdb,screening_000744|LA42D
screening_000745,A,42,40,L,E,LA42E,6.0533,260.0665,266.1197,1BRS.pdb,screening_000745|LA42E
screening_000746,A,42,40,L,F,LA42F,79.973,260.0665,340.0394,1BRS.pdb,screening_000746|LA42F
screening_000747,A,42,40,L,G,LA42G,8.8414,260.0665,268.9079,1BRS.pdb,screening_000747|LA42G
screening_000748,A,42,40,L,H,LA42H,9.8474,260.0665,269.9139,1BRS.pdb,screening_000748|LA42H
screening_000749,A,42,40,L,I,LA42I,59.7959,260.0665,319.8623,1BRS.pdb,screening_000749|LA42I
screening_000750,A,42,40,L,K,LA42K,31.9262,260.0665,291.9926,1BRS.pdb,screening_000750|LA42K
screening_000751,A,42,40,L,M,LA42M,22.8188,260.0665,282.8853,1BRS.pdb,screening_000751|LA42M
screening_000752,A,42,40,L,N,LA42N,8.3494,260.0665,268.4159,1BRS.pdb,screening_000752|LA42N
screening_000753,A,42,40,L,P,LA42P,59.3169,260.0665,319.3833,1BRS.pdb,screening_000753|LA42P
screening_000754,A,42,40,L,Q,LA42Q,7.1918,260.0665,267.2582,1BRS.pdb,screening_000754|LA42Q
screening_000755,A,42,40,L,R,LA42R,92.5648,260.0665,352.6313,1BRS.pdb,screening_000755|LA42R
screening_000756,A,42,40,L,S,LA42S,8.0467,260.0665,268.1132,1BRS.pdb,screening_000756|LA42S
screening_000757,A,42,40,L,T,LA42T,7.6924,260.0665,267.7588,1BRS.pdb,screening_000757|LA42T
screening_000758,A,42,40,L,V,LA42V,45.9515,260.0665,306.018,1BRS.pdb,screening_000758|LA42V
screening_000759,A,42,40,L,W,LA42W,322.7578,260.0665,582.8243,1BRS.pdb,screening_000759|LA42W
screening_000760,A,42,40,L,Y,LA42Y,178.7852,260.0665,438.8517,1BRS.pdb,screening_000760|LA42Y
screening_000761,A,43,41,A,C,AA43C,18.216,260.0665,278.2824,1BRS.pdb,screening_000761|AA43C
screening_000762,A,43,41,A,D,AA43D,12.7981,260.0665,272.8646,1BRS.pdb,screening_000762|AA43D
screening_000763,A,43,41,A,E,AA43E,3.4099,260.0665,263.4764,1BRS.pdb,screening_000763|AA43E
screening_000764,A,43,41,A,F,AA43F,41.604,260.0665,301.6704,1BRS.pdb,screening_000764|AA43F
screening_000765,A,43,41,A,G,AA43G,1.8297,260.0665,261.8962,1BRS.pdb,screening_000765|AA43G
screening_000766,A,43,41,A,H,AA43H,2.0994,260.0665,262.1659,1BRS.pdb,screening_000766|AA43H
screening_000767,A,43,41,A,I,AA43I,21.7966,260.0665,281.863,1BRS.pdb,screening_000767|AA43I
screening_000768,A,43,41,A,K,AA43K,46.6062,260.0665,306.6726,1BRS.pdb,screening_000768|AA43K
screening_000769,A,43,41,A,L,AA43L,87.1145,260.0665,347.1809,1BRS.pdb,screening_000769|AA43L
screening_000770,A,43,41,A,M,AA43M,64.9559,260.0665,325.0223,1BRS.pdb,screening_000770|AA43M
screening_000771,A,43,41,A,N,AA43N,1.0163,260.0665,261.0827,1BRS.pdb,screening_000771|AA43N
screening_000772,A,43,41,A,P,AA43P,35.9395,260.0665,296.0059,1BRS.pdb,screening_000772|AA43P
screening_000773,A,43,41,A,Q,AA43Q,29.5117,260.0665,289.5781,1BRS.pdb,screening_000773|AA43Q
screening_000774,A,43,41,A,R,AA43R,43.9179,260.0665,303.9843,1BRS.pdb,screening_000774|AA43R
screening_000775,A,43,41,A,S,AA43S,-0.0413,260.0665,260.0252,1BRS.pdb,screening_000775|AA43S
screening_000776,A,43,41,A,T,AA43T,75.4574,260.0665,335.5239,1BRS.pdb,screening_000776|AA43T
screening_000777,A,43,41,A,V,AA43V,17.5642,260.0665,277.6306,1BRS.pdb,screening_000777|AA43V
screening_000778,A,43,41,A,W,AA43W,63.7911,260.0665,323.8576,1BRS.pdb,screening_000778|AA43W
screening_000779,A,43,41,A,Y,AA43Y,47.7752,260.0665,307.8417,1BRS.pdb,screening_000779|AA43Y
screening_000780,A,44,42,D,A,DA44A,-1.7401,260.0665,258.3263,1BRS.pdb,screening_000780|DA44A
screening_000781,A,44,42,D,C,DA44C,0.6788,260.0665,260.7452,1BRS.pdb,screening_000781|DA44C
screening_000782,A,44,42,D,E,DA44E,-3.4689,260.0665,256.5975,1BRS.pdb,screening_000782|DA44E
screening_000783,A,44,42,D,F,DA44F,0.4765,260.0665,260.5429,1BRS.pdb,screening_000783|DA44F
screening_000784,A,44,42,D,G,DA44G,0.7461,260.0665,260.8125,1BRS.pdb,screening_000784|DA44G
screening_000785,A,44,42,D,H,DA44H,-1.1603,260.0665,258.9062,1BRS.pdb,screening_000785|DA44H
screening_000786,A,44,42,D,I,DA44I,-1.4082,260.0665,258.6583,1BRS.pdb,screening_000786|DA44I
screening_000787,A,44,42,D,K,DA44K,-2.8239,260.0665,257.2425,1BRS.pdb,screening_000787|DA44K
screening_000788,A,44,42,D,L,DA44L,-2.0247,260.0665,258.0417,1BRS.pdb,screening_000788|DA44L
screening_000789,A,44,42,D,M,DA44M,-0.3661,260.0665,259.7003,1BRS.pdb,screening_000789|DA44M
screening_000790,A,44,42,D,N,DA44N,-2.0409,260.0665,258.0256,1BRS.pdb,screening_000790|DA44N
screening_000791,A,44,42,D,P,DA44P,118.1161,260.0665,378.1826,1BRS.pdb,screening_000791|DA44P
screening_000792,A,44,42,D,Q,DA44Q,-2.4203,260.0665,257.6461,1BRS.pdb,screening_000792|DA44Q
screening_000793,A,44,42,D,R,DA44R,-1.6958,260.0665,258.3706,1BRS.pdb,screening_000793|DA44R
screening_000794,A,44,42,D,S,DA44S,-1.8018,260.0665,258.2647,1BRS.pdb,screening_000794|DA44S
screening_000795,A,44,42,D,T,DA44T,-1.0992,260.0665,258.9672,1BRS.pdb,screening_000795|DA44T
screening_000796,A,44,42,D,V,DA44V,-1.2552,260.0665,258.8113,1BRS.pdb,screening_000796|DA44V
screening_000797,A,44,42,D,W,DA44W,1.2467,260.0665,261.3131,1BRS.pdb,screening_000797|DA44W
screening_000798,A,44,42,D,Y,DA44Y,-0.1596,260.0665,259.9068,1BRS.pdb,screening_000798|DA44Y
screening_000799,A,45,43,V,A,VA45A,3.421,260.0665,263.4874,1BRS.pdb,screening_000799|VA45A
screening_000800,A,45,43,V,C,VA45C,2.205,260.0665,262.2714,1BRS.pdb,screening_000800|VA45C
screening_000801,A,45,43,V,D,VA45D,6.8971,260.0665,266.9635,1BRS.pdb,screening_000801|VA45D
screening_000802,A,45,43,V,E,VA45E,5.6415,260.0665,265.7079,1BRS.pdb,screening_000802|VA45E
screening_000803,A,45,43,V,F,VA45F,172.4979,260.0665,432.5644,1BRS.pdb,screening_000803|VA45F
screening_000804,A,45,43,V,G,VA45G,6.3089,260.0665,266.3753,1BRS.pdb,screening_000804|VA45G
screening_000805,A,45,43,V,H,VA45H,18.7161,260.0665,278.7825,1BRS.pdb,screening_000805|VA45H
screening_000806,A,45,43,V,I,VA45I,37.5345,260.0665,297.6009,1BRS.pdb,screening_000806|VA45I
screening_000807,A,45,43,V,K,VA45K,1.9224,260.0665,261.9888,1BRS.pdb,screening_000807|VA45K
screening_000808,A,45,43,V,L,VA45L,98.2421,260.0665,358.3085,1BRS.pdb,screening_000808|VA45L
screening_000809,A,45,43,V,M,VA45M,4.6854,260.0665,264.7518,1BRS.pdb,screening_000809|VA45M
screening_000810,A,45,43,V,N,VA45N,4.8142,260.0665,264.8806,1BRS.pdb,screening_000810|VA45N
screening_000811,A,45,43,V,P,VA45P,229.5246,260.0665,489.591,1BRS.pdb,screening_000811|VA45P
screening_000812,A,45,43,V,Q,VA45Q,2.0567,260.0665,262.1232,1BRS.pdb,screening_000812|VA45Q
screening_000813,A,45,43,V,R,VA45R,1.8873,260.0665,261.9537,1BRS.pdb,screening_000813|VA45R
screening_000814,A,45,43,V,S,VA45S,4.0185,260.0665,264.085,1BRS.pdb,screening_000814|VA45S
screening_000815,A,45,43,V,T,VA45T,2.1635,260.0665,262.2299,1BRS.pdb,screening_000815|VA45T
screening_000816,A,45,43,V,W,VA45W,71.8437,260.0665,331.9102,1BRS.pdb,screening_000816|VA45W
screening_000817,A,45,43,V,Y,VA45Y,175.946,260.0665,436.0125,1BRS.pdb,screening_000817|VA45Y
screening_000818,A,46,44,A,C,AA46C,15.0529,260.0665,275.1194,1BRS.pdb,screening_000818|AA46C
screening_000819,A,46,44,A,D,AA46D,244.6842,260.0665,504.7507,1BRS.pdb,screening_000819|AA46D
screening_000820,A,46,44,A,E,AA46E,216.1587,260.0665,476.2251,1BRS.pdb,screening_000820|AA46E
screening_000821,A,46,44,A,F,AA46F,1008.1966,260.0665,1268.2631,1BRS.pdb,screening_000821|AA46F
screening_000822,A,46,44,A,G,AA46G,12.0838,260.0665,272.1502,1BRS.pdb,screening_000822|AA46G
screening_000823,A,46,44,A,H,AA46H,941.4575,260.0665,1201.524,1BRS.pdb,screening_000823|AA46H
screening_000824,A,46,44,A,I,AA46I,194.7841,260.0665,454.8505,1BRS.pdb,screening_000824|AA46I
screening_000825,A,46,44,A,K,AA46K,345.4298,260.0665,605.4963,1BRS.pdb,screening_000825|AA46K
screening_000826,A,46,44,A,L,AA46L,467.2063,260.0665,727.2727,1BRS.pdb,screening_000826|AA46L
screening_000827,A,46,44,A,M,AA46M,340.3093,260.0665,600.3758,1BRS.pdb,screening_000827|AA46M
screening_000828,A,46,44,A,N,AA46N,241.3344,260.0665,501.4009,1BRS.pdb,screening_000828|AA46N
screening_000829,A,46,44,A,P,AA46P,396.6532,260.0665,656.7197,1BRS.pdb,screening_000829|AA46P
screening_000830,A,46,44,A,Q,AA46Q,220.5899,260.0665,480.6564,1BRS.pdb,screening_000830|AA46Q
screening_000831,A,46,44,A,R,AA46R,336.61,260.0665,596.6764,1BRS.pdb,screening_000831|AA46R
screening_000832,A,46,44,A,S,AA46S,3.0399,260.0665,263.1063,1BRS.pdb,screening_000832|AA46S
screening_000833,A,46,44,A,T,AA46T,46.2697,260.0665,306.3361,1BRS.pdb,screening_000833|AA46T
screening_000834,A,46,44,A,V,AA46V,83.5727,260.0665,343.6392,1BRS.pdb,screening_000834|AA46V
screening_000835,A,46,44,A,W,AA46W,1220.9473,260.0665,1481.0138,1BRS.pdb,screening_000835|AA46W
screening_000836,A,46,44,A,Y,AA46Y,1102.6278,260.0665,1362.6943,1BRS.pdb,screening_000836|AA46Y
screening_000837,A,47,45,P,A,PA47A,4.9608,260.0665,265.0273,1BRS.pdb,screening_000837|PA47A
screening_000838,A,47,45,P,C,PA47C,7.8617,260.0665,267.9281,1BRS.pdb,screening_000838|PA47C
screening_000839,A,47,45,P,D,PA47D,6.5152,260.0665,266.5817,1BRS.pdb,screening_000839|PA47D
screening_000840,A,47,45,P,E,PA47E,4.8859,260.0665,264.9523,1BRS.pdb,screening_000840|PA47E
screening_000841,A,47,45,P,F,PA47F,6.9045,260.0665,266.9709,1BRS.pdb,screening_000841|PA47F
screening_000842,A,47,45,P,G,PA47G,6.5626,260.0665,266.6291,1BRS.pdb,screening_000842|PA47G
screening_000843,A,47,45,P,H,PA47H,5.3707,260.0665,265.4372,1BRS.pdb,screening_000843|PA47H
screening_000844,A,47,45,P,I,PA47I,7.551,260.0665,267.6174,1BRS.pdb,screening_000844|PA47I
screening_000845,A,47,45,P,K,PA47K,5.3026,260.0665,265.369,1BRS.pdb,screening_000845|PA47K
screening_000846,A,47,45,P,L,PA47L,6.4529,260.0665,266.5194,1BRS.pdb,screening_000846|PA47L
screening_000847,A,47,45,P,M,PA47M,6.5924,260.0665,266.6588,1BRS.pdb,screening_000847|PA47M
screening_000848,A,47,45,P,N,PA47N,5.9475,260.0665,266.014,1BRS.pdb,screening_000848|PA47N
screening_000849,A,47,45,P,Q,PA47Q,5.8308,260.0665,265.8973,1BRS.pdb,screening_000849|PA47Q
screening_000850,A,47,45,P,R,PA47R,6.2449,260.0665,266.3113,1BRS.pdb,screening_000850|PA47R
screening_000851,A,47,45,P,S,PA47S,3.7923,260.0665,263.8588,1BRS.pdb,screening_000851|PA47S
screening_000852,A,47,45,P,T,PA47T,5.2747,260.0665,265.3412,1BRS.pdb,screening_000852|PA47T
screening_000853,A,47,45,P,V,PA47V,7.4968,260.0665,267.5632,1BRS.pdb,screening_000853|PA47V
screening_000854,A,47,45,P,W,PA47W,7.4022,260.0665,267.4686,1BRS.pdb,screening_000854|PA47W
screening_000855,A,47,45,P,Y,PA47Y,6.1198,260.0665,266.1862,1BRS.pdb,screening_000855|PA47Y
screening_000856,A,48,46,G,A,GA48A,5.4903,260.0665,265.5568,1BRS.pdb,screening_000856|GA48A
screening_000857,A,48,46,G,C,GA48C,8.6094,260.0665,268.6758,1BRS.pdb,screening_000857|GA48C
screening_000858,A,48,46,G,D,GA48D,3.6253,260.0665,263.6917,1BRS.pdb,screening_000858|GA48D
screening_000859,A,48,46,G,E,GA48E,4.8352,260.0665,264.9017,1BRS.pdb,screening_000859|GA48E
screening_000860,A,48,46,G,F,GA48F,4.3264,260.0665,264.3928,1BRS.pdb,screening_000860|GA48F
screening_000861,A,48,46,G,H,GA48H,3.4158,260.0665,263.4822,1BRS.pdb,screening_000861|GA48H
screening_000862,A,48,46,G,I,GA48I,18.4982,260.0665,278.5646,1BRS.pdb,screening_000862|GA48I
screening_000863,A,48,46,G,K,GA48K,3.8296,260.0665,263.8961,1BRS.pdb,screening_000863|GA48K
screening_000864,A,48,46,G,L,GA48L,5.2318,260.0665,265.2982,1BRS.pdb,screening_000864|GA48L
screening_000865,A,48,46,G,M,GA48M,8.3777,260.0665,268.4442,1BRS.pdb,screening_000865|GA48M
screening_000866,A,48,46,G,N,GA48N,2.6371,260.0665,262.7035,1BRS.pdb,screening_000866|GA48N
screening_000867,A,48,46,G,P,GA48P,503.4544,260.0665,763.5209,1BRS.pdb,screening_000867|GA48P
screening_000868,A,48,46,G,Q,GA48Q,4.9377,260.0665,265.0042,1BRS.pdb,screening_000868|GA48Q
screening_000869,A,48,46,G,R,GA48R,5.2512,260.0665,265.3176,1BRS.pdb,screening_000869|GA48R
screening_000870,A,48,46,G,S,GA48S,3.118,260.0665,263.1845,1BRS.pdb,screening_000870|GA48S
screening_000871,A,48,46,G,T,GA48T,7.0421,260.0665,267.1086,1BRS.pdb,screening_000871|GA48T
screening_000872,A,48,46,G,V,GA48V,19.4136,260.0665,279.4801,1BRS.pdb,screening_000872|GA48V
screening_000873,A,48,46,G,W,GA48W,6.5365,260.0665,266.603,1BRS.pdb,screening_000873|GA48W
screening_000874,A,48,46,G,Y,GA48Y,4.0466,260.0665,264.113,1BRS.pdb,screening_000874|GA48Y
screening_000875,A,49,47,K,A,KA49A,-7.0135,260.0665,253.053,1BRS.pdb,screening_000875|KA49A
screening_000876,A,49,47,K,C,KA49C,-7.0255,260.0665,253.041,1BRS.pdb,screening_000876|KA49C
screening_000877,A,49,47,K,D,KA49D,-2.9739,260.0665,257.0926,1BRS.pdb,screening_000877|KA49D
screening_000878,A,49,47,K,E,KA49E,-1.2406,260.0665,258.8258,1BRS.pdb,screening_000878|KA49E
screening_000879,A,49,47,K,F,KA49F,-6.8347,260.0665,253.2318,1BRS.pdb,screening_000879|KA49F
screening_000880,A,49,47,K,G,KA49G,-3.2584,260.0665,256.808,1BRS.pdb,screening_000880|KA49G
screening_000881,A,49,47,K,H,KA49H,-7.3225,260.0665,252.7439,1BRS.pdb,screening_000881|KA49H
screening_000882,A,49,47,K,I,KA49I,57.8584,260.0665,317.9248,1BRS.pdb,screening_000882|KA49I
screening_000883,A,49,47,K,L,KA49L,35.2353,260.0665,295.3017,1BRS.pdb,screening_000883|KA49L
screening_000884,A,49,47,K,M,KA49M,-6.2164,260.0665,253.85,1BRS.pdb,screening_000884|KA49M
screening_000885,A,49,47,K,N,KA49N,-5.1853,260.0665,254.8811,1BRS.pdb,screening_000885|KA49N
screening_000886,A,49,47,K,P,KA49P,428.9289,260.0665,688.9953,1BRS.pdb,screening_000886|KA49P
screening_000887,A,49,47,K,Q,KA49Q,-6.5312,260.0665,253.5353,1BRS.pdb,screening_000887|KA49Q
screening_000888,A,49,47,K,R,KA49R,-8.8852,260.0665,251.1812,1BRS.pdb,screening_000888|KA49R
screening_000889,A,49,47,K,S,KA49S,-6.1384,260.0665,253.9281,1BRS.pdb,screening_000889|KA49S
screening_000890,A,49,47,K,T,KA49T,-7.144,260.0665,252.9224,1BRS.pdb,screening_000890|KA49T
screening_000891,A,49,47,K,V,KA49V,58.6596,260.0665,318.7261,1BRS.pdb,screening_000891|KA49V
screening_000892,A,49,47,K,W,KA49W,3.1955,260.0665,263.262,1BRS.pdb,screening_000892|KA49W
screening_000893,A,49,47,K,Y,KA49Y,-8.4135,260.0665,251.653,1BRS.pdb,screening_000893|KA49Y
screening_000894,A,50,48,S,A,SA50A,-2.6746,260.0665,257.3918,1BRS.pdb,screening_000894|SA50A
screening_000895,A,50,48,S,C,SA50C,-0.8473,260.0665,259.2191,1BRS.pdb,screening_000895|SA50C
screening_000896,A,50,48,S,D,SA50D,8.6177,260.0665,268.6842,1BRS.pdb,screening_000896|SA50D
screening_000897,A,50,48,S,E,SA50E,10.3429,260.0665,270.4094,1BRS.pdb,screening_000897|SA50E
screening_000898,A,50,48,S,F,SA50F,351.5625,260.0665,611.6289,1BRS.pdb,screening_000898|SA50F
screening_000899,A,50,48,S,G,SA50G,2.0214,260.0665,262.0878,1BRS.pdb,screening_000899|SA50G
screening_000900,A,50,48,S,H,SA50H,148.4225,260.0665,408.489,1BRS.pdb,screening_000900|SA50H
screening_000901,A,50,48,S,I,SA50I,4.4123,260.0665,264.4787,1BRS.pdb,screening_000901|SA50I
screening_000902,A,50,48,S,K,SA50K,67.8989,260.0665,327.9654,1BRS.pdb,screening_000902|SA50K
screening_000903,A,50,48,S,L,SA50L,29.6337,260.0665,289.7001,1BRS.pdb,screening_000903|SA50L
screening_000904,A,50,48,S,M,SA50M,7.1603,260.0665,267.2268,1BRS.pdb,screening_000904|SA50M
screening_000905,A,50,48,S,N,SA50N,7.2331,260.0665,267.2995,1BRS.pdb,screening_000905|SA50N
screening_000906,A,50,48,S,P,SA50P,270.6038,260.0665,530.6703,1BRS.pdb,screening_000906|SA50P
screening_000907,A,50,48,S,Q,SA50Q,3.7626,260.0665,263.8291,1BRS.pdb,screening_000907|SA50Q
screening_000908,A,50,48,S,R,SA50R,31.9967,260.0665,292.0632,1BRS.pdb,screening_000908|SA50R
screening_000909,A,50,48,S,T,SA50T,4.7662,260.0665,264.8326,1BRS.pdb,screening_000909|SA50T
screening_000910,A,50,48,S,V,SA50V,3.7259,260.0665,263.7923,1BRS.pdb,screening_000910|SA50V
screening_000911,A,50,48,S,W,SA50W,455.8135,260.0665,715.8799,1BRS.pdb,screening_000911|SA50W
screening_000912,A,50,48,S,Y,SA50Y,348.4558,260.0665,608.5223,1BRS.pdb,screening_000912|SA50Y
screening_000913,A,51,49,I,A,IA51A,6.5789,260.0665,266.6454,1BRS.pdb,screening_000913|IA51A
screening_000914,A,51,49,I,C,IA51C,5.5465,260.0665,265.613,1BRS.pdb,screening_000914|IA51C
screening_000915,A,51,49,I,D,IA51D,7.9188,260.0665,267.9852,1BRS.pdb,screening_000915|IA51D
screening_000916,A,51,49,I,E,IA51E,10.8755,260.0665,270.9419,1BRS.pdb,screening_000916|IA51E
screening_000917,A,51,49,I,F,IA51F,197.9564,260.0665,458.0229,1BRS.pdb,screening_000917|IA51F
screening_000918,A,51,49,I,G,IA51G,9.7157,260.0665,269.7821,1BRS.pdb,screening_000918|IA51G
screening_000919,A,51,49,I,H,IA51H,29.7819,260.0665,289.8484,1BRS.pdb,screening_000919|IA51H
screening_000920,A,51,49,I,K,IA51K,130.6974,260.0665,390.7638,1BRS.pdb,screening_000920|IA51K
screening_000921,A,51,49,I,L,IA51L,38.432,260.0665,298.4985,1BRS.pdb,screening_000921|IA51L
screening_000922,A,51,49,I,M,IA51M,14.138,260.0665,274.2045,1BRS.pdb,screening_000922|IA51M
screening_000923,A,51,49,I,N,IA51N,6.8889,260.0665,266.9553,1BRS.pdb,screening_000923|IA51N
screening_000924,A,51,49,I,P,IA51P,8.3314,260.0665,268.3979,1BRS.pdb,screening_000924|IA51P
screening_000925,A,51,49,I,Q,IA51Q,12.0674,260.0665,272.1338,1BRS.pdb,screening_000925|IA51Q
screening_000926,A,51,49,I,R,IA51R,234.8541,260.0665,494.9206,1BRS.pdb,screening_000926|IA51R
screening_000927,A,51,49,I,S,IA51S,7.0979,260.0665,267.1643,1BRS.pdb,screening_000927|IA51S
screening_000928,A,51,49,I,T,IA51T,5.3319,260.0665,265.3984,1BRS.pdb,screening_000928|IA51T
screening_000929,A,51,49,I,V,IA51V,2.8107,260.0665,262.8772,1BRS.pdb,screening_000929|IA51V
screening_000930,A,51,49,I,W,IA51W,490.0419,260.0665,750.1083,1BRS.pdb,screening_000930|IA51W
screening_000931,A,51,49,I,Y,IA51Y,471.2059,260.0665,731.2724,1BRS.pdb,screening_000931|IA51Y
screening_000932,A,52,50,G,A,GA52A,124.5163,260.0665,384.5827,1BRS.pdb,screening_000932|GA52A
screening_000933,A,52,50,G,C,GA52C,544.1135,260.0665,804.1799,1BRS.pdb,screening_000933|GA52C
screening_000934,A,52,50,G,D,GA52D,729.5063,260.0665,989.5727,1BRS.pdb,screening_000934|GA52D
screening_000935,A,52,50,G,E,GA52E,719.8951,260.0665,979.9615,1BRS.pdb,screening_000935|GA52E
screening_000936,A,52,50,G,F,GA52F,1792.3196,260.0665,2052.386,1BRS.pdb,screening_000936|GA52F
screening_000937,A,52,50,G,H,GA52H,1045.9906,260.0665,1306.057,1BRS.pdb,screening_000937|GA52H
screening_000938,A,52,50,G,I,GA52I,1213.2617,260.0665,1473.3282,1BRS.pdb,screening_000938|GA52I
screening_000939,A,52,50,G,K,GA52K,1010.7844,260.0665,1270.8508,1BRS.pdb,screening_000939|GA52K
screening_000940,A,52,50,G,L,GA52L,1273.0935,260.0665,1533.1599,1BRS.pdb,screening_000940|GA52L
screening_000941,A,52,50,G,M,GA52M,1002.4771,260.0665,1262.5435,1BRS.pdb,screening_000941|GA52M
screening_000942,A,52,50,G,N,GA52N,766.6518,260.0665,1026.7182,1BRS.pdb,screening_000942|GA52N
screening_000943,A,52,50,G,P,GA52P,864.0372,260.0665,1124.1037,1BRS.pdb,screening_000943|GA52P
screening_000944,A,52,50,G,Q,GA52Q,865.4605,260.0665,1125.5269,1BRS.pdb,screening_000944|GA52Q
screening_000945,A,52,50,G,R,GA52R,1201.1351,260.0665,1461.2015,1BRS.pdb,screening_000945|GA52R
screening_000946,A,52,50,G,S,GA52S,180.525,260.0665,440.5914,1BRS.pdb,screening_000946|GA52S
screening_000947,A,52,50,G,T,GA52T,691.3682,260.0665,951.4346,1BRS.pdb,screening_000947|GA52T
screening_000948,A,52,50,G,V,GA52V,923.0697,260.0665,1183.1362,1BRS.pdb,screening_000948|GA52V
screening_000949,A,52,50,G,W,GA52W,2007.3828,260.0665,2267.4492,1BRS.pdb,screening_000949|GA52W
screening_000950,A,52,50,G,Y,GA52Y,1941.4725,260.0665,2201.5389,1BRS.pdb,screening_000950|GA52Y
screening_000951,A,53,51,G,A,GA53A,14.2227,260.0665,274.2892,1BRS.pdb,screening_000951|GA53A
screening_000952,A,53,51,G,C,GA53C,22.8808,260.0665,282.9472,1BRS.pdb,screening_000952|GA53C
screening_000953,A,53,51,G,D,GA53D,141.8425,260.0665,401.9089,1BRS.pdb,screening_000953|GA53D
screening_000954,A,53,51,G,E,GA53E,18.0745,260.0665,278.1409,1BRS.pdb,screening_000954|GA53E
screening_000955,A,53,51,G,F,GA53F,891.3399,260.0665,1151.4063,1BRS.pdb,screening_000955|GA53F
screening_000956,A,53,51,G,H,GA53H,554.1795,260.0665,814.2459,1BRS.pdb,screening_000956|GA53H
screening_000957,A,53,51,G,I,GA53I,142.3615,260.0665,402.428,1BRS.pdb,screening_000957|GA53I
screening_000958,A,53,51,G,K,GA53K,15.8138,260.0665,275.8802,1BRS.pdb,screening_000958|GA53K
screening_000959,A,53,51,G,L,GA53L,193.0107,260.0665,453.0772,1BRS.pdb,screening_000959|GA53L
screening_000960,A,53,51,G,M,GA53M,27.0603,260.0665,287.1267,1BRS.pdb,screening_000960|GA53M
screening_000961,A,53,51,G,N,GA53N,182.3231,260.0665,442.3895,1BRS.pdb,screening_000961|GA53N
screening_000962,A,53,51,G,P,GA53P,237.59,260.0665,497.6564,1BRS.pdb,screening_000962|GA53P
screening_000963,A,53,51,G,Q,GA53Q,17.4,260.0665,277.4664,1BRS.pdb,screening_000963|GA53Q
screening_000964,A,53,51,G,R,GA53R,17.8723,260.0665,277.9387,1BRS.pdb,screening_000964|GA53R
screening_000965,A,53,51,G,S,GA53S,46.88,260.0665,306.9464,1BRS.pdb,screening_000965|GA53S
screening_000966,A,53,51,G,T,GA53T,50.0515,260.0665,310.1179,1BRS.pdb,screening_000966|GA53T
screening_000967,A,53,51,G,V,GA53V,132.4346,260.0665,392.5011,1BRS.pdb,screening_000967|GA53V
screening_000968,A,53,51,G,W,GA53W,779.2086,260.0665,1039.2751,1BRS.pdb,screening_000968|GA53W
screening_000969,A,53,51,G,Y,GA53Y,997.777,260.0665,1257.8434,1BRS.pdb,screening_000969|GA53Y
screening_000970,A,54,52,D,A,DA54A,4.2014,260.0665,264.2678,1BRS.pdb,screening_000970|DA54A
screening_000971,A,54,52,D,C,DA54C,4.053,260.0665,264.1194,1BRS.pdb,screening_000971|DA54C
screening_000972,A,54,52,D,E,DA54E,4.2558,260.0665,264.3223,1BRS.pdb,screening_000972|DA54E
screening_000973,A,54,52,D,F,DA54F,13.1773,260.0665,273.2438,1BRS.pdb,screening_000973|DA54F
screening_000974,A,54,52,D,G,DA54G,5.5984,260.0665,265.6648,1BRS.pdb,screening_000974|DA54G
screening_000975,A,54,52,D,H,DA54H,7.8232,260.0665,267.8897,1BRS.pdb,screening_000975|DA54H
screening_000976,A,54,52,D,I,DA54I,9.1602,260.0665,269.2267,1BRS.pdb,screening_000976|DA54I
screening_000977,A,54,52,D,K,DA54K,9.2113,260.0665,269.2778,1BRS.pdb,screening_000977|DA54K
screening_000978,A,54,52,D,L,DA54L,34.4662,260.0665,294.5326,1BRS.pdb,screening_000978|DA54L
screening_000979,A,54,52,D,M,DA54M,7.5259,260.0665,267.5924,1BRS.pdb,screening_000979|DA54M
screening_000980,A,54,52,D,N,DA54N,2.9692,260.0665,263.0357,1BRS.pdb,screening_000980|DA54N
screening_000981,A,54,52,D,P,DA54P,23.8897,260.0665,283.9561,1BRS.pdb,screening_000981|DA54P
screening_000982,A,54,52,D,Q,DA54Q,7.5116,260.0665,267.578,1BRS.pdb,screening_000982|DA54Q
screening_000983,A,54,52,D,R,DA54R,10.4207,260.0665,270.4872,1BRS.pdb,screening_000983|DA54R
screening_000984,A,54,52,D,S,DA54S,4.034,260.0665,264.1004,1BRS.pdb,screening_000984|DA54S
screening_000985,A,54,52,D,T,DA54T,3.4724,260.0665,263.5388,1BRS.pdb,screening_000985|DA54T
screening_000986,A,54,52,D,V,DA54V,3.5244,260.0665,263.5909,1BRS.pdb,screening_000986|DA54V
screening_000987,A,54,52,D,W,DA54W,11.2267,260.0665,271.2931,1BRS.pdb,screening_000987|DA54W
screening_000988,A,54,52,D,Y,DA54Y,14.7695,260.0665,274.8359,1BRS.pdb,screening_000988|DA54Y
screening_000989,A,55,53,I,A,IA55A,-3.5079,260.0665,256.5585,1BRS.pdb,screening_000989|IA55A
screening_000990,A,55,53,I,C,IA55C,-1.5795,260.0665,258.487,1BRS.pdb,screening_000990|IA55C
screening_000991,A,55,53,I,D,IA55D,-3.1789,260.0665,256.8876,1BRS.pdb,screening_000991|IA55D
screening_000992,A,55,53,I,E,IA55E,-4.1316,260.0665,255.9349,1BRS.pdb,screening_000992|IA55E
screening_000993,A,55,53,I,F,IA55F,9.5291,260.0665,269.5955,1BRS.pdb,screening_000993|IA55F
screening_000994,A,55,53,I,G,IA55G,-1.7732,260.0665,258.2933,1BRS.pdb,screening_000994|IA55G
screening_000995,A,55,53,I,H,IA55H,-2.0137,260.0665,258.0527,1BRS.pdb,screening_000995|IA55H
screening_000996,A,55,53,I,K,IA55K,-3.63,260.0665,256.4365,1BRS.pdb,screening_000996|IA55K
screening_000997,A,55,53,I,L,IA55L,-3.6793,260.0665,256.3871,1BRS.pdb,screening_000997|IA55L
screening_000998,A,55,53,I,M,IA55M,-2.103,260.0665,257.9635,1BRS.pdb,screening_000998|IA55M
screening_000999,A,55,53,I,N,IA55N,-2.6428,260.0665,257.4237,1BRS.pdb,screening_000999|IA55N
screening_001000,A,55,53,I,P,IA55P,-5.3866,260.0665,254.6799,1BRS.pdb,screening_001000|IA55P
screening_001001,A,55,53,I,Q,IA55Q,-3.0721,260.0665,256.9943,1BRS.pdb,screening_001001|IA55Q
screening_001002,A,55,53,I,R,IA55R,-2.6574,260.0665,257.4091,1BRS.pdb,screening_001002|IA55R
screening_001003,A,55,53,I,S,IA55S,-3.329,260.0665,256.7375,1BRS.pdb,screening_001003|IA55S
screening_001004,A,55,53,I,T,IA55T,-2.9475,260.0665,257.1189,1BRS.pdb,screening_001004|IA55T
screening_001005,A,55,53,I,V,IA55V,-2.6082,260.0665,257.4583,1BRS.pdb,screening_001005|IA55V
screening_001006,A,55,53,I,W,IA55W,10.0952,260.0665,270.1616,1BRS.pdb,screening_001006|IA55W
screening_001007,A,55,53,I,Y,IA55Y,9.1996,260.0665,269.266,1BRS.pdb,screening_001007|IA55Y
screening_001008,A,56,54,F,A,FA56A,6.5543,260.0665,266.6207,1BRS.pdb,screening_001008|FA56A
screening_001009,A,56,54,F,C,FA56C,6.764,260.0665,266.8305,1BRS.pdb,screening_001009|FA56C
screening_001010,A,56,54,F,D,FA56D,7.5686,260.0665,267.635,1BRS.pdb,screening_001010|FA56D
screening_001011,A,56,54,F,E,FA56E,12.0033,260.0665,272.0698,1BRS.pdb,screening_001011|FA56E
screening_001012,A,56,54,F,G,FA56G,13.7721,260.0665,273.8385,1BRS.pdb,screening_001012|FA56G
screening_001013,A,56,54,F,H,FA56H,3.5514,260.0665,263.6178,1BRS.pdb,screening_001013|FA56H
screening_001014,A,56,54,F,I,FA56I,403.1418,260.0665,663.2082,1BRS.pdb,screening_001014|FA56I
screening_001015,A,56,54,F,K,FA56K,14.8544,260.0665,274.9209,1BRS.pdb,screening_001015|FA56K
screening_001016,A,56,54,F,L,FA56L,22.9323,260.0665,282.9987,1BRS.pdb,screening_001016|FA56L
screening_001017,A,56,54,F,M,FA56M,7.9277,260.0665,267.9942,1BRS.pdb,screening_001017|FA56M
screening_001018,A,56,54,F,N,FA56N,6.6139,260.0665,266.6804,1BRS.pdb,screening_001018|FA56N
screening_001019,A,56,54,F,P,FA56P,596.2262,260.0665,856.2926,1BRS.pdb,screening_001019|FA56P
screening_001020,A,56,54,F,Q,FA56Q,9.522,260.0665,269.5885,1BRS.pdb,screening_001020|FA56Q
screening_001021,A,56,54,F,R,FA56R,73.0999,260.0665,333.1664,1BRS.pdb,screening_001021|FA56R
screening_001022,A,56,54,F,S,FA56S,6.83,260.0665,266.8964,1BRS.pdb,screening_001022|FA56S
screening_001023,A,56,54,F,T,FA56T,9.1034,260.0665,269.1698,1BRS.pdb,screening_001023|FA56T
screening_001024,A,56,54,F,V,FA56V,48.3466,260.0665,308.413,1BRS.pdb,screening_001024|FA56V
screening_001025,A,56,54,F,W,FA56W,96.5318,260.0665,356.5982,1BRS.pdb,screening_001025|FA56W
screening_001026,A,56,54,F,Y,FA56Y,3.4925,260.0665,263.559,1BRS.pdb,screening_001026|FA56Y
screening_001027,A,57,55,S,A,SA57A,-1.2328,260.0665,258.8337,1BRS.pdb,screening_001027|SA57A
screening_001028,A,57,55,S,C,SA57C,0.6739,260.0665,260.7404,1BRS.pdb,screening_001028|SA57C
screening_001029,A,57,55,S,D,SA57D,-0.8576,260.0665,259.2088,1BRS.pdb,screening_001029|SA57D
screening_001030,A,57,55,S,E,SA57E,-1.6328,260.0665,258.4336,1BRS.pdb,screening_001030|SA57E
screening_001031,A,57,55,S,F,SA57F,-0.7219,260.0665,259.3445,1BRS.pdb,screening_001031|SA57F
screening_001032,A,57,55,S,G,SA57G,0.5804,260.0665,260.6468,1BRS.pdb,screening_001032|SA57G
screening_001033,A,57,55,S,H,SA57H,-1.4571,260.0665,258.6094,1BRS.pdb,screening_001033|SA57H
screening_001034,A,57,55,S,I,SA57I,60.305,260.0665,320.3715,1BRS.pdb,screening_001034|SA57I
screening_001035,A,57,55,S,K,SA57K,-0.413,260.0665,259.6534,1BRS.pdb,screening_001035|SA57K
screening_001036,A,57,55,S,L,SA57L,88.7476,260.0665,348.8141,1BRS.pdb,screening_001036|SA57L
screening_001037,A,57,55,S,M,SA57M,-0.2604,260.0665,259.8061,1BRS.pdb,screening_001037|SA57M
screening_001038,A,57,55,S,N,SA57N,-0.3226,260.0665,259.7438,1BRS.pdb,screening_001038|SA57N
screening_001039,A,57,55,S,P,SA57P,19.7296,260.0665,279.796,1BRS.pdb,screening_001039|SA57P
screening_001040,A,57,55,S,Q,SA57Q,-1.1235,260.0665,258.943,1BRS.pdb,screening_001040|SA57Q
screening_001041,A,57,55,S,R,SA57R,-0.3989,260.0665,259.6676,1BRS.pdb,screening_001041|SA57R
screening_001042,A,57,55,S,T,SA57T,4.1126,260.0665,264.1791,1BRS.pdb,screening_001042|SA57T
screening_001043,A,57,55,S,V,SA57V,128.8376,260.0665,388.904,1BRS.pdb,screening_001043|SA57V
screening_001044,A,57,55,S,W,SA57W,1.309,260.0665,261.3755,1BRS.pdb,screening_001044|SA57W
screening_001045,A,57,55,S,Y,SA57Y,-1.8674,260.0665,258.1991,1BRS.pdb,screening_001045|SA57Y
screening_001046,A,58,56,N,A,NA58A,6.9749,260.0665,267.0413,1BRS.pdb,screening_001046|NA58A
screening_001047,A,58,56,N,C,NA58C,7.7273,260.0665,267.7938,1BRS.pdb,screening_001047|NA58C
screening_001048,A,58,56,N,D,NA58D,5.4086,260.0665,265.475,1BRS.pdb,screening_001048|NA58D
screening_001049,A,58,56,N,E,NA58E,35.0819,260.0665,295.1484,1BRS.pdb,screening_001049|NA58E
screening_001050,A,58,56,N,F,NA58F,14.211,260.0665,274.2774,1BRS.pdb,screening_001050|NA58F
screening_001051,A,58,56,N,G,NA58G,10.2183,260.0665,270.2847,1BRS.pdb,screening_001051|NA58G
screening_001052,A,58,56,N,H,NA58H,11.302,260.0665,271.3684,1BRS.pdb,screening_001052|NA58H
screening_001053,A,58,56,N,I,NA58I,36.4391,260.0665,296.5055,1BRS.pdb,screening_001053|NA58I
screening_001054,A,58,56,N,K,NA58K,321.5855,260.0665,581.652,1BRS.pdb,screening_001054|NA58K
screening_001055,A,58,56,N,L,NA58L,55.2414,260.0665,315.3078,1BRS.pdb,screening_001055|NA58L
screening_001056,A,58,56,N,M,NA58M,24.3672,260.0665,284.4337,1BRS.pdb,screening_001056|NA58M
screening_001057,A,58,56,N,P,NA58P,347.1506,260.0665,607.217,1BRS.pdb,screening_001057|NA58P
screening_001058,A,58,56,N,Q,NA58Q,72.7173,260.0665,332.7837,1BRS.pdb,screening_001058|NA58Q
screening_001059,A,58,56,N,R,NA58R,13.1151,260.0665,273.1816,1BRS.pdb,screening_001059|NA58R
screening_001060,A,58,56,N,S,NA58S,8.0193,260.0665,268.0857,1BRS.pdb,screening_001060|NA58S
screening_001061,A,58,56,N,T,NA58T,9.8238,260.0665,269.8902,1BRS.pdb,screening_001061|NA58T
screening_001062,A,58,56,N,V,NA58V,25.116,260.0665,285.1825,1BRS.pdb,screening_001062|NA58V
screening_001063,A,58,56,N,W,NA58W,643.6639,260.0665,903.7304,1BRS.pdb,screening_001063|NA58W
screening_001064,A,58,56,N,Y,NA58Y,11.5167,260.0665,271.5832,1BRS.pdb,screening_001064|NA58Y
screening_001065,A,59,57,R,A,RA59A,0.1431,260.0665,260.2095,1BRS.pdb,screening_001065|RA59A
screening_001066,A,59,57,R,C,RA59C,2.3117,260.0665,262.3782,1BRS.pdb,screening_001066|RA59C
screening_001067,A,59,57,R,D,RA59D,2.678,260.0665,262.7445,1BRS.pdb,screening_001067|RA59D
screening_001068,A,59,57,R,E,RA59E,2.1402,260.0665,262.2066,1BRS.pdb,screening_001068|RA59E
screening_001069,A,59,57,R,F,RA59F,-0.1741,260.0665,259.8924,1BRS.pdb,screening_001069|RA59F
screening_001070,A,59,57,R,G,RA59G,3.268,260.0665,263.3344,1BRS.pdb,screening_001070|RA59G
screening_001071,A,59,57,R,H,RA59H,1.2493,260.0665,261.3157,1BRS.pdb,screening_001071|RA59H
screening_001072,A,59,57,R,I,RA59I,29.5429,260.0665,289.6094,1BRS.pdb,screening_001072|RA59I
screening_001073,A,59,57,R,K,RA59K,-1.0331,260.0665,259.0333,1BRS.pdb,screening_001073|RA59K
screening_001074,A,59,57,R,L,RA59L,-3.1503,260.0665,256.9162,1BRS.pdb,screening_001074|RA59L
screening_001075,A,59,57,R,M,RA59M,-2.3257,260.0665,257.7408,1BRS.pdb,screening_001075|RA59M
screening_001076,A,59,57,R,N,RA59N,0.5438,260.0665,260.6102,1BRS.pdb,screening_001076|RA59N
screening_001077,A,59,57,R,P,RA59P,236.1977,260.0665,496.2641,1BRS.pdb,screening_001077|RA59P
screening_001078,A,59,57,R,Q,RA59Q,1.9977,260.0665,262.0642,1BRS.pdb,screening_001078|RA59Q
screening_001079,A,59,57,R,S,RA59S,1.2665,260.0665,261.333,1BRS.pdb,screening_001079|RA59S
screening_001080,A,59,57,R,T,RA59T,3.387,260.0665,263.4534,1BRS.pdb,screening_001080|RA59T
screening_001081,A,59,57,R,V,RA59V,31.8367,260.0665,291.9031,1BRS.pdb,screening_001081|RA59V
screening_001082,A,59,57,R,W,RA59W,4.2489,260.0665,264.3153,1BRS.pdb,screening_001082|RA59W
screening_001083,A,59,57,R,Y,RA59Y,0.1923,260.0665,260.2587,1BRS.pdb,screening_001083|RA59Y
screening_001084,A,60,58,E,A,EA60A,3.3811,260.0665,263.4476,1BRS.pdb,screening_001084|EA60A
screening_001085,A,60,58,E,C,EA60C,3.7095,260.0665,263.776,1BRS.pdb,screening_001085|EA60C
screening_001086,A,60,58,E,D,EA60D,2.9043,260.0665,262.9708,1BRS.pdb,screening_001086|EA60D
screening_001087,A,60,58,E,F,EA60F,584.23,260.0665,844.2964,1BRS.pdb,screening_001087|EA60F
screening_001088,A,60,58,E,G,EA60G,4.5979,260.0665,264.6643,1BRS.pdb,screening_001088|EA60G
screening_001089,A,60,58,E,H,EA60H,100.8607,260.0665,360.9271,1BRS.pdb,screening_001089|EA60H
screening_001090,A,60,58,E,I,EA60I,100.3831,260.0665,360.4496,1BRS.pdb,screening_001090|EA60I
screening_001091,A,60,58,E,K,EA60K,5.0401,260.0665,265.1065,1BRS.pdb,screening_001091|EA60K
screening_001092,A,60,58,E,L,EA60L,67.0022,260.0665,327.0686,1BRS.pdb,screening_001092|EA60L
screening_001093,A,60,58,E,M,EA60M,2.4958,260.0665,262.5623,1BRS.pdb,screening_001093|EA60M
screening_001094,A,60,58,E,N,EA60N,3.7124,260.0665,263.7788,1BRS.pdb,screening_001094|EA60N
screening_001095,A,60,58,E,P,EA60P,107.5109,260.0665,367.5773,1BRS.pdb,screening_001095|EA60P
screening_001096,A,60,58,E,Q,EA60Q,5.6556,260.0665,265.7221,1BRS.pdb,screening_001096|EA60Q
screening_001097,A,60,58,E,R,EA60R,6.4772,260.0665,266.5436,1BRS.pdb,screening_001097|EA60R
screening_001098,A,60,58,E,S,EA60S,3.3439,260.0665,263.4104,1BRS.pdb,screening_001098|EA60S
screening_001099,A,60,58,E,T,EA60T,4.9124,260.0665,264.9789,1BRS.pdb,screening_001099|EA60T
screening_001100,A,60,58,E,V,EA60V,49.9818,260.0665,310.0482,1BRS.pdb,screening_001100|EA60V
screening_001101,A,60,58,E,W,EA60W,290.4804,260.0665,550.5469,1BRS.pdb,screening_001101|EA60W
screening_001102,A,60,58,E,Y,EA60Y,969.4857,260.0665,1229.5522,1BRS.pdb,screening_001102|EA60Y
screening_001103,A,61,59,G,A,GA61A,2.3875,260.0665,262.4539,1BRS.pdb,screening_001103|GA61A
screening_001104,A,61,59,G,C,GA61C,4.0538,260.0665,264.1202,1BRS.pdb,screening_001104|GA61C
screening_001105,A,61,59,G,D,GA61D,2.5394,260.0665,262.6058,1BRS.pdb,screening_001105|GA61D
screening_001106,A,61,59,G,E,GA61E,1.8132,260.0665,261.8796,1BRS.pdb,screening_001106|GA61E
screening_001107,A,61,59,G,F,GA61F,2.6316,260.0665,262.698,1BRS.pdb,screening_001107|GA61F
screening_001108,A,61,59,G,H,GA61H,1.0473,260.0665,261.1138,1BRS.pdb,screening_001108|GA61H
screening_001109,A,61,59,G,I,GA61I,15.4114,260.0665,275.4779,1BRS.pdb,screening_001109|GA61I
screening_001110,A,61,59,G,K,GA61K,0.4092,260.0665,260.4756,1BRS.pdb,screening_001110|GA61K
screening_001111,A,61,59,G,L,GA61L,2.1057,260.0665,262.1721,1BRS.pdb,screening_001111|GA61L
screening_001112,A,61,59,G,M,GA61M,3.7564,260.0665,263.8228,1BRS.pdb,screening_001112|GA61M
screening_001113,A,61,59,G,N,GA61N,-0.1242,260.0665,259.9423,1BRS.pdb,screening_001113|GA61N
screening_001114,A,61,59,G,P,GA61P,364.6851,260.0665,624.7516,1BRS.pdb,screening_001114|GA61P
screening_001115,A,61,59,G,Q,GA61Q,1.194,260.0665,261.2604,1BRS.pdb,screening_001115|GA61Q
screening_001116,A,61,59,G,R,GA61R,1.747,260.0665,261.8135,1BRS.pdb,screening_001116|GA61R
screening_001117,A,61,59,G,S,GA61S,1.8174,260.0665,261.8839,1BRS.pdb,screening_001117|GA61S
screening_001118,A,61,59,G,T,GA61T,6.0898,260.0665,266.1563,1BRS.pdb,screening_001118|GA61T
screening_001119,A,61,59,G,V,GA61V,14.8236,260.0665,274.8901,1BRS.pdb,screening_001119|GA61V
screening_001120,A,61,59,G,W,GA61W,4.4996,260.0665,264.5661,1BRS.pdb,screening_001120|GA61W
screening_001121,A,61,59,G,Y,GA61Y,2.0046,260.0665,262.071,1BRS.pdb,screening_001121|GA61Y
screening_001122,A,62,60,K,A,KA62A,-5.3143,260.0665,254.7521,1BRS.pdb,screening_001122|KA62A
screening_001123,A,62,60,K,C,KA62C,-3.7374,260.0665,256.329,1BRS.pdb,screening_001123|KA62C
screening_001124,A,62,60,K,D,KA62D,-3.5831,260.0665,256.4833,1BRS.pdb,screening_001124|KA62D
screening_001125,A,62,60,K,E,KA62E,-5.397,260.0665,254.6694,1BRS.pdb,screening_001125|KA62E
screening_001126,A,62,60,K,F,KA62F,-3.3914,260.0665,256.6751,1BRS.pdb,screening_001126|KA62F
screening_001127,A,62,60,K,G,KA62G,-2.7783,260.0665,257.2881,1BRS.pdb,screening_001127|KA62G
screening_001128,A,62,60,K,H,KA62H,-5.1144,260.0665,254.9521,1BRS.pdb,screening_001128|KA62H
screening_001129,A,62,60,K,I,KA62I,19.566,260.0665,279.6324,1BRS.pdb,screening_001129|KA62I
screening_001130,A,62,60,K,L,KA62L,6.6424,260.0665,266.7088,1BRS.pdb,screening_001130|KA62L
screening_001131,A,62,60,K,M,KA62M,-4.8932,260.0665,255.1732,1BRS.pdb,screening_001131|KA62M
screening_001132,A,62,60,K,N,KA62N,-5.5598,260.0665,254.5066,1BRS.pdb,screening_001132|KA62N
screening_001133,A,62,60,K,P,KA62P,30.5909,260.0665,290.6574,1BRS.pdb,screening_001133|KA62P
screening_001134,A,62,60,K,Q,KA62Q,-5.9488,260.0665,254.1176,1BRS.pdb,screening_001134|KA62Q
screening_001135,A,62,60,K,R,KA62R,-4.4155,260.0665,255.6509,1BRS.pdb,screening_001135|KA62R
screening_001136,A,62,60,K,S,KA62S,-4.8502,260.0665,255.2162,1BRS.pdb,screening_001136|KA62S
screening_001137,A,62,60,K,T,KA62T,-3.4112,260.0665,256.6552,1BRS.pdb,screening_001137|KA62T
screening_001138,A,62,60,K,V,KA62V,22.8487,260.0665,282.9152,1BRS.pdb,screening_001138|KA62V
screening_001139,A,62,60,K,W,KA62W,-2.247,260.0665,257.8194,1BRS.pdb,screening_001139|KA62W
screening_001140,A,62,60,K,Y,KA62Y,-2.3811,260.0665,257.6853,1BRS.pdb,screening_001140|KA62Y
screening_001141,A,63,61,L,A,LA63A,9.2863,260.0665,269.3528,1BRS.pdb,screening_001141|LA63A
screening_001142,A,63,61,L,C,LA63C,9.4273,260.0665,269.4938,1BRS.pdb,screening_001142|LA63C
screening_001143,A,63,61,L,D,LA63D,11.6737,260.0665,271.7401,1BRS.pdb,screening_001143|LA63D
screening_001144,A,63,61,L,E,LA63E,10.0607,260.0665,270.1272,1BRS.pdb,screening_001144|LA63E
screening_001145,A,63,61,L,F,LA63F,86.9758,260.0665,347.0422,1BRS.pdb,screening_001145|LA63F
screening_001146,A,63,61,L,G,LA63G,12.4875,260.0665,272.5539,1BRS.pdb,screening_001146|LA63G
screening_001147,A,63,61,L,H,LA63H,18.3049,260.0665,278.3714,1BRS.pdb,screening_001147|LA63H
screening_001148,A,63,61,L,I,LA63I,101.1117,260.0665,361.1781,1BRS.pdb,screening_001148|LA63I
screening_001149,A,63,61,L,K,LA63K,65.2359,260.0665,325.3023,1BRS.pdb,screening_001149|LA63K
screening_001150,A,63,61,L,M,LA63M,68.5897,260.0665,328.6561,1BRS.pdb,screening_001150|LA63M
screening_001151,A,63,61,L,N,LA63N,8.4117,260.0665,268.4781,1BRS.pdb,screening_001151|LA63N
screening_001152,A,63,61,L,P,LA63P,230.3504,260.0665,490.4169,1BRS.pdb,screening_001152|LA63P
screening_001153,A,63,61,L,Q,LA63Q,11.4872,260.0665,271.5537,1BRS.pdb,screening_001153|LA63Q
screening_001154,A,63,61,L,R,LA63R,394.5129,260.0665,654.5794,1BRS.pdb,screening_001154|LA63R
screening_001155,A,63,61,L,S,LA63S,10.589,260.0665,270.6555,1BRS.pdb,screening_001155|LA63S
screening_001156,A,63,61,L,T,LA63T,9.8154,260.0665,269.8819,1BRS.pdb,screening_001156|LA63T
screening_001157,A,63,61,L,V,LA63V,96.2933,260.0665,356.3598,1BRS.pdb,screening_001157|LA63V
screening_001158,A,63,61,L,W,LA63W,630.1512,260.0665,890.2176,1BRS.pdb,screening_001158|LA63W
screening_001159,A,63,61,L,Y,LA63Y,253.4881,260.0665,513.5545,1BRS.pdb,screening_001159|LA63Y
screening_001160,A,64,62,P,A,PA64A,3.2525,260.0665,263.3189,1BRS.pdb,screening_001160|PA64A
screening_001161,A,64,62,P,C,PA64C,5.308,260.0665,265.3745,1BRS.pdb,screening_001161|PA64C
screening_001162,A,64,62,P,D,PA64D,3.1934,260.0665,263.2599,1BRS.pdb,screening_001162|PA64D
screening_001163,A,64,62,P,E,PA64E,2.1146,260.0665,262.181,1BRS.pdb,screening_001163|PA64E
screening_001164,A,64,62,P,F,PA64F,5.9519,260.0665,266.0183,1BRS.pdb,screening_001164|PA64F
screening_001165,A,64,62,P,G,PA64G,5.3314,260.0665,265.3979,1BRS.pdb,screening_001165|PA64G
screening_001166,A,64,62,P,H,PA64H,5.1285,260.0665,265.195,1BRS.pdb,screening_001166|PA64H
screening_001167,A,64,62,P,I,PA64I,4.4576,260.0665,264.5241,1BRS.pdb,screening_001167|PA64I
screening_001168,A,64,62,P,K,PA64K,2.854,260.0665,262.9205,1BRS.pdb,screening_001168|PA64K
screening_001169,A,64,62,P,L,PA64L,3.6243,260.0665,263.6908,1BRS.pdb,screening_001169|PA64L
screening_001170,A,64,62,P,M,PA64M,5.1231,260.0665,265.1896,1BRS.pdb,screening_001170|PA64M
screening_001171,A,64,62,P,N,PA64N,3.7755,260.0665,263.842,1BRS.pdb,screening_001171|PA64N
screening_001172,A,64,62,P,Q,PA64Q,1.9337,260.0665,262.0001,1BRS.pdb,screening_001172|PA64Q
screening_001173,A,64,62,P,R,PA64R,4.1027,260.0665,264.1692,1BRS.pdb,screening_001173|PA64R
screening_001174,A,64,62,P,S,PA64S,3.0084,260.0665,263.0748,1BRS.pdb,screening_001174|PA64S
screening_001175,A,64,62,P,T,PA64T,3.583,260.0665,263.6495,1BRS.pdb,screening_001175|PA64T
screening_001176,A,64,62,P,V,PA64V,4.2108,260.0665,264.2772,1BRS.pdb,screening_001176|PA64V
screening_001177,A,64,62,P,W,PA64W,6.5128,260.0665,266.5792,1BRS.pdb,screening_001177|PA64W
screening_001178,A,64,62,P,Y,PA64Y,5.3462,260.0665,265.4126,1BRS.pdb,screening_001178|PA64Y
screening_001179,A,65,63,G,A,GA65A,-0.1407,260.0665,259.9258,1BRS.pdb,screening_001179|GA65A
screening_001180,A,65,63,G,C,GA65C,0.7451,260.0665,260.8115,1BRS.pdb,screening_001180|GA65C
screening_001181,A,65,63,G,D,GA65D,-1.6745,260.0665,258.392,1BRS.pdb,screening_001181|GA65D
screening_001182,A,65,63,G,E,GA65E,-1.3731,260.0665,258.6934,1BRS.pdb,screening_001182|GA65E
screening_001183,A,65,63,G,F,GA65F,1.1172,260.0665,261.1837,1BRS.pdb,screening_001183|GA65F
screening_001184,A,65,63,G,H,GA65H,1.4531,260.0665,261.5196,1BRS.pdb,screening_001184|GA65H
screening_001185,A,65,63,G,I,GA65I,0.1601,260.0665,260.2266,1BRS.pdb,screening_001185|GA65I
screening_001186,A,65,63,G,K,GA65K,-1.817,260.0665,258.2494,1BRS.pdb,screening_001186|GA65K
screening_001187,A,65,63,G,L,GA65L,17.6376,260.0665,277.7041,1BRS.pdb,screening_001187|GA65L
screening_001188,A,65,63,G,M,GA65M,0.5083,260.0665,260.5747,1BRS.pdb,screening_001188|GA65M
screening_001189,A,65,63,G,N,GA65N,-2.2696,260.0665,257.7968,1BRS.pdb,screening_001189|GA65N
screening_001190,A,65,63,G,P,GA65P,23.5451,260.0665,283.6115,1BRS.pdb,screening_001190|GA65P
screening_001191,A,65,63,G,Q,GA65Q,-0.8509,260.0665,259.2156,1BRS.pdb,screening_001191|GA65Q
screening_001192,A,65,63,G,R,GA65R,-0.7063,260.0665,259.3602,1BRS.pdb,screening_001192|GA65R
screening_001193,A,65,63,G,S,GA65S,-1.9539,260.0665,258.1126,1BRS.pdb,screening_001193|GA65S
screening_001194,A,65,63,G,T,GA65T,-2.1249,260.0665,257.9416,1BRS.pdb,screening_001194|GA65T
screening_001195,A,65,63,G,V,GA65V,-0.3971,260.0665,259.6694,1BRS.pdb,screening_001195|GA65V
screening_001196,A,65,63,G,W,GA65W,2.4828,260.0665,262.5492,1BRS.pdb,screening_001196|GA65W
screening_001197,A,65,63,G,Y,GA65Y,0.5514,260.0665,260.6179,1BRS.pdb,screening_001197|GA65Y
screening_001198,A,66,64,K,A,KA66A,-4.8243,260.0665,255.2422,1BRS.pdb,screening_001198|KA66A
screening_001199,A,66,64,K,C,KA66C,-2.2351,260.0665,257.8313,1BRS.pdb,screening_001199|KA66C
screening_001200,A,66,64,K,D,KA66D,-2.5555,260.0665,257.5109,1BRS.pdb,screening_001200|KA66D
screening_001201,A,66,64,K,E,KA66E,-3.6959,260.0665,256.3705,1BRS.pdb,screening_001201|KA66E
screening_001202,A,66,64,K,F,KA66F,-1.4145,260.0665,258.6519,1BRS.pdb,screening_001202|KA66F
screening_001203,A,66,64,K,G,KA66G,-2.2511,260.0665,257.8154,1BRS.pdb,screening_001203|KA66G
screening_001204,A,66,64,K,H,KA66H,-4.6269,260.0665,255.4396,1BRS.pdb,screening_001204|KA66H
screening_001205,A,66,64,K,I,KA66I,25.3509,260.0665,285.4174,1BRS.pdb,screening_001205|KA66I
screening_001206,A,66,64,K,L,KA66L,-1.6502,260.0665,258.4163,1BRS.pdb,screening_001206|KA66L
screening_001207,A,66,64,K,M,KA66M,-2.6993,260.0665,257.3672,1BRS.pdb,screening_001207|KA66M
screening_001208,A,66,64,K,N,KA66N,-2.5602,260.0665,257.5062,1BRS.pdb,screening_001208|KA66N
screening_001209,A,66,64,K,P,KA66P,323.5253,260.0665,583.5917,1BRS.pdb,screening_001209|KA66P
screening_001210,A,66,64,K,Q,KA66Q,-3.2933,260.0665,256.7731,1BRS.pdb,screening_001210|KA66Q
screening_001211,A,66,64,K,R,KA66R,-2.6089,260.0665,257.4576,1BRS.pdb,screening_001211|KA66R
screening_001212,A,66,64,K,S,KA66S,-4.7897,260.0665,255.2768,1BRS.pdb,screening_001212|KA66S
screening_001213,A,66,64,K,T,KA66T,25.2302,260.0665,285.2966,1BRS.pdb,screening_001213|KA66T
screening_001214,A,66,64,K,V,KA66V,29.7431,260.0665,289.8095,1BRS.pdb,screening_001214|KA66V
screening_001215,A,66,64,K,W,KA66W,-0.1676,260.0665,259.8988,1BRS.pdb,screening_001215|KA66W
screening_001216,A,66,64,K,Y,KA66Y,-2.1033,260.0665,257.9631,1BRS.pdb,screening_001216|KA66Y
screening_001217,A,67,65,S,A,SA67A,0.7777,260.0665,260.8442,1BRS.pdb,screening_001217|SA67A
screening_001218,A,67,65,S,C,SA67C,2.1712,260.0665,262.2377,1BRS.pdb,screening_001218|SA67C
screening_001219,A,67,65,S,D,SA67D,-0.5389,260.0665,259.5276,1BRS.pdb,screening_001219|SA67D
screening_001220,A,67,65,S,E,SA67E,-0.9192,260.0665,259.1473,1BRS.pdb,screening_001220|SA67E
screening_001221,A,67,65,S,F,SA67F,1.885,260.0665,261.9514,1BRS.pdb,screening_001221|SA67F
screening_001222,A,67,65,S,G,SA67G,2.1641,260.0665,262.2306,1BRS.pdb,screening_001222|SA67G
screening_001223,A,67,65,S,H,SA67H,0.708,260.0665,260.7745,1BRS.pdb,screening_001223|SA67H
screening_001224,A,67,65,S,I,SA67I,0.8423,260.0665,260.9088,1BRS.pdb,screening_001224|SA67I
screening_001225,A,67,65,S,K,SA67K,-0.5148,260.0665,259.5516,1BRS.pdb,screening_001225|SA67K
screening_001226,A,67,65,S,L,SA67L,0.7197,260.0665,260.7862,1BRS.pdb,screening_001226|SA67L
screening_001227,A,67,65,S,M,SA67M,2.0774,260.0665,262.1439,1BRS.pdb,screening_001227|SA67M
screening_001228,A,67,65,S,N,SA67N,0.2224,260.0665,260.2889,1BRS.pdb,screening_001228|SA67N
screening_001229,A,67,65,S,P,SA67P,0.6875,260.0665,260.7539,1BRS.pdb,screening_001229|SA67P
screening_001230,A,67,65,S,Q,SA67Q,0.1624,260.0665,260.2288,1BRS.pdb,screening_001230|SA67Q
screening_001231,A,67,65,S,R,SA67R,0.8061,260.0665,260.8725,1BRS.pdb,screening_001231|SA67R
screening_001232,A,67,65,S,T,SA67T,0.023,260.0665,260.0894,1BRS.pdb,screening_001232|SA67T
screening_001233,A,67,65,S,V,SA67V,0.7659,260.0665,260.8324,1BRS.pdb,screening_001233|SA67V
screening_001234,A,67,65,S,W,SA67W,2.6737,260.0665,262.7402,1BRS.pdb,screening_001234|SA67W
screening_001235,A,67,65,S,Y,SA67Y,1.1154,260.0665,261.1818,1BRS.pdb,screening_001235|SA67Y
screening_001236,A,68,66,G,A,GA68A,9.0424,260.0665,269.1089,1BRS.pdb,screening_001236|GA68A
screening_001237,A,68,66,G,C,GA68C,14.4576,260.0665,274.524,1BRS.pdb,screening_001237|GA68C
screening_001238,A,68,66,G,D,GA68D,8.099,260.0665,268.1655,1BRS.pdb,screening_001238|GA68D
screening_001239,A,68,66,G,E,GA68E,11.0245,260.0665,271.091,1BRS.pdb,screening_001239|GA68E
screening_001240,A,68,66,G,F,GA68F,10.0164,260.0665,270.0829,1BRS.pdb,screening_001240|GA68F
screening_001241,A,68,66,G,H,GA68H,8.1666,260.0665,268.233,1BRS.pdb,screening_001241|GA68H
screening_001242,A,68,66,G,I,GA68I,20.9194,260.0665,280.9859,1BRS.pdb,screening_001242|GA68I
screening_001243,A,68,66,G,K,GA68K,8.4933,260.0665,268.5598,1BRS.pdb,screening_001243|GA68K
screening_001244,A,68,66,G,L,GA68L,12.3632,260.0665,272.4297,1BRS.pdb,screening_001244|GA68L
screening_001245,A,68,66,G,M,GA68M,13.4121,260.0665,273.4785,1BRS.pdb,screening_001245|GA68M
screening_001246,A,68,66,G,N,GA68N,7.6896,260.0665,267.756,1BRS.pdb,screening_001246|GA68N
screening_001247,A,68,66,G,P,GA68P,295.2669,260.0665,555.3334,1BRS.pdb,screening_001247|GA68P
screening_001248,A,68,66,G,Q,GA68Q,10.9134,260.0665,270.9799,1BRS.pdb,screening_001248|GA68Q
screening_001249,A,68,66,G,R,GA68R,9.487,260.0665,269.5535,1BRS.pdb,screening_001249|GA68R
screening_001250,A,68,66,G,S,GA68S,5.0291,260.0665,265.0955,1BRS.pdb,screening_001250|GA68S
screening_001251,A,68,66,G,T,GA68T,10.5385,260.0665,270.6049,1BRS.pdb,screening_001251|GA68T
screening_001252,A,68,66,G,V,GA68V,21.5728,260.0665,281.6393,1BRS.pdb,screening_001252|GA68V
screening_001253,A,68,66,G,W,GA68W,13.0242,260.0665,273.0907,1BRS.pdb,screening_001253|GA68W
screening_001254,A,68,66,G,Y,GA68Y,10.6565,260.0665,270.723,1BRS.pdb,screening_001254|GA68Y
screening_001255,A,69,67,R,A,RA69A,6.4267,260.0665,266.4931,1BRS.pdb,screening_001255|RA69A
screening_001256,A,69,67,R,C,RA69C,6.9638,260.0665,267.0302,1BRS.pdb,screening_001256|RA69C
screening_001257,A,69,67,R,D,RA69D,12.7674,260.0665,272.8339,1BRS.pdb,screening_001257|RA69D
screening_001258,A,69,67,R,E,RA69E,11.367,260.0665,271.4335,1BRS.pdb,screening_001258|RA69E
screening_001259,A,69,67,R,F,RA69F,541.4562,260.0665,801.5226,1BRS.pdb,screening_001259|RA69F
screening_001260,A,69,67,R,G,RA69G,9.778,260.0665,269.8445,1BRS.pdb,screening_001260|RA69G
screening_001261,A,69,67,R,H,RA69H,136.1632,260.0665,396.2296,1BRS.pdb,screening_001261|RA69H
screening_001262,A,69,67,R,I,RA69I,20.2204,260.0665,280.2869,1BRS.pdb,screening_001262|RA69I
screening_001263,A,69,67,R,K,RA69K,10.3298,260.0665,270.3962,1BRS.pdb,screening_001263|RA69K
screening_001264,A,69,67,R,L,RA69L,66.4894,260.0665,326.5559,1BRS.pdb,screening_001264|RA69L
screening_001265,A,69,67,R,M,RA69M,19.2083,260.0665,279.2747,1BRS.pdb,screening_001265|RA69M
screening_001266,A,69,67,R,N,RA69N,8.3372,260.0665,268.4036,1BRS.pdb,screening_001266|RA69N
screening_001267,A,69,67,R,P,RA69P,332.5607,260.0665,592.6271,1BRS.pdb,screening_001267|RA69P
screening_001268,A,69,67,R,Q,RA69Q,4.5536,260.0665,264.62,1BRS.pdb,screening_001268|RA69Q
screening_001269,A,69,67,R,S,RA69S,7.1663,260.0665,267.2327,1BRS.pdb,screening_001269|RA69S
screening_001270,A,69,67,R,T,RA69T,5.9446,260.0665,266.0111,1BRS.pdb,screening_001270|RA69T
screening_001271,A,69,67,R,V,RA69V,12.8818,260.0665,272.9482,1BRS.pdb,screening_001271|RA69V
screening_001272,A,69,67,R,W,RA69W,124.4456,260.0665,384.5121,1BRS.pdb,screening_001272|RA69W
screening_001273,A,69,67,R,Y,RA69Y,786.4684,260.0665,1046.5349,1BRS.pdb,screening_001273|RA69Y
screening_001274,A,70,68,T,A,TA70A,-0.4985,260.0665,259.568,1BRS.pdb,screening_001274|TA70A
screening_001275,A,70,68,T,C,TA70C,0.8535,260.0665,260.9199,1BRS.pdb,screening_001275|TA70C
screening_001276,A,70,68,T,D,TA70D,0.8183,260.0665,260.8847,1BRS.pdb,screening_001276|TA70D
screening_001277,A,70,68,T,E,TA70E,-2.394,260.0665,257.6724,1BRS.pdb,screening_001277|TA70E
screening_001278,A,70,68,T,F,TA70F,-1.5374,260.0665,258.529,1BRS.pdb,screening_001278|TA70F
screening_001279,A,70,68,T,G,TA70G,1.5836,260.0665,261.65,1BRS.pdb,screening_001279|TA70G
screening_001280,A,70,68,T,H,TA70H,-1.3171,260.0665,258.7493,1BRS.pdb,screening_001280|TA70H
screening_001281,A,70,68,T,I,TA70I,0.0877,260.0665,260.1541,1BRS.pdb,screening_001281|TA70I
screening_001282,A,70,68,T,K,TA70K,-2.174,260.0665,257.8924,1BRS.pdb,screening_001282|TA70K
screening_001283,A,70,68,T,L,TA70L,-1.7089,260.0665,258.3575,1BRS.pdb,screening_001283|TA70L
screening_001284,A,70,68,T,M,TA70M,-0.6805,260.0665,259.3859,1BRS.pdb,screening_001284|TA70M
screening_001285,A,70,68,T,N,TA70N,-0.5272,260.0665,259.5393,1BRS.pdb,screening_001285|TA70N
screening_001286,A,70,68,T,P,TA70P,210.5411,260.0665,470.6076,1BRS.pdb,screening_001286|TA70P
screening_001287,A,70,68,T,Q,TA70Q,-1.655,260.0665,258.4114,1BRS.pdb,screening_001287|TA70Q
screening_001288,A,70,68,T,R,TA70R,-0.8623,260.0665,259.2042,1BRS.pdb,screening_001288|TA70R
screening_001289,A,70,68,T,S,TA70S,-1.2407,260.0665,258.8258,1BRS.pdb,screening_001289|TA70S
screening_001290,A,70,68,T,V,TA70V,1.8553,260.0665,261.9218,1BRS.pdb,screening_001290|TA70V
screening_001291,A,70,68,T,W,TA70W,-0.348,260.0665,259.7184,1BRS.pdb,screening_001291|TA70W
screening_001292,A,70,68,T,Y,TA70Y,-2.3407,260.0665,257.7258,1BRS.pdb,screening_001292|TA70Y
screening_001293,A,71,69,W,A,WA71A,11.5976,260.0665,271.664,1BRS.pdb,screening_001293|WA71A
screening_001294,A,71,69,W,C,WA71C,11.8849,260.0665,271.9514,1BRS.pdb,screening_001294|WA71C
screening_001295,A,71,69,W,D,WA71D,11.8417,260.0665,271.9081,1BRS.pdb,screening_001295|WA71D
screening_001296,A,71,69,W,E,WA71E,13.0907,260.0665,273.1572,1BRS.pdb,screening_001296|WA71E
screening_001297,A,71,69,W,F,WA71F,12.4594,260.0665,272.5259,1BRS.pdb,screening_001297|WA71F
screening_001298,A,71,69,W,G,WA71G,14.7038,260.0665,274.7703,1BRS.pdb,screening_001298|WA71G
screening_001299,A,71,69,W,H,WA71H,8.7417,260.0665,268.8081,1BRS.pdb,screening_001299|WA71H
screening_001300,A,71,69,W,I,WA71I,19.5293,260.0665,279.5958,1BRS.pdb,screening_001300|WA71I
screening_001301,A,71,69,W,K,WA71K,15.214,260.0665,275.2804,1BRS.pdb,screening_001301|WA71K
screening_001302,A,71,69,W,L,WA71L,10.1708,260.0665,270.2372,1BRS.pdb,screening_001302|WA71L
screening_001303,A,71,69,W,M,WA71M,11.3801,260.0665,271.4465,1BRS.pdb,screening_001303|WA71M
screening_001304,A,71,69,W,N,WA71N,10.7701,260.0665,270.8365,1BRS.pdb,screening_001304|WA71N
screening_001305,A,71,69,W,P,WA71P,127.5119,260.0665,387.5784,1BRS.pdb,screening_001305|WA71P
screening_001306,A,71,69,W,Q,WA71Q,13.669,260.0665,273.7355,1BRS.pdb,screening_001306|WA71Q
screening_001307,A,71,69,W,R,WA71R,69.555,260.0665,329.6214,1BRS.pdb,screening_001307|WA71R
screening_001308,A,71,69,W,S,WA71S,11.5456,260.0665,271.6121,1BRS.pdb,screening_001308|WA71S
screening_001309,A,71,69,W,T,WA71T,12.3763,260.0665,272.4428,1BRS.pdb,screening_001309|WA71T
screening_001310,A,71,69,W,V,WA71V,26.5212,260.0665,286.5877,1BRS.pdb,screening_001310|WA71V
screening_001311,A,71,69,W,Y,WA71Y,30.119,260.0665,290.1854,1BRS.pdb,screening_001311|WA71Y
screening_001312,A,72,70,R,A,RA72A,0.2606,260.0665,260.327,1BRS.pdb,screening_001312|RA72A
screening_001313,A,72,70,R,C,RA72C,2.1424,260.0665,262.2088,1BRS.pdb,screening_001313|RA72C
screening_001314,A,72,70,R,D,RA72D,7.6156,260.0665,267.682,1BRS.pdb,screening_001314|RA72D
screening_001315,A,72,70,R,E,RA72E,2.6632,260.0665,262.7296,1BRS.pdb,screening_001315|RA72E
screening_001316,A,72,70,R,F,RA72F,4.5398,260.0665,264.6063,1BRS.pdb,screening_001316|RA72F
screening_001317,A,72,70,R,G,RA72G,4.2076,260.0665,264.274,1BRS.pdb,screening_001317|RA72G
screening_001318,A,72,70,R,H,RA72H,2.6767,260.0665,262.7431,1BRS.pdb,screening_001318|RA72H
screening_001319,A,72,70,R,I,RA72I,293.6386,260.0665,553.705,1BRS.pdb,screening_001319|RA72I
screening_001320,A,72,70,R,K,RA72K,-0.2213,260.0665,259.8452,1BRS.pdb,screening_001320|RA72K
screening_001321,A,72,70,R,L,RA72L,8.8131,260.0665,268.8796,1BRS.pdb,screening_001321|RA72L
screening_001322,A,72,70,R,M,RA72M,1.4795,260.0665,261.546,1BRS.pdb,screening_001322|RA72M
screening_001323,A,72,70,R,N,RA72N,2.7909,260.0665,262.8574,1BRS.pdb,screening_001323|RA72N
screening_001324,A,72,70,R,P,RA72P,222.561,260.0665,482.6275,1BRS.pdb,screening_001324|RA72P
screening_001325,A,72,70,R,Q,RA72Q,0.4557,260.0665,260.5222,1BRS.pdb,screening_001325|RA72Q
screening_001326,A,72,70,R,S,RA72S,1.9104,260.0665,261.9769,1BRS.pdb,screening_001326|RA72S
screening_001327,A,72,70,R,T,RA72T,9.6654,260.0665,269.7318,1BRS.pdb,screening_001327|RA72T
screening_001328,A,72,70,R,V,RA72V,104.0131,260.0665,364.0796,1BRS.pdb,screening_001328|RA72V
screening_001329,A,72,70,R,W,RA72W,13.82,260.0665,273.8865,1BRS.pdb,screening_001329|RA72W
screening_001330,A,72,70,R,Y,RA72Y,11.7076,260.0665,271.774,1BRS.pdb,screening_001330|RA72Y
screening_001331,A,73,71,E,A,EA73A,1.0678,260.0665,261.1343,1BRS.pdb,screening_001331|EA73A
screening_001332,A,73,71,E,C,EA73C,1.9984,260.0665,262.0649,1BRS.pdb,screening_001332|EA73C
screening_001333,A,73,71,E,D,EA73D,4.0471,260.0665,264.1136,1BRS.pdb,screening_001333|EA73D
screening_001334,A,73,71,E,F,EA73F,8.6844,260.0665,268.7509,1BRS.pdb,screening_001334|EA73F
screening_001335,A,73,71,E,G,EA73G,4.2061,260.0665,264.2726,1BRS.pdb,screening_001335|EA73G
screening_001336,A,73,71,E,H,EA73H,0.6658,260.0665,260.7322,1BRS.pdb,screening_001336|EA73H
screening_001337,A,73,71,E,I,EA73I,81.9969,260.0665,342.0633,1BRS.pdb,screening_001337|EA73I
screening_001338,A,73,71,E,K,EA73K,10.775,260.0665,270.8414,1BRS.pdb,screening_001338|EA73K
screening_001339,A,73,71,E,L,EA73L,1.3971,260.0665,261.4635,1BRS.pdb,screening_001339|EA73L
screening_001340,A,73,71,E,M,EA73M,1.6008,260.0665,261.6672,1BRS.pdb,screening_001340|EA73M
screening_001341,A,73,71,E,N,EA73N,3.0444,260.0665,263.1109,1BRS.pdb,screening_001341|EA73N
screening_001342,A,73,71,E,P,EA73P,206.2658,260.0665,466.3322,1BRS.pdb,screening_001342|EA73P
screening_001343,A,73,71,E,Q,EA73Q,1.9997,260.0665,262.0661,1BRS.pdb,screening_001343|EA73Q
screening_001344,A,73,71,E,R,EA73R,54.2339,260.0665,314.3003,1BRS.pdb,screening_001344|EA73R
screening_001345,A,73,71,E,S,EA73S,0.6399,260.0665,260.7064,1BRS.pdb,screening_001345|EA73S
screening_001346,A,73,71,E,T,EA73T,1.3415,260.0665,261.4079,1BRS.pdb,screening_001346|EA73T
screening_001347,A,73,71,E,V,EA73V,19.1936,260.0665,279.2601,1BRS.pdb,screening_001347|EA73V
screening_001348,A,73,71,E,W,EA73W,100.9925,260.0665,361.0589,1BRS.pdb,screening_001348|EA73W
screening_001349,A,73,71,E,Y,EA73Y,33.4664,260.0665,293.5329,1BRS.pdb,screening_001349|EA73Y
screening_001350,A,74,72,A,C,AA74C,58.0633,260.0665,318.1298,1BRS.pdb,screening_001350|AA74C
screening_001351,A,74,72,A,D,AA74D,76.9921,260.0665,337.0585,1BRS.pdb,screening_001351|AA74D
screening_001352,A,74,72,A,E,AA74E,173.6667,260.0665,433.7331,1BRS.pdb,screening_001352|AA74E
screening_001353,A,74,72,A,F,AA74F,1225.5579,260.0665,1485.6244,1BRS.pdb,screening_001353|AA74F
screening_001354,A,74,72,A,G,AA74G,5.5388,260.0665,265.6053,1BRS.pdb,screening_001354|AA74G
screening_001355,A,74,72,A,H,AA74H,657.1568,260.0665,917.2232,1BRS.pdb,screening_001355|AA74H
screening_001356,A,74,72,A,I,AA74I,260.0284,260.0665,520.0949,1BRS.pdb,screening_001356|AA74I
screening_001357,A,74,72,A,K,AA74K,402.0574,260.0665,662.1239,1BRS.pdb,screening_001357|AA74K
screening_001358,A,74,72,A,L,AA74L,242.6294,260.0665,502.6958,1BRS.pdb,screening_001358|AA74L
screening_001359,A,74,72,A,M,AA74M,397.2014,260.0665,657.2678,1BRS.pdb,screening_001359|AA74M
screening_001360,A,74,72,A,N,AA74N,153.5503,260.0665,413.6167,1BRS.pdb,screening_001360|AA74N
screening_001361,A,74,72,A,P,AA74P,382.4209,260.0665,642.4873,1BRS.pdb,screening_001361|AA74P
screening_001362,A,74,72,A,Q,AA74Q,207.8382,260.0665,467.9046,1BRS.pdb,screening_001362|AA74Q
screening_001363,A,74,72,A,R,AA74R,739.4259,260.0665,999.4923,1BRS.pdb,screening_001363|AA74R
screening_001364,A,74,72,A,S,AA74S,4.1118,260.0665,264.1783,1BRS.pdb,screening_001364|AA74S
screening_001365,A,74,72,A,T,AA74T,55.3122,260.0665,315.3786,1BRS.pdb,screening_001365|AA74T
screening_001366,A,74,72,A,V,AA74V,127.977,260.0665,388.0435,1BRS.pdb,screening_001366|AA74V
screening_001367,A,74,72,A,W,AA74W,1476.185,260.0665,1736.2515,1BRS.pdb,screening_001367|AA74W
screening_001368,A,74,72,A,Y,AA74Y,1336.107,260.0665,1596.1735,1BRS.pdb,screening_001368|AA74Y
screening_001369,A,75,73,D,A,DA75A,3.6403,260.0665,263.7067,1BRS.pdb,screening_001369|DA75A
screening_001370,A,75,73,D,C,DA75C,4.0061,260.0665,264.0725,1BRS.pdb,screening_001370|DA75C
screening_001371,A,75,73,D,E,DA75E,5.5098,260.0665,265.5762,1BRS.pdb,screening_001371|DA75E
screening_001372,A,75,73,D,F,DA75F,622.9056,260.0665,882.9721,1BRS.pdb,screening_001372|DA75F
screening_001373,A,75,73,D,G,DA75G,6.5153,260.0665,266.5818,1BRS.pdb,screening_001373|DA75G
screening_001374,A,75,73,D,H,DA75H,95.8443,260.0665,355.9108,1BRS.pdb,screening_001374|DA75H
screening_001375,A,75,73,D,I,DA75I,5.9363,260.0665,266.0028,1BRS.pdb,screening_001375|DA75I
screening_001376,A,75,73,D,K,DA75K,110.9178,260.0665,370.9842,1BRS.pdb,screening_001376|DA75K
screening_001377,A,75,73,D,L,DA75L,56.0162,260.0665,316.0827,1BRS.pdb,screening_001377|DA75L
screening_001378,A,75,73,D,M,DA75M,71.9302,260.0665,331.9967,1BRS.pdb,screening_001378|DA75M
screening_001379,A,75,73,D,N,DA75N,9.9498,260.0665,270.0162,1BRS.pdb,screening_001379|DA75N
screening_001380,A,75,73,D,P,DA75P,274.1738,260.0665,534.2402,1BRS.pdb,screening_001380|DA75P
screening_001381,A,75,73,D,Q,DA75Q,6.5856,260.0665,266.652,1BRS.pdb,screening_001381|DA75Q
screening_001382,A,75,73,D,R,DA75R,195.1178,260.0665,455.1842,1BRS.pdb,screening_001382|DA75R
screening_001383,A,75,73,D,S,DA75S,4.3724,260.0665,264.4389,1BRS.pdb,screening_001383|DA75S
screening_001384,A,75,73,D,T,DA75T,2.6644,260.0665,262.7309,1BRS.pdb,screening_001384|DA75T
screening_001385,A,75,73,D,V,DA75V,2.1407,260.0665,262.2072,1BRS.pdb,screening_001385|DA75V
screening_001386,A,75,73,D,W,DA75W,1278.2638,260.0665,1538.3303,1BRS.pdb,screening_001386|DA75W
screening_001387,A,75,73,D,Y,DA75Y,481.33,260.0665,741.3965,1BRS.pdb,screening_001387|DA75Y
screening_001388,A,76,74,I,A,IA76A,4.8892,260.0665,264.9557,1BRS.pdb,screening_001388|IA76A
screening_001389,A,76,74,I,C,IA76C,4.8515,260.0665,264.918,1BRS.pdb,screening_001389|IA76C
screening_001390,A,76,74,I,D,IA76D,11.3738,260.0665,271.4402,1BRS.pdb,screening_001390|IA76D
screening_001391,A,76,74,I,E,IA76E,9.6509,260.0665,269.7174,1BRS.pdb,screening_001391|IA76E
screening_001392,A,76,74,I,F,IA76F,763.1725,260.0665,1023.239,1BRS.pdb,screening_001392|IA76F
screening_001393,A,76,74,I,G,IA76G,10.2486,260.0665,270.315,1BRS.pdb,screening_001393|IA76G
screening_001394,A,76,74,I,H,IA76H,262.7849,260.0665,522.8514,1BRS.pdb,screening_001394|IA76H
screening_001395,A,76,74,I,K,IA76K,142.6035,260.0665,402.67,1BRS.pdb,screening_001395|IA76K
screening_001396,A,76,74,I,L,IA76L,176.5907,260.0665,436.6571,1BRS.pdb,screening_001396|IA76L
screening_001397,A,76,74,I,M,IA76M,102.4471,260.0665,362.5135,1BRS.pdb,screening_001397|IA76M
screening_001398,A,76,74,I,N,IA76N,7.744,260.0665,267.8105,1BRS.pdb,screening_001398|IA76N
screening_001399,A,76,74,I,P,IA76P,289.5441,260.0665,549.6106,1BRS.pdb,screening_001399|IA76P
screening_001400,A,76,74,I,Q,IA76Q,6.0041,260.0665,266.0705,1BRS.pdb,screening_001400|IA76Q
screening_001401,A,76,74,I,R,IA76R,487.9389,260.0665,748.0054,1BRS.pdb,screening_001401|IA76R
screening_001402,A,76,74,I,S,IA76S,6.6902,260.0665,266.7567,1BRS.pdb,screening_001402|IA76S
screening_001403,A,76,74,I,T,IA76T,5.1225,260.0665,265.189,1BRS.pdb,screening_001403|IA76T
screening_001404,A,76,74,I,V,IA76V,0.6764,260.0665,260.7428,1BRS.pdb,screening_001404|IA76V
screening_001405,A,76,74,I,W,IA76W,796.0487,260.0665,1056.1152,1BRS.pdb,screening_001405|IA76W
screening_001406,A,76,74,I,Y,IA76Y,707.9625,260.0665,968.029,1BRS.pdb,screening_001406|IA76Y
screening_001407,A,77,75,N,A,NA77A,4.7213,260.0665,264.7878,1BRS.pdb,screening_001407|NA77A
screening_001408,A,77,75,N,C,NA77C,6.7983,260.0665,266.8647,1BRS.pdb,screening_001408|NA77C
screening_001409,A,77,75,N,D,NA77D,5.4784,260.0665,265.5448,1BRS.pdb,screening_001409|NA77D
screening_001410,A,77,75,N,E,NA77E,21.1546,260.0665,281.2211,1BRS.pdb,screening_001410|NA77E
screening_001411,A,77,75,N,F,NA77F,47.0201,260.0665,307.0865,1BRS.pdb,screening_001411|NA77F
screening_001412,A,77,75,N,G,NA77G,3.7909,260.0665,263.8573,1BRS.pdb,screening_001412|NA77G
screening_001413,A,77,75,N,H,NA77H,5.4969,260.0665,265.5634,1BRS.pdb,screening_001413|NA77H
screening_001414,A,77,75,N,I,NA77I,27.2154,260.0665,287.2819,1BRS.pdb,screening_001414|NA77I
screening_001415,A,77,75,N,K,NA77K,9.4846,260.0665,269.551,1BRS.pdb,screening_001415|NA77K
screening_001416,A,77,75,N,L,NA77L,26.0981,260.0665,286.1645,1BRS.pdb,screening_001416|NA77L
screening_001417,A,77,75,N,M,NA77M,8.4959,260.0665,268.5624,1BRS.pdb,screening_001417|NA77M
screening_001418,A,77,75,N,P,NA77P,566.9794,260.0665,827.0458,1BRS.pdb,screening_001418|NA77P
screening_001419,A,77,75,N,Q,NA77Q,18.5099,260.0665,278.5763,1BRS.pdb,screening_001419|NA77Q
screening_001420,A,77,75,N,R,NA77R,8.1912,260.0665,268.2576,1BRS.pdb,screening_001420|NA77R
screening_001421,A,77,75,N,S,NA77S,4.4851,260.0665,264.5516,1BRS.pdb,screening_001421|NA77S
screening_001422,A,77,75,N,T,NA77T,10.5213,260.0665,270.5877,1BRS.pdb,screening_001422|NA77T
screening_001423,A,77,75,N,V,NA77V,43.5815,260.0665,303.648,1BRS.pdb,screening_001423|NA77V
screening_001424,A,77,75,N,W,NA77W,23.5747,260.0665,283.6411,1BRS.pdb,screening_001424|NA77W
screening_001425,A,77,75,N,Y,NA77Y,51.7425,260.0665,311.8089,1BRS.pdb,screening_001425|NA77Y
screening_001426,A,78,76,Y,A,YA78A,2.0515,260.0665,262.118,1BRS.pdb,screening_001426|YA78A
screening_001427,A,78,76,Y,C,YA78C,3.6637,260.0665,263.7302,1BRS.pdb,screening_001427|YA78C
screening_001428,A,78,76,Y,D,YA78D,5.3584,260.0665,265.4248,1BRS.pdb,screening_001428|YA78D
screening_001429,A,78,76,Y,E,YA78E,3.1057,260.0665,263.1722,1BRS.pdb,screening_001429|YA78E
screening_001430,A,78,76,Y,F,YA78F,-2.6737,260.0665,257.3927,1BRS.pdb,screening_001430|YA78F
screening_001431,A,78,76,Y,G,YA78G,4.3721,260.0665,264.4386,1BRS.pdb,screening_001431|YA78G
screening_001432,A,78,76,Y,H,YA78H,0.4115,260.0665,260.4779,1BRS.pdb,screening_001432|YA78H
screening_001433,A,78,76,Y,I,YA78I,9.7875,260.0665,269.8539,1BRS.pdb,screening_001433|YA78I
screening_001434,A,78,76,Y,K,YA78K,6.1719,260.0665,266.2383,1BRS.pdb,screening_001434|YA78K
screening_001435,A,78,76,Y,L,YA78L,-1.3515,260.0665,258.7149,1BRS.pdb,screening_001435|YA78L
screening_001436,A,78,76,Y,M,YA78M,0.987,260.0665,261.0534,1BRS.pdb,screening_001436|YA78M
screening_001437,A,78,76,Y,N,YA78N,3.9755,260.0665,264.0419,1BRS.pdb,screening_001437|YA78N
screening_001438,A,78,76,Y,P,YA78P,56.7135,260.0665,316.7799,1BRS.pdb,screening_001438|YA78P
screening_001439,A,78,76,Y,Q,YA78Q,2.1113,260.0665,262.1778,1BRS.pdb,screening_001439|YA78Q
screening_001440,A,78,76,Y,R,YA78R,12.9931,260.0665,273.0596,1BRS.pdb,screening_001440|YA78R
screening_001441,A,78,76,Y,S,YA78S,1.9042,260.0665,261.9706,1BRS.pdb,screening_001441|YA78S
screening_001442,A,78,76,Y,T,YA78T,2.6681,260.0665,262.7345,1BRS.pdb,screening_001442|YA78T
screening_001443,A,78,76,Y,V,YA78V,-0.0717,260.0665,259.9948,1BRS.pdb,screening_001443|YA78V
screening_001444,A,78,76,Y,W,YA78W,49.4147,260.0665,309.4812,1BRS.pdb,screening_001444|YA78W
screening_001445,A,79,77,T,A,TA79A,1.013,260.0665,261.0795,1BRS.pdb,screening_001445|TA79A
screening_001446,A,79,77,T,C,TA79C,1.3763,260.0665,261.4427,1BRS.pdb,screening_001446|TA79C
screening_001447,A,79,77,T,D,TA79D,1.1671,260.0665,261.2336,1BRS.pdb,screening_001447|TA79D
screening_001448,A,79,77,T,E,TA79E,-1.0418,260.0665,259.0246,1BRS.pdb,screening_001448|TA79E
screening_001449,A,79,77,T,F,TA79F,-1.1068,260.0665,258.9597,1BRS.pdb,screening_001449|TA79F
screening_001450,A,79,77,T,G,TA79G,3.667,260.0665,263.7334,1BRS.pdb,screening_001450|TA79G
screening_001451,A,79,77,T,H,TA79H,-0.5539,260.0665,259.5126,1BRS.pdb,screening_001451|TA79H
screening_001452,A,79,77,T,I,TA79I,-2.2604,260.0665,257.806,1BRS.pdb,screening_001452|TA79I
screening_001453,A,79,77,T,K,TA79K,0.0873,260.0665,260.1538,1BRS.pdb,screening_001453|TA79K
screening_001454,A,79,77,T,L,TA79L,-1.8934,260.0665,258.173,1BRS.pdb,screening_001454|TA79L
screening_001455,A,79,77,T,M,TA79M,2.1406,260.0665,262.207,1BRS.pdb,screening_001455|TA79M
screening_001456,A,79,77,T,N,TA79N,0.0399,260.0665,260.1063,1BRS.pdb,screening_001456|TA79N
screening_001457,A,79,77,T,P,TA79P,104.2399,260.0665,364.3063,1BRS.pdb,screening_001457|TA79P
screening_001458,A,79,77,T,Q,TA79Q,0.3507,260.0665,260.4172,1BRS.pdb,screening_001458|TA79Q
screening_001459,A,79,77,T,R,TA79R,-0.048,260.0665,260.0185,1BRS.pdb,screening_001459|TA79R
screening_001460,A,79,77,T,S,TA79S,0.1269,260.0665,260.1934,1BRS.pdb,screening_001460|TA79S
screening_001461,A,79,77,T,V,TA79V,-2.1495,260.0665,257.9169,1BRS.pdb,screening_001461|TA79V
screening_001462,A,79,77,T,W,TA79W,2.3561,260.0665,262.4225,1BRS.pdb,screening_001462|TA79W
screening_001463,A,79,77,T,Y,TA79Y,-2.412,260.0665,257.6544,1BRS.pdb,screening_001463|TA79Y
screening_001464,A,80,78,S,A,SA80A,0.4172,260.0665,260.4837,1BRS.pdb,screening_001464|SA80A
screening_001465,A,80,78,S,C,SA80C,2.3456,260.0665,262.412,1BRS.pdb,screening_001465|SA80C
screening_001466,A,80,78,S,D,SA80D,2.9498,260.0665,263.0162,1BRS.pdb,screening_001466|SA80D
screening_001467,A,80,78,S,E,SA80E,0.8704,260.0665,260.9369,1BRS.pdb,screening_001467|SA80E
screening_001468,A,80,78,S,F,SA80F,1.0782,260.0665,261.1446,1BRS.pdb,screening_001468|SA80F
screening_001469,A,80,78,S,G,SA80G,1.1977,260.0665,261.2641,1BRS.pdb,screening_001469|SA80G
screening_001470,A,80,78,S,H,SA80H,1.8902,260.0665,261.9566,1BRS.pdb,screening_001470|SA80H
screening_001471,A,80,78,S,I,SA80I,53.7697,260.0665,313.8361,1BRS.pdb,screening_001471|SA80I
screening_001472,A,80,78,S,K,SA80K,0.855,260.0665,260.9215,1BRS.pdb,screening_001472|SA80K
screening_001473,A,80,78,S,L,SA80L,3.361,260.0665,263.4275,1BRS.pdb,screening_001473|SA80L
screening_001474,A,80,78,S,M,SA80M,2.0206,260.0665,262.087,1BRS.pdb,screening_001474|SA80M
screening_001475,A,80,78,S,N,SA80N,1.5794,260.0665,261.6458,1BRS.pdb,screening_001475|SA80N
screening_001476,A,80,78,S,P,SA80P,386.7244,260.0665,646.7908,1BRS.pdb,screening_001476|SA80P
screening_001477,A,80,78,S,Q,SA80Q,1.4917,260.0665,261.5581,1BRS.pdb,screening_001477|SA80Q
screening_001478,A,80,78,S,R,SA80R,1.2024,260.0665,261.2689,1BRS.pdb,screening_001478|SA80R
screening_001479,A,80,78,S,T,SA80T,7.1003,260.0665,267.1668,1BRS.pdb,screening_001479|SA80T
screening_001480,A,80,78,S,V,SA80V,51.8453,260.0665,311.9118,1BRS.pdb,screening_001480|SA80V
screening_001481,A,80,78,S,W,SA80W,3.3643,260.0665,263.4307,1BRS.pdb,screening_001481|SA80W
screening_001482,A,80,78,S,Y,SA80Y,0.9122,260.0665,260.9787,1BRS.pdb,screening_001482|SA80Y
screening_001483,A,81,79,G,A,GA81A,19.9876,260.0665,280.054,1BRS.pdb,screening_001483|GA81A
screening_001484,A,81,79,G,C,GA81C,28.3384,260.0665,288.4048,1BRS.pdb,screening_001484|GA81C
screening_001485,A,81,79,G,D,GA81D,14.8002,260.0665,274.8666,1BRS.pdb,screening_001485|GA81D
screening_001486,A,81,79,G,E,GA81E,28.2305,260.0665,288.2969,1BRS.pdb,screening_001486|GA81E
screening_001487,A,81,79,G,F,GA81F,30.2355,260.0665,290.3019,1BRS.pdb,screening_001487|GA81F
screening_001488,A,81,79,G,H,GA81H,26.6758,260.0665,286.7423,1BRS.pdb,screening_001488|GA81H
screening_001489,A,81,79,G,I,GA81I,90.2169,260.0665,350.2833,1BRS.pdb,screening_001489|GA81I
screening_001490,A,81,79,G,K,GA81K,20.4583,260.0665,280.5247,1BRS.pdb,screening_001490|GA81K
screening_001491,A,81,79,G,L,GA81L,27.8512,260.0665,287.9177,1BRS.pdb,screening_001491|GA81L
screening_001492,A,81,79,G,M,GA81M,28.9047,260.0665,288.9711,1BRS.pdb,screening_001492|GA81M
screening_001493,A,81,79,G,N,GA81N,16.6716,260.0665,276.7381,1BRS.pdb,screening_001493|GA81N
screening_001494,A,81,79,G,P,GA81P,464.7589,260.0665,724.8253,1BRS.pdb,screening_001494|GA81P
screening_001495,A,81,79,G,Q,GA81Q,23.3958,260.0665,283.4622,1BRS.pdb,screening_001495|GA81Q
screening_001496,A,81,79,G,R,GA81R,25.5182,260.0665,285.5847,1BRS.pdb,screening_001496|GA81R
screening_001497,A,81,79,G,S,GA81S,9.1872,260.0665,269.2536,1BRS.pdb,screening_001497|GA81S
screening_001498,A,81,79,G,T,GA81T,25.4974,260.0665,285.5639,1BRS.pdb,screening_001498|GA81T
screening_001499,A,81,79,G,V,GA81V,95.0206,260.0665,355.087,1BRS.pdb,screening_001499|GA81V
screening_001500,A,81,79,G,W,GA81W,32.4864,260.0665,292.5529,1BRS.pdb,screening_001500|GA81W
screening_001501,A,81,79,G,Y,GA81Y,28.1747,260.0665,288.2411,1BRS.pdb,screening_001501|GA81Y
screening_001502,A,82,80,F,A,FA82A,0.3976,260.0665,260.4641,1BRS.pdb,screening_001502|FA82A
screening_001503,A,82,80,F,C,FA82C,2.2148,260.0665,262.2812,1BRS.pdb,screening_001503|FA82C
screening_001504,A,82,80,F,D,FA82D,0.9937,260.0665,261.0601,1BRS.pdb,screening_001504|FA82D
screening_001505,A,82,80,F,E,FA82E,0.4266,260.0665,260.493,1BRS.pdb,screening_001505|FA82E
screening_001506,A,82,80,F,G,FA82G,2.0598,260.0665,262.1262,1BRS.pdb,screening_001506|FA82G
screening_001507,A,82,80,F,H,FA82H,-0.6279,260.0665,259.4385,1BRS.pdb,screening_001507|FA82H
screening_001508,A,82,80,F,I,FA82I,47.775,260.0665,307.8415,1BRS.pdb,screening_001508|FA82I
screening_001509,A,82,80,F,K,FA82K,-0.0003,260.0665,260.0662,1BRS.pdb,screening_001509|FA82K
screening_001510,A,82,80,F,L,FA82L,-0.0502,260.0665,260.0163,1BRS.pdb,screening_001510|FA82L
screening_001511,A,82,80,F,M,FA82M,-1.0716,260.0665,258.9949,1BRS.pdb,screening_001511|FA82M
screening_001512,A,82,80,F,N,FA82N,0.3427,260.0665,260.4092,1BRS.pdb,screening_001512|FA82N
screening_001513,A,82,80,F,P,FA82P,-2.8387,260.0665,257.2278,1BRS.pdb,screening_001513|FA82P
screening_001514,A,82,80,F,Q,FA82Q,-0.501,260.0665,259.5655,1BRS.pdb,screening_001514|FA82Q
screening_001515,A,82,80,F,R,FA82R,1.3421,260.0665,261.4085,1BRS.pdb,screening_001515|FA82R
screening_001516,A,82,80,F,S,FA82S,-0.6879,260.0665,259.3785,1BRS.pdb,screening_001516|FA82S
screening_001517,A,82,80,F,T,FA82T,-0.1329,260.0665,259.9336,1BRS.pdb,screening_001517|FA82T
screening_001518,A,82,80,F,V,FA82V,1.0337,260.0665,261.1002,1BRS.pdb,screening_001518|FA82V
screening_001519,A,82,80,F,W,FA82W,21.3997,260.0665,281.4662,1BRS.pdb,screening_001519|FA82W
screening_001520,A,82,80,F,Y,FA82Y,-2.8944,260.0665,257.1721,1BRS.pdb,screening_001520|FA82Y
screening_001521,A,83,81,R,A,RA83A,5.0294,260.0665,265.0958,1BRS.pdb,screening_001521|RA83A
screening_001522,A,83,81,R,C,RA83C,7.4448,260.0665,267.5112,1BRS.pdb,screening_001522|RA83C
screening_001523,A,83,81,R,D,RA83D,8.3393,260.0665,268.4057,1BRS.pdb,screening_001523|RA83D
screening_001524,A,83,81,R,E,RA83E,9.6492,260.0665,269.7157,1BRS.pdb,screening_001524|RA83E
screening_001525,A,83,81,R,F,RA83F,70.8266,260.0665,330.8931,1BRS.pdb,screening_001525|RA83F
screening_001526,A,83,81,R,G,RA83G,7.0993,260.0665,267.1658,1BRS.pdb,screening_001526|RA83G
screening_001527,A,83,81,R,H,RA83H,9.8334,260.0665,269.8999,1BRS.pdb,screening_001527|RA83H
screening_001528,A,83,81,R,I,RA83I,9.7437,260.0665,269.8101,1BRS.pdb,screening_001528|RA83I
screening_001529,A,83,81,R,K,RA83K,10.5521,260.0665,270.6185,1BRS.pdb,screening_001529|RA83K
screening_001530,A,83,81,R,L,RA83L,5.16,260.0665,265.2264,1BRS.pdb,screening_001530|RA83L
screening_001531,A,83,81,R,M,RA83M,19.6756,260.0665,279.7421,1BRS.pdb,screening_001531|RA83M
screening_001532,A,83,81,R,N,RA83N,6.106,260.0665,266.1724,1BRS.pdb,screening_001532|RA83N
screening_001533,A,83,81,R,P,RA83P,5.7272,260.0665,265.7936,1BRS.pdb,screening_001533|RA83P
screening_001534,A,83,81,R,Q,RA83Q,6.8415,260.0665,266.908,1BRS.pdb,screening_001534|RA83Q
screening_001535,A,83,81,R,S,RA83S,5.2077,260.0665,265.2741,1BRS.pdb,screening_001535|RA83S
screening_001536,A,83,81,R,T,RA83T,6.2019,260.0665,266.2684,1BRS.pdb,screening_001536|RA83T
screening_001537,A,83,81,R,V,RA83V,8.5782,260.0665,268.6447,1BRS.pdb,screening_001537|RA83V
screening_001538,A,83,81,R,W,RA83W,149.251,260.0665,409.3175,1BRS.pdb,screening_001538|RA83W
screening_001539,A,83,81,R,Y,RA83Y,224.4404,260.0665,484.5068,1BRS.pdb,screening_001539|RA83Y
screening_001540,A,84,82,N,A,NA84A,4.8643,260.0665,264.9308,1BRS.pdb,screening_001540|NA84A
screening_001541,A,84,82,N,C,NA84C,4.5811,260.0665,264.6475,1BRS.pdb,screening_001541|NA84C
screening_001542,A,84,82,N,D,NA84D,6.006,260.0665,266.0725,1BRS.pdb,screening_001542|NA84D
screening_001543,A,84,82,N,E,NA84E,4.633,260.0665,264.6994,1BRS.pdb,screening_001543|NA84E
screening_001544,A,84,82,N,F,NA84F,5.4002,260.0665,265.4667,1BRS.pdb,screening_001544|NA84F
screening_001545,A,84,82,N,G,NA84G,2.2337,260.0665,262.3001,1BRS.pdb,screening_001545|NA84G
screening_001546,A,84,82,N,H,NA84H,4.8411,260.0665,264.9076,1BRS.pdb,screening_001546|NA84H
screening_001547,A,84,82,N,I,NA84I,50.4188,260.0665,310.4853,1BRS.pdb,screening_001547|NA84I
screening_001548,A,84,82,N,K,NA84K,2.6394,260.0665,262.7059,1BRS.pdb,screening_001548|NA84K
screening_001549,A,84,82,N,L,NA84L,2.9939,260.0665,263.0604,1BRS.pdb,screening_001549|NA84L
screening_001550,A,84,82,N,M,NA84M,5.6757,260.0665,265.7421,1BRS.pdb,screening_001550|NA84M
screening_001551,A,84,82,N,P,NA84P,18.221,260.0665,278.2874,1BRS.pdb,screening_001551|NA84P
screening_001552,A,84,82,N,Q,NA84Q,3.3819,260.0665,263.4483,1BRS.pdb,screening_001552|NA84Q
screening_001553,A,84,82,N,R,NA84R,4.567,260.0665,264.6335,1BRS.pdb,screening_001553|NA84R
screening_001554,A,84,82,N,S,NA84S,1.793,260.0665,261.8595,1BRS.pdb,screening_001554|NA84S
screening_001555,A,84,82,N,T,NA84T,2.4527,260.0665,262.5192,1BRS.pdb,screening_001555|NA84T
screening_001556,A,84,82,N,V,NA84V,4.1384,260.0665,264.2048,1BRS.pdb,screening_001556|NA84V
screening_001557,A,84,82,N,W,NA84W,8.5342,260.0665,268.6006,1BRS.pdb,screening_001557|NA84W
screening_001558,A,84,82,N,Y,NA84Y,4.4344,260.0665,264.5009,1BRS.pdb,screening_001558|NA84Y
screening_001559,A,85,83,S,A,SA85A,-1.4211,260.0665,258.6453,1BRS.pdb,screening_001559|SA85A
screening_001560,A,85,83,S,C,SA85C,0.851,260.0665,260.9175,1BRS.pdb,screening_001560|SA85C
screening_001561,A,85,83,S,D,SA85D,5.0593,260.0665,265.1258,1BRS.pdb,screening_001561|SA85D
screening_001562,A,85,83,S,E,SA85E,3.5016,260.0665,263.5681,1BRS.pdb,screening_001562|SA85E
screening_001563,A,85,83,S,F,SA85F,75.895,260.0665,335.9614,1BRS.pdb,screening_001563|SA85F
screening_001564,A,85,83,S,G,SA85G,0.9487,260.0665,261.0152,1BRS.pdb,screening_001564|SA85G
screening_001565,A,85,83,S,H,SA85H,82.7543,260.0665,342.8207,1BRS.pdb,screening_001565|SA85H
screening_001566,A,85,83,S,I,SA85I,200.2543,260.0665,460.3207,1BRS.pdb,screening_001566|SA85I
screening_001567,A,85,83,S,K,SA85K,1.2975,260.0665,261.3639,1BRS.pdb,screening_001567|SA85K
screening_001568,A,85,83,S,L,SA85L,979.6474,260.0665,1239.7138,1BRS.pdb,screening_001568|SA85L
screening_001569,A,85,83,S,M,SA85M,2.4865,260.0665,262.553,1BRS.pdb,screening_001569|SA85M
screening_001570,A,85,83,S,N,SA85N,-0.1558,260.0665,259.9106,1BRS.pdb,screening_001570|SA85N
screening_001571,A,85,83,S,P,SA85P,23.1305,260.0665,283.197,1BRS.pdb,screening_001571|SA85P
screening_001572,A,85,83,S,Q,SA85Q,-0.7397,260.0665,259.3267,1BRS.pdb,screening_001572|SA85Q
screening_001573,A,85,83,S,R,SA85R,0.7807,260.0665,260.8471,1BRS.pdb,screening_001573|SA85R
screening_001574,A,85,83,S,T,SA85T,210.0487,260.0665,470.1151,1BRS.pdb,screening_001574|SA85T
screening_001575,A,85,83,S,V,SA85V,201.1617,260.0665,461.2282,1BRS.pdb,screening_001575|SA85V
screening_001576,A,85,83,S,W,SA85W,56.0338,260.0665,316.1002,1BRS.pdb,screening_001576|SA85W
screening_001577,A,85,83,S,Y,SA85Y,61.0442,260.0665,321.1106,1BRS.pdb,screening_001577|SA85Y
screening_001578,A,86,84,D,A,DA86A,-0.6816,260.0665,259.3848,1BRS.pdb,screening_001578|DA86A
screening_001579,A,86,84,D,C,DA86C,-0.1125,260.0665,259.954,1BRS.pdb,screening_001579|DA86C
screening_001580,A,86,84,D,E,DA86E,2.1222,260.0665,262.1887,1BRS.pdb,screening_001580|DA86E
screening_001581,A,86,84,D,F,DA86F,24.6076,260.0665,284.674,1BRS.pdb,screening_001581|DA86F
screening_001582,A,86,84,D,G,DA86G,4.3778,260.0665,264.4443,1BRS.pdb,screening_001582|DA86G
screening_001583,A,86,84,D,H,DA86H,-1.4918,260.0665,258.5746,1BRS.pdb,screening_001583|DA86H
screening_001584,A,86,84,D,I,DA86I,94.3393,260.0665,354.4057,1BRS.pdb,screening_001584|DA86I
screening_001585,A,86,84,D,K,DA86K,5.3082,260.0665,265.3746,1BRS.pdb,screening_001585|DA86K
screening_001586,A,86,84,D,L,DA86L,57.836,260.0665,317.9025,1BRS.pdb,screening_001586|DA86L
screening_001587,A,86,84,D,M,DA86M,8.5254,260.0665,268.5919,1BRS.pdb,screening_001587|DA86M
screening_001588,A,86,84,D,N,DA86N,2.0697,260.0665,262.1361,1BRS.pdb,screening_001588|DA86N
screening_001589,A,86,84,D,P,DA86P,197.7405,260.0665,457.8069,1BRS.pdb,screening_001589|DA86P
screening_001590,A,86,84,D,Q,DA86Q,1.3985,260.0665,261.4649,1BRS.pdb,screening_001590|DA86Q
screening_001591,A,86,84,D,R,DA86R,3.5304,260.0665,263.5968,1BRS.pdb,screening_001591|DA86R
screening_001592,A,86,84,D,S,DA86S,1.0587,260.0665,261.1252,1BRS.pdb,screening_001592|DA86S
screening_001593,A,86,84,D,T,DA86T,3.4456,260.0665,263.5121,1BRS.pdb,screening_001593|DA86T
screening_001594,A,86,84,D,V,DA86V,91.1137,260.0665,351.1802,1BRS.pdb,screening_001594|DA86V
screening_001595,A,86,84,D,W,DA86W,37.2653,260.0665,297.3318,1BRS.pdb,screening_001595|DA86W
screening_001596,A,86,84,D,Y,DA86Y,27.7061,260.0665,287.7725,1BRS.pdb,screening_001596|DA86Y
screening_001597,A,87,85,R,A,RA87A,-0.8215,260.0665,259.245,1BRS.pdb,screening_001597|RA87A
screening_001598,A,87,85,R,C,RA87C,1.7178,260.0665,261.7842,1BRS.pdb,screening_001598|RA87C
screening_001599,A,87,85,R,D,RA87D,7.9399,260.0665,268.0063,1BRS.pdb,screening_001599|RA87D
screening_001600,A,87,85,R,E,RA87E,16.9509,260.0665,277.0173,1BRS.pdb,screening_001600|RA87E
screening_001601,A,87,85,R,F,RA87F,1.2867,260.0665,261.3532,1BRS.pdb,screening_001601|RA87F
screening_001602,A,87,85,R,G,RA87G,3.4973,260.0665,263.5638,1BRS.pdb,screening_001602|RA87G
screening_001603,A,87,85,R,H,RA87H,-1.2398,260.0665,258.8267,1BRS.pdb,screening_001603|RA87H
screening_001604,A,87,85,R,I,RA87I,0.2147,260.0665,260.2811,1BRS.pdb,screening_001604|RA87I
screening_001605,A,87,85,R,K,RA87K,45.5435,260.0665,305.6099,1BRS.pdb,screening_001605|RA87K
screening_001606,A,87,85,R,L,RA87L,46.7872,260.0665,306.8537,1BRS.pdb,screening_001606|RA87L
screening_001607,A,87,85,R,M,RA87M,0.4176,260.0665,260.484,1BRS.pdb,screening_001607|RA87M
screening_001608,A,87,85,R,N,RA87N,1.8622,260.0665,261.9287,1BRS.pdb,screening_001608|RA87N
screening_001609,A,87,85,R,P,RA87P,280.52,260.0665,540.5865,1BRS.pdb,screening_001609|RA87P
screening_001610,A,87,85,R,Q,RA87Q,3.0301,260.0665,263.0965,1BRS.pdb,screening_001610|RA87Q
screening_001611,A,87,85,R,S,RA87S,0.9626,260.0665,261.029,1BRS.pdb,screening_001611|RA87S
screening_001612,A,87,85,R,T,RA87T,0.9003,260.0665,260.9667,1BRS.pdb,screening_001612|RA87T
screening_001613,A,87,85,R,V,RA87V,-0.7555,260.0665,259.311,1BRS.pdb,screening_001613|RA87V
screening_001614,A,87,85,R,W,RA87W,287.0622,260.0665,547.1286,1BRS.pdb,screening_001614|RA87W
screening_001615,A,87,85,R,Y,RA87Y,6.4989,260.0665,266.5653,1BRS.pdb,screening_001615|RA87Y
screening_001616,A,88,86,I,A,IA88A,6.4348,260.0665,266.5012,1BRS.pdb,screening_001616|IA88A
screening_001617,A,88,86,I,C,IA88C,6.115,260.0665,266.1815,1BRS.pdb,screening_001617|IA88C
screening_001618,A,88,86,I,D,IA88D,10.3702,260.0665,270.4366,1BRS.pdb,screening_001618|IA88D
screening_001619,A,88,86,I,E,IA88E,9.7963,260.0665,269.8628,1BRS.pdb,screening_001619|IA88E
screening_001620,A,88,86,I,F,IA88F,368.0451,260.0665,628.1115,1BRS.pdb,screening_001620|IA88F
screening_001621,A,88,86,I,G,IA88G,10.879,260.0665,270.9455,1BRS.pdb,screening_001621|IA88G
screening_001622,A,88,86,I,H,IA88H,211.2611,260.0665,471.3275,1BRS.pdb,screening_001622|IA88H
screening_001623,A,88,86,I,K,IA88K,47.5904,260.0665,307.6569,1BRS.pdb,screening_001623|IA88K
screening_001624,A,88,86,I,L,IA88L,-0.1953,260.0665,259.8712,1BRS.pdb,screening_001624|IA88L
screening_001625,A,88,86,I,M,IA88M,10.1436,260.0665,270.2101,1BRS.pdb,screening_001625|IA88M
screening_001626,A,88,86,I,N,IA88N,7.1349,260.0665,267.2013,1BRS.pdb,screening_001626|IA88N
screening_001627,A,88,86,I,P,IA88P,296.8899,260.0665,556.9564,1BRS.pdb,screening_001627|IA88P
screening_001628,A,88,86,I,Q,IA88Q,16.7709,260.0665,276.8374,1BRS.pdb,screening_001628|IA88Q
screening_001629,A,88,86,I,R,IA88R,428.6324,260.0665,688.6989,1BRS.pdb,screening_001629|IA88R
screening_001630,A,88,86,I,S,IA88S,6.2933,260.0665,266.3598,1BRS.pdb,screening_001630|IA88S
screening_001631,A,88,86,I,T,IA88T,9.3075,260.0665,269.374,1BRS.pdb,screening_001631|IA88T
screening_001632,A,88,86,I,V,IA88V,3.4377,260.0665,263.5041,1BRS.pdb,screening_001632|IA88V
screening_001633,A,88,86,I,W,IA88W,823.9889,260.0665,1084.0553,1BRS.pdb,screening_001633|IA88W
screening_001634,A,88,86,I,Y,IA88Y,608.12,260.0665,868.1864,1BRS.pdb,screening_001634|IA88Y
screening_001635,A,89,87,L,A,LA89A,4.6776,260.0665,264.744,1BRS.pdb,screening_001635|LA89A
screening_001636,A,89,87,L,C,LA89C,3.4561,260.0665,263.5226,1BRS.pdb,screening_001636|LA89C
screening_001637,A,89,87,L,D,LA89D,6.0556,260.0665,266.122,1BRS.pdb,screening_001637|LA89D
screening_001638,A,89,87,L,E,LA89E,9.0454,260.0665,269.1119,1BRS.pdb,screening_001638|LA89E
screening_001639,A,89,87,L,F,LA89F,100.5785,260.0665,360.645,1BRS.pdb,screening_001639|LA89F
screening_001640,A,89,87,L,G,LA89G,10.2765,260.0665,270.343,1BRS.pdb,screening_001640|LA89G
screening_001641,A,89,87,L,H,LA89H,4.5554,260.0665,264.6219,1BRS.pdb,screening_001641|LA89H
screening_001642,A,89,87,L,I,LA89I,42.6445,260.0665,302.711,1BRS.pdb,screening_001642|LA89I
screening_001643,A,89,87,L,K,LA89K,25.4406,260.0665,285.507,1BRS.pdb,screening_001643|LA89K
screening_001644,A,89,87,L,M,LA89M,38.9528,260.0665,299.0192,1BRS.pdb,screening_001644|LA89M
screening_001645,A,89,87,L,N,LA89N,3.3726,260.0665,263.439,1BRS.pdb,screening_001645|LA89N
screening_001646,A,89,87,L,P,LA89P,194.0996,260.0665,454.166,1BRS.pdb,screening_001646|LA89P
screening_001647,A,89,87,L,Q,LA89Q,6.1943,260.0665,266.2607,1BRS.pdb,screening_001647|LA89Q
screening_001648,A,89,87,L,R,LA89R,381.0757,260.0665,641.1421,1BRS.pdb,screening_001648|LA89R
screening_001649,A,89,87,L,S,LA89S,4.8391,260.0665,264.9055,1BRS.pdb,screening_001649|LA89S
screening_001650,A,89,87,L,T,LA89T,13.1776,260.0665,273.244,1BRS.pdb,screening_001650|LA89T
screening_001651,A,89,87,L,V,LA89V,47.3115,260.0665,307.378,1BRS.pdb,screening_001651|LA89V
screening_001652,A,89,87,L,W,LA89W,664.4668,260.0665,924.5332,1BRS.pdb,screening_001652|LA89W
screening_001653,A,89,87,L,Y,LA89Y,303.2013,260.0665,563.2678,1BRS.pdb,screening_001653|LA89Y
screening_001654,A,90,88,Y,A,YA90A,5.4244,260.0665,265.4908,1BRS.pdb,screening_001654|YA90A
screening_001655,A,90,88,Y,C,YA90C,3.8187,260.0665,263.8851,1BRS.pdb,screening_001655|YA90C
screening_001656,A,90,88,Y,D,YA90D,10.1739,260.0665,270.2403,1BRS.pdb,screening_001656|YA90D
screening_001657,A,90,88,Y,E,YA90E,10.487,260.0665,270.5535,1BRS.pdb,screening_001657|YA90E
screening_001658,A,90,88,Y,F,YA90F,15.7334,260.0665,275.7998,1BRS.pdb,screening_001658|YA90F
screening_001659,A,90,88,Y,G,YA90G,9.9806,260.0665,270.0471,1BRS.pdb,screening_001659|YA90G
screening_001660,A,90,88,Y,H,YA90H,9.9672,260.0665,270.0337,1BRS.pdb,screening_001660|YA90H
screening_001661,A,90,88,Y,I,YA90I,55.0116,260.0665,315.0781,1BRS.pdb,screening_001661|YA90I
screening_001662,A,90,88,Y,K,YA90K,22.2814,260.0665,282.3478,1BRS.pdb,screening_001662|YA90K
screening_001663,A,90,88,Y,L,YA90L,87.938,260.0665,348.0044,1BRS.pdb,screening_001663|YA90L
screening_001664,A,90,88,Y,M,YA90M,23.0361,260.0665,283.1025,1BRS.pdb,screening_001664|YA90M
screening_001665,A,90,88,Y,N,YA90N,7.4274,260.0665,267.4939,1BRS.pdb,screening_001665|YA90N
screening_001666,A,90,88,Y,P,YA90P,156.0208,260.0665,416.0872,1BRS.pdb,screening_001666|YA90P
screening_001667,A,90,88,Y,Q,YA90Q,32.2914,260.0665,292.3578,1BRS.pdb,screening_001667|YA90Q
screening_001668,A,90,88,Y,R,YA90R,11.7869,260.0665,271.8534,1BRS.pdb,screening_001668|YA90R
screening_001669,A,90,88,Y,S,YA90S,5.4467,260.0665,265.5132,1BRS.pdb,screening_001669|YA90S
screening_001670,A,90,88,Y,T,YA90T,3.5194,260.0665,263.5858,1BRS.pdb,screening_001670|YA90T
screening_001671,A,90,88,Y,V,YA90V,1.1961,260.0665,261.2625,1BRS.pdb,screening_001671|YA90V
screening_001672,A,90,88,Y,W,YA90W,37.3228,260.0665,297.3893,1BRS.pdb,screening_001672|YA90W
screening_001673,A,91,89,S,A,SA91A,-5.2516,260.0665,254.8148,1BRS.pdb,screening_001673|SA91A
screening_001674,A,91,89,S,C,SA91C,91.4153,260.0665,351.4817,1BRS.pdb,screening_001674|SA91C
screening_001675,A,91,89,S,D,SA91D,124.299,260.0665,384.3655,1BRS.pdb,screening_001675|SA91D
screening_001676,A,91,89,S,E,SA91E,462.0255,260.0665,722.0919,1BRS.pdb,screening_001676|SA91E
screening_001677,A,91,89,S,F,SA91F,1951.2265,260.0665,2211.293,1BRS.pdb,screening_001677|SA91F
screening_001678,A,91,89,S,G,SA91G,-1.2148,260.0665,258.8516,1BRS.pdb,screening_001678|SA91G
screening_001679,A,91,89,S,H,SA91H,1241.7623,260.0665,1501.8287,1BRS.pdb,screening_001679|SA91H
screening_001680,A,91,89,S,I,SA91I,493.8297,260.0665,753.8961,1BRS.pdb,screening_001680|SA91I
screening_001681,A,91,89,S,K,SA91K,885.443,260.0665,1145.5094,1BRS.pdb,screening_001681|SA91K
screening_001682,A,91,89,S,L,SA91L,840.9612,260.0665,1101.0277,1BRS.pdb,screening_001682|SA91L
screening_001683,A,91,89,S,M,SA91M,973.7275,260.0665,1233.794,1BRS.pdb,screening_001683|SA91M
screening_001684,A,91,89,S,N,SA91N,232.0327,260.0665,492.0992,1BRS.pdb,screening_001684|SA91N
screening_001685,A,91,89,S,P,SA91P,346.8774,260.0665,606.9439,1BRS.pdb,screening_001685|SA91P
screening_001686,A,91,89,S,Q,SA91Q,522.4876,260.0665,782.554,1BRS.pdb,screening_001686|SA91Q
screening_001687,A,91,89,S,R,SA91R,1232.3619,260.0665,1492.4284,1BRS.pdb,screening_001687|SA91R
screening_001688,A,91,89,S,T,SA91T,131.1703,260.0665,391.2367,1BRS.pdb,screening_001688|SA91T
screening_001689,A,91,89,S,V,SA91V,203.6078,260.0665,463.6743,1BRS.pdb,screening_001689|SA91V
screening_001690,A,91,89,S,W,SA91W,2522.2969,260.0665,2782.3633,1BRS.pdb,screening_001690|SA91W
screening_001691,A,91,89,S,Y,SA91Y,1960.2349,260.0665,2220.3013,1BRS.pdb,screening_001691|SA91Y
screening_001692,A,92,90,S,A,SA92A,1.3673,260.0665,261.4338,1BRS.pdb,screening_001692|SA92A
screening_001693,A,92,90,S,C,SA92C,22.4076,260.0665,282.474,1BRS.pdb,screening_001693|SA92C
screening_001694,A,92,90,S,D,SA92D,4.1215,260.0665,264.188,1BRS.pdb,screening_001694|SA92D
screening_001695,A,92,90,S,E,SA92E,25.2685,260.0665,285.335,1BRS.pdb,screening_001695|SA92E
screening_001696,A,92,90,S,F,SA92F,6.1735,260.0665,266.24,1BRS.pdb,screening_001696|SA92F
screening_001697,A,92,90,S,G,SA92G,3.3173,260.0665,263.3837,1BRS.pdb,screening_001697|SA92G
screening_001698,A,92,90,S,H,SA92H,4.6095,260.0665,264.676,1BRS.pdb,screening_001698|SA92H
screening_001699,A,92,90,S,I,SA92I,4.425,260.0665,264.4915,1BRS.pdb,screening_001699|SA92I
screening_001700,A,92,90,S,K,SA92K,2.8838,260.0665,262.9502,1BRS.pdb,screening_001700|SA92K
screening_001701,A,92,90,S,L,SA92L,4.4028,260.0665,264.4692,1BRS.pdb,screening_001701|SA92L
screening_001702,A,92,90,S,M,SA92M,5.2432,260.0665,265.3097,1BRS.pdb,screening_001702|SA92M
screening_001703,A,92,90,S,N,SA92N,3.8329,260.0665,263.8993,1BRS.pdb,screening_001703|SA92N
screening_001704,A,92,90,S,P,SA92P,306.6877,260.0665,566.7542,1BRS.pdb,screening_001704|SA92P
screening_001705,A,92,90,S,Q,SA92Q,4.1139,260.0665,264.1804,1BRS.pdb,screening_001705|SA92Q
screening_001706,A,92,90,S,R,SA92R,4.2117,260.0665,264.2781,1BRS.pdb,screening_001706|SA92R
screening_001707,A,92,90,S,T,SA92T,4.8295,260.0665,264.896,1BRS.pdb,screening_001707|SA92T
screening_001708,A,92,90,S,V,SA92V,5.3889,260.0665,265.4553,1BRS.pdb,screening_001708|SA92V
screening_001709,A,92,90,S,W,SA92W,418.5245,260.0665,678.5909,1BRS.pdb,screening_001709|SA92W
screening_001710,A,92,90,S,Y,SA92Y,5.6112,260.0665,265.6776,1BRS.pdb,screening_001710|SA92Y
screening_001711,A,93,91,D,A,DA93A,2.4686,260.0665,262.5351,1BRS.pdb,screening_001711|DA93A
screening_001712,A,93,91,D,C,DA93C,2.2342,260.0665,262.3006,1BRS.pdb,screening_001712|DA93C
screening_001713,A,93,91,D,E,DA93E,-0.1008,260.0665,259.9657,1BRS.pdb,screening_001713|DA93E
screening_001714,A,93,91,D,F,DA93F,0.3474,260.0665,260.4138,1BRS.pdb,screening_001714|DA93F
screening_001715,A,93,91,D,G,DA93G,3.0781,260.0665,263.1445,1BRS.pdb,screening_001715|DA93G
screening_001716,A,93,91,D,H,DA93H,0.3466,260.0665,260.413,1BRS.pdb,screening_001716|DA93H
screening_001717,A,93,91,D,I,DA93I,47.8384,260.0665,307.9048,1BRS.pdb,screening_001717|DA93I
screening_001718,A,93,91,D,K,DA93K,1.2895,260.0665,261.3559,1BRS.pdb,screening_001718|DA93K
screening_001719,A,93,91,D,L,DA93L,0.858,260.0665,260.9244,1BRS.pdb,screening_001719|DA93L
screening_001720,A,93,91,D,M,DA93M,2.035,260.0665,262.1014,1BRS.pdb,screening_001720|DA93M
screening_001721,A,93,91,D,N,DA93N,1.0832,260.0665,261.1496,1BRS.pdb,screening_001721|DA93N
screening_001722,A,93,91,D,P,DA93P,74.1431,260.0665,334.2096,1BRS.pdb,screening_001722|DA93P
screening_001723,A,93,91,D,Q,DA93Q,0.3278,260.0665,260.3943,1BRS.pdb,screening_001723|DA93Q
screening_001724,A,93,91,D,R,DA93R,2.6986,260.0665,262.7651,1BRS.pdb,screening_001724|DA93R
screening_001725,A,93,91,D,S,DA93S,1.49,260.0665,261.5564,1BRS.pdb,screening_001725|DA93S
screening_001726,A,93,91,D,T,DA93T,1.3787,260.0665,261.4451,1BRS.pdb,screening_001726|DA93T
screening_001727,A,93,91,D,V,DA93V,0.5779,260.0665,260.6444,1BRS.pdb,screening_001727|DA93V
screening_001728,A,93,91,D,W,DA93W,3.7924,260.0665,263.8588,1BRS.pdb,screening_001728|DA93W
screening_001729,A,93,91,D,Y,DA93Y,0.1183,260.0665,260.1848,1BRS.pdb,screening_001729|DA93Y
screening_001730,A,94,92,W,A,WA94A,4.287,260.0665,264.3534,1BRS.pdb,screening_001730|WA94A
screening_001731,A,94,92,W,C,WA94C,5.0909,260.0665,265.1573,1BRS.pdb,screening_001731|WA94C
screening_001732,A,94,92,W,D,WA94D,3.687,260.0665,263.7535,1BRS.pdb,screening_001732|WA94D
screening_001733,A,94,92,W,E,WA94E,5.3341,260.0665,265.4006,1BRS.pdb,screening_001733|WA94E
screening_001734,A,94,92,W,F,WA94F,43.9936,260.0665,304.0601,1BRS.pdb,screening_001734|WA94F
screening_001735,A,94,92,W,G,WA94G,3.6658,260.0665,263.7322,1BRS.pdb,screening_001735|WA94G
screening_001736,A,94,92,W,H,WA94H,14.5393,260.0665,274.6057,1BRS.pdb,screening_001736|WA94H
screening_001737,A,94,92,W,I,WA94I,14.5053,260.0665,274.5717,1BRS.pdb,screening_001737|WA94I
screening_001738,A,94,92,W,K,WA94K,23.3264,260.0665,283.3929,1BRS.pdb,screening_001738|WA94K
screening_001739,A,94,92,W,L,WA94L,10.9201,260.0665,270.9866,1BRS.pdb,screening_001739|WA94L
screening_001740,A,94,92,W,M,WA94M,5.1837,260.0665,265.2501,1BRS.pdb,screening_001740|WA94M
screening_001741,A,94,92,W,N,WA94N,2.1977,260.0665,262.2642,1BRS.pdb,screening_001741|WA94N
screening_001742,A,94,92,W,P,WA94P,383.281,260.0665,643.3474,1BRS.pdb,screening_001742|WA94P
screening_001743,A,94,92,W,Q,WA94Q,2.3962,260.0665,262.4626,1BRS.pdb,screening_001743|WA94Q
screening_001744,A,94,92,W,R,WA94R,5.0752,260.0665,265.1417,1BRS.pdb,screening_001744|WA94R
screening_001745,A,94,92,W,S,WA94S,3.8989,260.0665,263.9653,1BRS.pdb,screening_001745|WA94S
screening_001746,A,94,92,W,T,WA94T,6.9855,260.0665,267.052,1BRS.pdb,screening_001746|WA94T
screening_001747,A,94,92,W,V,WA94V,14.73,260.0665,274.7965,1BRS.pdb,screening_001747|WA94V
screening_001748,A,94,92,W,Y,WA94Y,88.244,260.0665,348.3104,1BRS.pdb,screening_001748|WA94Y
screening_001749,A,95,93,L,A,LA95A,0.4469,260.0665,260.5133,1BRS.pdb,screening_001749|LA95A
screening_001750,A,95,93,L,C,LA95C,1.6285,260.0665,261.6949,1BRS.pdb,screening_001750|LA95C
screening_001751,A,95,93,L,D,LA95D,3.9794,260.0665,264.0458,1BRS.pdb,screening_001751|LA95D
screening_001752,A,95,93,L,E,LA95E,0.9907,260.0665,261.0571,1BRS.pdb,screening_001752|LA95E
screening_001753,A,95,93,L,F,LA95F,3.6908,260.0665,263.7572,1BRS.pdb,screening_001753|LA95F
screening_001754,A,95,93,L,G,LA95G,3.0721,260.0665,263.1386,1BRS.pdb,screening_001754|LA95G
screening_001755,A,95,93,L,H,LA95H,1.9729,260.0665,262.0394,1BRS.pdb,screening_001755|LA95H
screening_001756,A,95,93,L,I,LA95I,8.926,260.0665,268.9925,1BRS.pdb,screening_001756|LA95I
screening_001757,A,95,93,L,K,LA95K,2.2432,260.0665,262.3096,1BRS.pdb,screening_001757|LA95K
screening_001758,A,95,93,L,M,LA95M,0.8451,260.0665,260.9116,1BRS.pdb,screening_001758|LA95M
screening_001759,A,95,93,L,N,LA95N,0.4713,260.0665,260.5377,1BRS.pdb,screening_001759|LA95N
screening_001760,A,95,93,L,P,LA95P,359.0504,260.0665,619.1169,1BRS.pdb,screening_001760|LA95P
screening_001761,A,95,93,L,Q,LA95Q,-0.4227,260.0665,259.6438,1BRS.pdb,screening_001761|LA95Q
screening_001762,A,95,93,L,R,LA95R,2.9128,260.0665,262.9792,1BRS.pdb,screening_001762|LA95R
screening_001763,A,95,93,L,S,LA95S,1.3141,260.0665,261.3805,1BRS.pdb,screening_001763|LA95S
screening_001764,A,95,93,L,T,LA95T,2.8074,260.0665,262.8739,1BRS.pdb,screening_001764|LA95T
screening_001765,A,95,93,L,V,LA95V,9.8295,260.0665,269.896,1BRS.pdb,screening_001765|LA95V
screening_001766,A,95,93,L,W,LA95W,2.2663,260.0665,262.3327,1BRS.pdb,screening_001766|LA95W
screening_001767,A,95,93,L,Y,LA95Y,3.9803,260.0665,264.0467,1BRS.pdb,screening_001767|LA95Y
screening_001768,A,96,94,I,A,IA96A,6.0886,260.0665,266.155,1BRS.pdb,screening_001768|IA96A
screening_001769,A,96,94,I,C,IA96C,5.8608,260.0665,265.9273,1BRS.pdb,screening_001769|IA96C
screening_001770,A,96,94,I,D,IA96D,8.5056,260.0665,268.5721,1BRS.pdb,screening_001770|IA96D
screening_001771,A,96,94,I,E,IA96E,11.9262,260.0665,271.9926,1BRS.pdb,screening_001771|IA96E
screening_001772,A,96,94,I,F,IA96F,46.263,260.0665,306.3295,1BRS.pdb,screening_001772|IA96F
screening_001773,A,96,94,I,G,IA96G,10.9677,260.0665,271.0342,1BRS.pdb,screening_001773|IA96G
screening_001774,A,96,94,I,H,IA96H,6.3071,260.0665,266.3735,1BRS.pdb,screening_001774|IA96H
screening_001775,A,96,94,I,K,IA96K,65.0624,260.0665,325.1288,1BRS.pdb,screening_001775|IA96K
screening_001776,A,96,94,I,L,IA96L,19.449,260.0665,279.5155,1BRS.pdb,screening_001776|IA96L
screening_001777,A,96,94,I,M,IA96M,19.0324,260.0665,279.0988,1BRS.pdb,screening_001777|IA96M
screening_001778,A,96,94,I,N,IA96N,6.2855,260.0665,266.3519,1BRS.pdb,screening_001778|IA96N
screening_001779,A,96,94,I,P,IA96P,283.8025,260.0665,543.8689,1BRS.pdb,screening_001779|IA96P
screening_001780,A,96,94,I,Q,IA96Q,18.0556,260.0665,278.1221,1BRS.pdb,screening_001780|IA96Q
screening_001781,A,96,94,I,R,IA96R,260.4701,260.0665,520.5366,1BRS.pdb,screening_001781|IA96R
screening_001782,A,96,94,I,S,IA96S,6.009,260.0665,266.0754,1BRS.pdb,screening_001782|IA96S
screening_001783,A,96,94,I,T,IA96T,3.0489,260.0665,263.1153,1BRS.pdb,screening_001783|IA96T
screening_001784,A,96,94,I,V,IA96V,-0.4678,260.0665,259.5987,1BRS.pdb,screening_001784|IA96V
screening_001785,A,96,94,I,W,IA96W,207.3416,260.0665,467.408,1BRS.pdb,screening_001785|IA96W
screening_001786,A,96,94,I,Y,IA96Y,79.1871,260.0665,339.2536,1BRS.pdb,screening_001786|IA96Y
screening_001787,A,97,95,Y,A,YA97A,4.6415,260.0665,264.7079,1BRS.pdb,screening_001787|YA97A
screening_001788,A,97,95,Y,C,YA97C,5.0344,260.0665,265.1008,1BRS.pdb,screening_001788|YA97C
screening_001789,A,97,95,Y,D,YA97D,8.1412,260.0665,268.2076,1BRS.pdb,screening_001789|YA97D
screening_001790,A,97,95,Y,E,YA97E,17.0557,260.0665,277.1222,1BRS.pdb,screening_001790|YA97E
screening_001791,A,97,95,Y,F,YA97F,13.4088,260.0665,273.4753,1BRS.pdb,screening_001791|YA97F
screening_001792,A,97,95,Y,G,YA97G,8.2832,260.0665,268.3497,1BRS.pdb,screening_001792|YA97G
screening_001793,A,97,95,Y,H,YA97H,3.2345,260.0665,263.301,1BRS.pdb,screening_001793|YA97H
screening_001794,A,97,95,Y,I,YA97I,132.9788,260.0665,393.0453,1BRS.pdb,screening_001794|YA97I
screening_001795,A,97,95,Y,K,YA97K,47.1024,260.0665,307.1688,1BRS.pdb,screening_001795|YA97K
screening_001796,A,97,95,Y,L,YA97L,71.9667,260.0665,332.0331,1BRS.pdb,screening_001796|YA97L
screening_001797,A,97,95,Y,M,YA97M,122.6672,260.0665,382.7337,1BRS.pdb,screening_001797|YA97M
screening_001798,A,97,95,Y,N,YA97N,6.2829,260.0665,266.3494,1BRS.pdb,screening_001798|YA97N
screening_001799,A,97,95,Y,P,YA97P,248.7909,260.0665,508.8573,1BRS.pdb,screening_001799|YA97P
screening_001800,A,97,95,Y,Q,YA97Q,25.5313,260.0665,285.5978,1BRS.pdb,screening_001800|YA97Q
screening_001801,A,97,95,Y,R,YA97R,53.4909,260.0665,313.5574,1BRS.pdb,screening_001801|YA97R
screening_001802,A,97,95,Y,S,YA97S,5.6876,260.0665,265.7541,1BRS.pdb,screening_001802|YA97S
screening_001803,A,97,95,Y,T,YA97T,9.326,260.0665,269.3924,1BRS.pdb,screening_001803|YA97T
screening_001804,A,97,95,Y,V,YA97V,49.6241,260.0665,309.6906,1BRS.pdb,screening_001804|YA97V
screening_001805,A,97,95,Y,W,YA97W,11.1063,260.0665,271.1727,1BRS.pdb,screening_001805|YA97W
screening_001806,A,98,96,K,A,KA98A,0.7745,260.0665,260.8409,1BRS.pdb,screening_001806|KA98A
screening_001807,A,98,96,K,C,KA98C,2.6448,260.0665,262.7113,1BRS.pdb,screening_001807|KA98C
screening_001808,A,98,96,K,D,KA98D,6.3497,260.0665,266.4161,1BRS.pdb,screening_001808|KA98D
screening_001809,A,98,96,K,E,KA98E,1.7396,260.0665,261.8061,1BRS.pdb,screening_001809|KA98E
screening_001810,A,98,96,K,F,KA98F,140.5648,260.0665,400.6312,1BRS.pdb,screening_001810|KA98F
screening_001811,A,98,96,K,G,KA98G,4.8219,260.0665,264.8884,1BRS.pdb,screening_001811|KA98G
screening_001812,A,98,96,K,H,KA98H,73.5071,260.0665,333.5735,1BRS.pdb,screening_001812|KA98H
screening_001813,A,98,96,K,I,KA98I,25.7239,260.0665,285.7903,1BRS.pdb,screening_001813|KA98I
screening_001814,A,98,96,K,L,KA98L,30.0002,260.0665,290.0667,1BRS.pdb,screening_001814|KA98L
screening_001815,A,98,96,K,M,KA98M,-0.4329,260.0665,259.6336,1BRS.pdb,screening_001815|KA98M
screening_001816,A,98,96,K,N,KA98N,5.2862,260.0665,265.3527,1BRS.pdb,screening_001816|KA98N
screening_001817,A,98,96,K,P,KA98P,260.5132,260.0665,520.5797,1BRS.pdb,screening_001817|KA98P
screening_001818,A,98,96,K,Q,KA98Q,0.0156,260.0665,260.0821,1BRS.pdb,screening_001818|KA98Q
screening_001819,A,98,96,K,R,KA98R,0.6767,260.0665,260.7431,1BRS.pdb,screening_001819|KA98R
screening_001820,A,98,96,K,S,KA98S,1.7784,260.0665,261.8449,1BRS.pdb,screening_001820|KA98S
screening_001821,A,98,96,K,T,KA98T,25.3074,260.0665,285.3738,1BRS.pdb,screening_001821|KA98T
screening_001822,A,98,96,K,V,KA98V,28.3477,260.0665,288.4142,1BRS.pdb,screening_001822|KA98V
screening_001823,A,98,96,K,W,KA98W,122.81,260.0665,382.8764,1BRS.pdb,screening_001823|KA98W
screening_001824,A,98,96,K,Y,KA98Y,149.3011,260.0665,409.3675,1BRS.pdb,screening_001824|KA98Y
screening_001825,A,99,97,T,A,TA99A,-1.5299,260.0665,258.5365,1BRS.pdb,screening_001825|TA99A
screening_001826,A,99,97,T,C,TA99C,8.5605,260.0665,268.627,1BRS.pdb,screening_001826|TA99C
screening_001827,A,99,97,T,D,TA99D,24.2084,260.0665,284.2748,1BRS.pdb,screening_001827|TA99D
screening_001828,A,99,97,T,E,TA99E,19.3993,260.0665,279.4657,1BRS.pdb,screening_001828|TA99E
screening_001829,A,99,97,T,F,TA99F,1146.5944,260.0665,1406.6608,1BRS.pdb,screening_001829|TA99F
screening_001830,A,99,97,T,G,TA99G,3.6885,260.0665,263.7549,1BRS.pdb,screening_001830|TA99G
screening_001831,A,99,97,T,H,TA99H,495.9987,260.0665,756.0651,1BRS.pdb,screening_001831|TA99H
screening_001832,A,99,97,T,I,TA99I,273.6953,260.0665,533.7617,1BRS.pdb,screening_001832|TA99I
screening_001833,A,99,97,T,K,TA99K,501.8193,260.0665,761.8857,1BRS.pdb,screening_001833|TA99K
screening_001834,A,99,97,T,L,TA99L,416.8562,260.0665,676.9227,1BRS.pdb,screening_001834|TA99L
screening_001835,A,99,97,T,M,TA99M,253.0707,260.0665,513.1371,1BRS.pdb,screening_001835|TA99M
screening_001836,A,99,97,T,N,TA99N,23.3347,260.0665,283.4011,1BRS.pdb,screening_001836|TA99N
screening_001837,A,99,97,T,P,TA99P,272.1358,260.0665,532.2022,1BRS.pdb,screening_001837|TA99P
screening_001838,A,99,97,T,Q,TA99Q,38.8124,260.0665,298.8788,1BRS.pdb,screening_001838|TA99Q
screening_001839,A,99,97,T,R,TA99R,357.6807,260.0665,617.7472,1BRS.pdb,screening_001839|TA99R
screening_001840,A,99,97,T,S,TA99S,-0.7003,260.0665,259.3662,1BRS.pdb,screening_001840|TA99S
screening_001841,A,99,97,T,V,TA99V,24.9213,260.0665,284.9878,1BRS.pdb,screening_001841|TA99V
screening_001842,A,99,97,T,W,TA99W,1569.7475,260.0665,1829.814,1BRS.pdb,screening_001842|TA99W
screening_001843,A,99,97,T,Y,TA99Y,1438.5127,260.0665,1698.5792,1BRS.pdb,screening_001843|TA99Y
screening_001844,A,100,98,T,A,TA100A,3.0827,260.0665,263.1492,1BRS.pdb,screening_001844|TA100A
screening_001845,A,100,98,T,C,TA100C,2.4563,260.0665,262.5228,1BRS.pdb,screening_001845|TA100C
screening_001846,A,100,98,T,D,TA100D,3.1428,260.0665,263.2092,1BRS.pdb,screening_001846|TA100D
screening_001847,A,100,98,T,E,TA100E,-0.8909,260.0665,259.1755,1BRS.pdb,screening_001847|TA100E
screening_001848,A,100,98,T,F,TA100F,3.5376,260.0665,263.604,1BRS.pdb,screening_001848|TA100F
screening_001849,A,100,98,T,G,TA100G,3.8245,260.0665,263.8909,1BRS.pdb,screening_001849|TA100G
screening_001850,A,100,98,T,H,TA100H,2.6482,260.0665,262.7147,1BRS.pdb,screening_001850|TA100H
screening_001851,A,100,98,T,I,TA100I,1.4219,260.0665,261.4884,1BRS.pdb,screening_001851|TA100I
screening_001852,A,100,98,T,K,TA100K,2.6503,260.0665,262.7167,1BRS.pdb,screening_001852|TA100K
screening_001853,A,100,98,T,L,TA100L,67.1281,260.0665,327.1946,1BRS.pdb,screening_001853|TA100L
screening_001854,A,100,98,T,M,TA100M,2.3692,260.0665,262.4357,1BRS.pdb,screening_001854|TA100M
screening_001855,A,100,98,T,N,TA100N,2.3613,260.0665,262.4277,1BRS.pdb,screening_001855|TA100N
screening_001856,A,100,98,T,P,TA100P,90.6514,260.0665,350.7179,1BRS.pdb,screening_001856|TA100P
screening_001857,A,100,98,T,Q,TA100Q,1.5393,260.0665,261.6058,1BRS.pdb,screening_001857|TA100Q
screening_001858,A,100,98,T,R,TA100R,2.3386,260.0665,262.4051,1BRS.pdb,screening_001858|TA100R
screening_001859,A,100,98,T,S,TA100S,0.8373,260.0665,260.9038,1BRS.pdb,screening_001859|TA100S
screening_001860,A,100,98,T,V,TA100V,0.906,260.0665,260.9725,1BRS.pdb,screening_001860|TA100V
screening_001861,A,100,98,T,W,TA100W,4.5249,260.0665,264.5913,1BRS.pdb,screening_001861|TA100W
screening_001862,A,100,98,T,Y,TA100Y,2.6611,260.0665,262.7275,1BRS.pdb,screening_001862|TA100Y
screening_001863,A,101,99,D,A,DA101A,4.2113,260.0665,264.2778,1BRS.pdb,screening_001863|DA101A
screening_001864,A,101,99,D,C,DA101C,6.0233,260.0665,266.0897,1BRS.pdb,screening_001864|DA101C
screening_001865,A,101,99,D,E,DA101E,4.4102,260.0665,264.4766,1BRS.pdb,screening_001865|DA101E
screening_001866,A,101,99,D,F,DA101F,4.7973,260.0665,264.8637,1BRS.pdb,screening_001866|DA101F
screening_001867,A,101,99,D,G,DA101G,6.0489,260.0665,266.1154,1BRS.pdb,screening_001867|DA101G
screening_001868,A,101,99,D,H,DA101H,3.4421,260.0665,263.5086,1BRS.pdb,screening_001868|DA101H
screening_001869,A,101,99,D,I,DA101I,8.0569,260.0665,268.1234,1BRS.pdb,screening_001869|DA101I
screening_001870,A,101,99,D,K,DA101K,3.771,260.0665,263.8375,1BRS.pdb,screening_001870|DA101K
screening_001871,A,101,99,D,L,DA101L,4.2218,260.0665,264.2883,1BRS.pdb,screening_001871|DA101L
screening_001872,A,101,99,D,M,DA101M,5.766,260.0665,265.8325,1BRS.pdb,screening_001872|DA101M
screening_001873,A,101,99,D,N,DA101N,2.0879,260.0665,262.1543,1BRS.pdb,screening_001873|DA101N
screening_001874,A,101,99,D,P,DA101P,169.9272,260.0665,429.9937,1BRS.pdb,screening_001874|DA101P
screening_001875,A,101,99,D,Q,DA101Q,4.598,260.0665,264.6644,1BRS.pdb,screening_001875|DA101Q
screening_001876,A,101,99,D,R,DA101R,4.318,260.0665,264.3844,1BRS.pdb,screening_001876|DA101R
screening_001877,A,101,99,D,S,DA101S,3.7423,260.0665,263.8088,1BRS.pdb,screening_001877|DA101S
screening_001878,A,101,99,D,T,DA101T,4.5133,260.0665,264.5797,1BRS.pdb,screening_001878|DA101T
screening_001879,A,101,99,D,V,DA101V,3.5962,260.0665,263.6626,1BRS.pdb,screening_001879|DA101V
screening_001880,A,101,99,D,W,DA101W,7.9115,260.0665,267.9779,1BRS.pdb,screening_001880|DA101W
screening_001881,A,101,99,D,Y,DA101Y,4.69,260.0665,264.7565,1BRS.pdb,screening_001881|DA101Y
screening_001882,A,102,100,H,A,HA102A,7.5727,260.0665,267.6392,1BRS.pdb,screening_001882|HA102A
screening_001883,A,102,100,H,C,HA102C,9.916,260.0665,269.9825,1BRS.pdb,screening_001883|HA102C
screening_001884,A,102,100,H,D,HA102D,5.4514,260.0665,265.5178,1BRS.pdb,screening_001884|HA102D
screening_001885,A,102,100,H,E,HA102E,58.9937,260.0665,319.0601,1BRS.pdb,screening_001885|HA102E
screening_001886,A,102,100,H,F,HA102F,500.5548,260.0665,760.6213,1BRS.pdb,screening_001886|HA102F
screening_001887,A,102,100,H,G,HA102G,10.9644,260.0665,271.0308,1BRS.pdb,screening_001887|HA102G
screening_001888,A,102,100,H,I,HA102I,178.6756,260.0665,438.7421,1BRS.pdb,screening_001888|HA102I
screening_001889,A,102,100,H,K,HA102K,266.4306,260.0665,526.4971,1BRS.pdb,screening_001889|HA102K
screening_001890,A,102,100,H,L,HA102L,230.4975,260.0665,490.5639,1BRS.pdb,screening_001890|HA102L
screening_001891,A,102,100,H,M,HA102M,217.1292,260.0665,477.1956,1BRS.pdb,screening_001891|HA102M
screening_001892,A,102,100,H,N,HA102N,17.9275,260.0665,277.994,1BRS.pdb,screening_001892|HA102N
screening_001893,A,102,100,H,P,HA102P,404.0816,260.0665,664.148,1BRS.pdb,screening_001893|HA102P
screening_001894,A,102,100,H,Q,HA102Q,46.1129,260.0665,306.1793,1BRS.pdb,screening_001894|HA102Q
screening_001895,A,102,100,H,R,HA102R,214.817,260.0665,474.8834,1BRS.pdb,screening_001895|HA102R
screening_001896,A,102,100,H,S,HA102S,8.767,260.0665,268.8334,1BRS.pdb,screening_001896|HA102S
screening_001897,A,102,100,H,T,HA102T,12.9346,260.0665,273.0011,1BRS.pdb,screening_001897|HA102T
screening_001898,A,102,100,H,V,HA102V,66.9517,260.0665,327.0182,1BRS.pdb,screening_001898|HA102V
screening_001899,A,102,100,H,W,HA102W,528.0064,260.0665,788.0729,1BRS.pdb,screening_001899|HA102W
screening_001900,A,102,100,H,Y,HA102Y,777.6556,260.0665,1037.7221,1BRS.pdb,screening_001900|HA102Y
screening_001901,A,103,101,Y,A,YA103A,7.5496,260.0665,267.616,1BRS.pdb,screening_001901|YA103A
screening_001902,A,103,101,Y,C,YA103C,7.5375,260.0665,267.6039,1BRS.pdb,screening_001902|YA103C
screening_001903,A,103,101,Y,D,YA103D,6.5687,260.0665,266.6351,1BRS.pdb,screening_001903|YA103D
screening_001904,A,103,101,Y,E,YA103E,10.8096,260.0665,270.876,1BRS.pdb,screening_001904|YA103E
screening_001905,A,103,101,Y,F,YA103F,4.964,260.0665,265.0304,1BRS.pdb,screening_001905|YA103F
screening_001906,A,103,101,Y,G,YA103G,8.3903,260.0665,268.4567,1BRS.pdb,screening_001906|YA103G
screening_001907,A,103,101,Y,H,YA103H,2.4644,260.0665,262.5309,1BRS.pdb,screening_001907|YA103H
screening_001908,A,103,101,Y,I,YA103I,109.5904,260.0665,369.6568,1BRS.pdb,screening_001908|YA103I
screening_001909,A,103,101,Y,K,YA103K,33.1637,260.0665,293.2302,1BRS.pdb,screening_001909|YA103K
screening_001910,A,103,101,Y,L,YA103L,83.1688,260.0665,343.2352,1BRS.pdb,screening_001910|YA103L
screening_001911,A,103,101,Y,M,YA103M,7.7933,260.0665,267.8598,1BRS.pdb,screening_001911|YA103M
screening_001912,A,103,101,Y,N,YA103N,5.0685,260.0665,265.1349,1BRS.pdb,screening_001912|YA103N
screening_001913,A,103,101,Y,P,YA103P,377.0901,260.0665,637.1565,1BRS.pdb,screening_001913|YA103P
screening_001914,A,103,101,Y,Q,YA103Q,9.4348,260.0665,269.5013,1BRS.pdb,screening_001914|YA103Q
screening_001915,A,103,101,Y,R,YA103R,92.7625,260.0665,352.8289,1BRS.pdb,screening_001915|YA103R
screening_001916,A,103,101,Y,S,YA103S,8.1505,260.0665,268.2169,1BRS.pdb,screening_001916|YA103S
screening_001917,A,103,101,Y,T,YA103T,12.3064,260.0665,272.3728,1BRS.pdb,screening_001917|YA103T
screening_001918,A,103,101,Y,V,YA103V,78.4002,260.0665,338.4667,1BRS.pdb,screening_001918|YA103V
screening_001919,A,103,101,Y,W,YA103W,144.6861,260.0665,404.7525,1BRS.pdb,screening_001919|YA103W
screening_001920,A,104,102,Q,A,QA104A,-3.3173,260.0665,256.7492,1BRS.pdb,screening_001920|QA104A
screening_001921,A,104,102,Q,C,QA104C,-1.5614,260.0665,258.505,1BRS.pdb,screening_001921|QA104C
screening_001922,A,104,102,Q,D,QA104D,-1.4923,260.0665,258.5741,1BRS.pdb,screening_001922|QA104D
screening_001923,A,104,102,Q,E,QA104E,-2.6201,260.0665,257.4464,1BRS.pdb,screening_001923|QA104E
screening_001924,A,104,102,Q,F,QA104F,-1.0205,260.0665,259.0459,1BRS.pdb,screening_001924|QA104F
screening_001925,A,104,102,Q,G,QA104G,-1.313,260.0665,258.7534,1BRS.pdb,screening_001925|QA104G
screening_001926,A,104,102,Q,H,QA104H,-1.9556,260.0665,258.1108,1BRS.pdb,screening_001926|QA104H
screening_001927,A,104,102,Q,I,QA104I,-3.0592,260.0665,257.0072,1BRS.pdb,screening_001927|QA104I
screening_001928,A,104,102,Q,K,QA104K,-3.8144,260.0665,256.2521,1BRS.pdb,screening_001928|QA104K
screening_001929,A,104,102,Q,L,QA104L,-2.4386,260.0665,257.6278,1BRS.pdb,screening_001929|QA104L
screening_001930,A,104,102,Q,M,QA104M,-2.5323,260.0665,257.5342,1BRS.pdb,screening_001930|QA104M
screening_001931,A,104,102,Q,N,QA104N,-1.9574,260.0665,258.109,1BRS.pdb,screening_001931|QA104N
screening_001932,A,104,102,Q,P,QA104P,188.2549,260.0665,448.3213,1BRS.pdb,screening_001932|QA104P
screening_001933,A,104,102,Q,R,QA104R,-5.0169,260.0665,255.0495,1BRS.pdb,screening_001933|QA104R
screening_001934,A,104,102,Q,S,QA104S,-2.8681,260.0665,257.1984,1BRS.pdb,screening_001934|QA104S
screening_001935,A,104,102,Q,T,QA104T,-3.1225,260.0665,256.9439,1BRS.pdb,screening_001935|QA104T
screening_001936,A,104,102,Q,V,QA104V,-3.6876,260.0665,256.3788,1BRS.pdb,screening_001936|QA104V
screening_001937,A,104,102,Q,W,QA104W,0.2241,260.0665,260.2905,1BRS.pdb,screening_001937|QA104W
screening_001938,A,104,102,Q,Y,QA104Y,-1.3513,260.0665,258.7152,1BRS.pdb,screening_001938|QA104Y
screening_001939,A,105,103,T,A,TA105A,-0.4127,260.0665,259.6538,1BRS.pdb,screening_001939|TA105A
screening_001940,A,105,103,T,C,TA105C,1.7095,260.0665,261.776,1BRS.pdb,screening_001940|TA105C
screening_001941,A,105,103,T,D,TA105D,2.2181,260.0665,262.2846,1BRS.pdb,screening_001941|TA105D
screening_001942,A,105,103,T,E,TA105E,0.0443,260.0665,260.1108,1BRS.pdb,screening_001942|TA105E
screening_001943,A,105,103,T,F,TA105F,-0.2729,260.0665,259.7936,1BRS.pdb,screening_001943|TA105F
screening_001944,A,105,103,T,G,TA105G,1.1109,260.0665,261.1773,1BRS.pdb,screening_001944|TA105G
screening_001945,A,105,103,T,H,TA105H,-1.6134,260.0665,258.453,1BRS.pdb,screening_001945|TA105H
screening_001946,A,105,103,T,I,TA105I,39.0971,260.0665,299.1635,1BRS.pdb,screening_001946|TA105I
screening_001947,A,105,103,T,K,TA105K,-1.1541,260.0665,258.9124,1BRS.pdb,screening_001947|TA105K
screening_001948,A,105,103,T,L,TA105L,0.2611,260.0665,260.3275,1BRS.pdb,screening_001948|TA105L
screening_001949,A,105,103,T,M,TA105M,1.3158,260.0665,261.3823,1BRS.pdb,screening_001949|TA105M
screening_001950,A,105,103,T,N,TA105N,-1.613,260.0665,258.4535,1BRS.pdb,screening_001950|TA105N
screening_001951,A,105,103,T,P,TA105P,395.7732,260.0665,655.8396,1BRS.pdb,screening_001951|TA105P
screening_001952,A,105,103,T,Q,TA105Q,-0.9584,260.0665,259.108,1BRS.pdb,screening_001952|TA105Q
screening_001953,A,105,103,T,R,TA105R,-2.3222,260.0665,257.7443,1BRS.pdb,screening_001953|TA105R
screening_001954,A,105,103,T,S,TA105S,-2.7651,260.0665,257.3013,1BRS.pdb,screening_001954|TA105S
screening_001955,A,105,103,T,V,TA105V,45.4047,260.0665,305.4712,1BRS.pdb,screening_001955|TA105V
screening_001956,A,105,103,T,W,TA105W,1.1879,260.0665,261.2543,1BRS.pdb,screening_001956|TA105W
screening_001957,A,105,103,T,Y,TA105Y,-0.7764,260.0665,259.2901,1BRS.pdb,screening_001957|TA105Y
screening_001958,A,106,104,F,A,FA106A,8.2549,260.0665,268.3214,1BRS.pdb,screening_001958|FA106A
screening_001959,A,106,104,F,C,FA106C,8.3367,260.0665,268.4031,1BRS.pdb,screening_001959|FA106C
screening_001960,A,106,104,F,D,FA106D,10.1413,260.0665,270.2077,1BRS.pdb,screening_001960|FA106D
screening_001961,A,106,104,F,E,FA106E,11.4079,260.0665,271.4743,1BRS.pdb,screening_001961|FA106E
screening_001962,A,106,104,F,G,FA106G,12.0156,260.0665,272.082,1BRS.pdb,screening_001962|FA106G
screening_001963,A,106,104,F,H,FA106H,3.8456,260.0665,263.9121,1BRS.pdb,screening_001963|FA106H
screening_001964,A,106,104,F,I,FA106I,59.7509,260.0665,319.8174,1BRS.pdb,screening_001964|FA106I
screening_001965,A,106,104,F,K,FA106K,20.9444,260.0665,281.0109,1BRS.pdb,screening_001965|FA106K
screening_001966,A,106,104,F,L,FA106L,100.3534,260.0665,360.4199,1BRS.pdb,screening_001966|FA106L
screening_001967,A,106,104,F,M,FA106M,19.6831,260.0665,279.7496,1BRS.pdb,screening_001967|FA106M
screening_001968,A,106,104,F,N,FA106N,7.9802,260.0665,268.0467,1BRS.pdb,screening_001968|FA106N
screening_001969,A,106,104,F,P,FA106P,87.5117,260.0665,347.5782,1BRS.pdb,screening_001969|FA106P
screening_001970,A,106,104,F,Q,FA106Q,9.5314,260.0665,269.5978,1BRS.pdb,screening_001970|FA106Q
screening_001971,A,106,104,F,R,FA106R,155.9194,260.0665,415.9858,1BRS.pdb,screening_001971|FA106R
screening_001972,A,106,104,F,S,FA106S,8.0384,260.0665,268.1049,1BRS.pdb,screening_001972|FA106S
screening_001973,A,106,104,F,T,FA106T,6.1933,260.0665,266.2598,1BRS.pdb,screening_001973|FA106T
screening_001974,A,106,104,F,V,FA106V,5.0014,260.0665,265.0678,1BRS.pdb,screening_001974|FA106V
screening_001975,A,106,104,F,W,FA106W,188.4577,260.0665,448.5242,1BRS.pdb,screening_001975|FA106W
screening_001976,A,106,104,F,Y,FA106Y,4.6406,260.0665,264.7071,1BRS.pdb,screening_001976|FA106Y
screening_001977,A,107,105,T,A,TA107A,2.1372,260.0665,262.2037,1BRS.pdb,screening_001977|TA107A
screening_001978,A,107,105,T,C,TA107C,2.3958,260.0665,262.4622,1BRS.pdb,screening_001978|TA107C
screening_001979,A,107,105,T,D,TA107D,2.849,260.0665,262.9155,1BRS.pdb,screening_001979|TA107D
screening_001980,A,107,105,T,E,TA107E,-0.9543,260.0665,259.1121,1BRS.pdb,screening_001980|TA107E
screening_001981,A,107,105,T,F,TA107F,1.7281,260.0665,261.7946,1BRS.pdb,screening_001981|TA107F
screening_001982,A,107,105,T,G,TA107G,5.69,260.0665,265.7564,1BRS.pdb,screening_001982|TA107G
screening_001983,A,107,105,T,H,TA107H,1.1075,260.0665,261.174,1BRS.pdb,screening_001983|TA107H
screening_001984,A,107,105,T,I,TA107I,0.382,260.0665,260.4485,1BRS.pdb,screening_001984|TA107I
screening_001985,A,107,105,T,K,TA107K,2.1063,260.0665,262.1728,1BRS.pdb,screening_001985|TA107K
screening_001986,A,107,105,T,L,TA107L,3.1114,260.0665,263.1779,1BRS.pdb,screening_001986|TA107L
screening_001987,A,107,105,T,M,TA107M,3.5599,260.0665,263.6263,1BRS.pdb,screening_001987|TA107M
screening_001988,A,107,105,T,N,TA107N,2.3393,260.0665,262.4057,1BRS.pdb,screening_001988|TA107N
screening_001989,A,107,105,T,P,TA107P,328.2123,260.0665,588.2787,1BRS.pdb,screening_001989|TA107P
screening_001990,A,107,105,T,Q,TA107Q,0.806,260.0665,260.8724,1BRS.pdb,screening_001990|TA107Q
screening_001991,A,107,105,T,R,TA107R,3.4349,260.0665,263.5014,1BRS.pdb,screening_001991|TA107R
screening_001992,A,107,105,T,S,TA107S,0.949,260.0665,261.0154,1BRS.pdb,screening_001992|TA107S
screening_001993,A,107,105,T,V,TA107V,-0.4403,260.0665,259.6261,1BRS.pdb,screening_001993|TA107V
screening_001994,A,107,105,T,W,TA107W,2.2107,260.0665,262.2772,1BRS.pdb,screening_001994|TA107W
screening_001995,A,107,105,T,Y,TA107Y,0.7988,260.0665,260.8653,1BRS.pdb,screening_001995|TA107Y
screening_001996,A,108,106,K,A,KA108A,0.09,260.0665,260.1564,1BRS.pdb,screening_001996|KA108A
screening_001997,A,108,106,K,C,KA108C,0.4749,260.0665,260.5414,1BRS.pdb,screening_001997|KA108C
screening_001998,A,108,106,K,D,KA108D,9.4672,260.0665,269.5337,1BRS.pdb,screening_001998|KA108D
screening_001999,A,108,106,K,E,KA108E,3.9306,260.0665,263.997,1BRS.pdb,screening_001999|KA108E
screening_002000,A,108,106,K,F,KA108F,142.6051,260.0665,402.6716,1BRS.pdb,screening_002000|KA108F
screening_002001,A,108,106,K,G,KA108G,3.3278,260.0665,263.3942,1BRS.pdb,screening_002001|KA108G
screening_002002,A,108,106,K,H,KA108H,50.0187,260.0665,310.0852,1BRS.pdb,screening_002002|KA108H
screening_002003,A,108,106,K,I,KA108I,5.3423,260.0665,265.4087,1BRS.pdb,screening_002003|KA108I
screening_002004,A,108,106,K,L,KA108L,8.2917,260.0665,268.3582,1BRS.pdb,screening_002004|KA108L
screening_002005,A,108,106,K,M,KA108M,-0.6192,260.0665,259.4472,1BRS.pdb,screening_002005|KA108M
screening_002006,A,108,106,K,N,KA108N,3.2444,260.0665,263.3108,1BRS.pdb,screening_002006|KA108N
screening_002007,A,108,106,K,P,KA108P,1.1163,260.0665,261.1827,1BRS.pdb,screening_002007|KA108P
screening_002008,A,108,106,K,Q,KA108Q,-0.6119,260.0665,259.4546,1BRS.pdb,screening_002008|KA108Q
screening_002009,A,108,106,K,R,KA108R,-2.3374,260.0665,257.7291,1BRS.pdb,screening_002009|KA108R
screening_002010,A,108,106,K,S,KA108S,1.7093,260.0665,261.7757,1BRS.pdb,screening_002010|KA108S
screening_002011,A,108,106,K,T,KA108T,4.2119,260.0665,264.2784,1BRS.pdb,screening_002011|KA108T
screening_002012,A,108,106,K,V,KA108V,77.4363,260.0665,337.5028,1BRS.pdb,screening_002012|KA108V
screening_002013,A,108,106,K,W,KA108W,256.5965,260.0665,516.6629,1BRS.pdb,screening_002013|KA108W
screening_002014,A,108,106,K,Y,KA108Y,152.6708,260.0665,412.7372,1BRS.pdb,screening_002014|KA108Y
screening_002015,A,109,107,I,A,IA109A,8.4255,260.0665,268.4919,1BRS.pdb,screening_002015|IA109A
screening_002016,A,109,107,I,C,IA109C,9.7369,260.0665,269.8034,1BRS.pdb,screening_002016|IA109C
screening_002017,A,109,107,I,D,IA109D,13.2571,260.0665,273.3236,1BRS.pdb,screening_002017|IA109D
screening_002018,A,109,107,I,E,IA109E,9.9054,260.0665,269.9718,1BRS.pdb,screening_002018|IA109E
screening_002019,A,109,107,I,F,IA109F,877.5652,260.0665,1137.6317,1BRS.pdb,screening_002019|IA109F
screening_002020,A,109,107,I,G,IA109G,10.6546,260.0665,270.7211,1BRS.pdb,screening_002020|IA109G
screening_002021,A,109,107,I,H,IA109H,286.1338,260.0665,546.2003,1BRS.pdb,screening_002021|IA109H
screening_002022,A,109,107,I,K,IA109K,56.0376,260.0665,316.1041,1BRS.pdb,screening_002022|IA109K
screening_002023,A,109,107,I,L,IA109L,37.9246,260.0665,297.991,1BRS.pdb,screening_002023|IA109L
screening_002024,A,109,107,I,M,IA109M,19.3162,260.0665,279.3827,1BRS.pdb,screening_002024|IA109M
screening_002025,A,109,107,I,N,IA109N,12.1918,260.0665,272.2583,1BRS.pdb,screening_002025|IA109N
screening_002026,A,109,107,I,P,IA109P,230.8269,260.0665,490.8933,1BRS.pdb,screening_002026|IA109P
screening_002027,A,109,107,I,Q,IA109Q,10.3425,260.0665,270.4089,1BRS.pdb,screening_002027|IA109Q
screening_002028,A,109,107,I,R,IA109R,49.5671,260.0665,309.6336,1BRS.pdb,screening_002028|IA109R
screening_002029,A,109,107,I,S,IA109S,7.4087,260.0665,267.4751,1BRS.pdb,screening_002029|IA109S
screening_002030,A,109,107,I,T,IA109T,4.461,260.0665,264.5274,1BRS.pdb,screening_002030|IA109T
screening_002031,A,109,107,I,V,IA109V,2.8959,260.0665,262.9624,1BRS.pdb,screening_002031|IA109V
screening_002032,A,109,107,I,W,IA109W,839.821,260.0665,1099.8875,1BRS.pdb,screening_002032|IA109W
screening_002033,A,109,107,I,Y,IA109Y,1079.404,260.0665,1339.4705,1BRS.pdb,screening_002033|IA109Y
screening_002034,A,110,108,R,A,RA110A,9.0116,260.0665,269.078,1BRS.pdb,screening_002034|RA110A
screening_002035,A,110,108,R,C,RA110C,10.4566,260.0665,270.5231,1BRS.pdb,screening_002035|RA110C
screening_002036,A,110,108,R,D,RA110D,18.1173,260.0665,278.1837,1BRS.pdb,screening_002036|RA110D
screening_002037,A,110,108,R,E,RA110E,20.5232,260.0665,280.5897,1BRS.pdb,screening_002037|RA110E
screening_002038,A,110,108,R,F,RA110F,240.3069,260.0665,500.3734,1BRS.pdb,screening_002038|RA110F
screening_002039,A,110,108,R,G,RA110G,9.0965,260.0665,269.1629,1BRS.pdb,screening_002039|RA110G
screening_002040,A,110,108,R,H,RA110H,95.2902,260.0665,355.3566,1BRS.pdb,screening_002040|RA110H
screening_002041,A,110,108,R,I,RA110I,33.2481,260.0665,293.3145,1BRS.pdb,screening_002041|RA110I
screening_002042,A,110,108,R,K,RA110K,11.1811,260.0665,271.2476,1BRS.pdb,screening_002042|RA110K
screening_002043,A,110,108,R,L,RA110L,136.0653,260.0665,396.1317,1BRS.pdb,screening_002043|RA110L
screening_002044,A,110,108,R,M,RA110M,227.3748,260.0665,487.4413,1BRS.pdb,screening_002044|RA110M
screening_002045,A,110,108,R,N,RA110N,11.3053,260.0665,271.3717,1BRS.pdb,screening_002045|RA110N
screening_002046,A,110,108,R,P,RA110P,439.8397,260.0665,699.9062,1BRS.pdb,screening_002046|RA110P
screening_002047,A,110,108,R,Q,RA110Q,15.5786,260.0665,275.645,1BRS.pdb,screening_002047|RA110Q
screening_002048,A,110,108,R,S,RA110S,10.5918,260.0665,270.6582,1BRS.pdb,screening_002048|RA110S
screening_002049,A,110,108,R,T,RA110T,39.1803,260.0665,299.2468,1BRS.pdb,screening_002049|RA110T
screening_002050,A,110,108,R,V,RA110V,29.7836,260.0665,289.8501,1BRS.pdb,screening_002050|RA110V
screening_002051,A,110,108,R,W,RA110W,161.4323,260.0665,421.4988,1BRS.pdb,screening_002051|RA110W
screening_002052,A,110,108,R,Y,RA110Y,225.0946,260.0665,485.161,1BRS.pdb,screening_002052|RA110Y
