candidate_id,chain,position,sequence_index,wildtype,mutant,mutation,ddg,wt_score,mutant_score,input_pdb,fasta_id
screening_000001,A,4,1,H,A,HA4A,-1.9606,-449.4832,-451.4438,3HS4.pdb,screening_000001|HA4A
screening_000002,A,4,1,H,C,HA4C,0.4867,-449.4832,-448.9965,3HS4.pdb,screening_000002|HA4C
screening_000003,A,4,1,H,D,HA4D,-2.5738,-449.4832,-452.057,3HS4.pdb,screening_000003|HA4D
screening_000004,A,4,1,H,E,HA4E,-2.922,-449.4832,-452.4052,3HS4.pdb,screening_000004|HA4E
screening_000005,A,4,1,H,F,HA4F,0.211,-449.4832,-449.2721,3HS4.pdb,screening_000005|HA4F
screening_000006,A,4,1,H,G,HA4G,-2.2678,-449.4832,-451.751,3HS4.pdb,screening_000006|HA4G
screening_000007,A,4,1,H,I,HA4I,-0.6331,-449.4832,-450.1163,3HS4.pdb,screening_000007|HA4I
screening_000008,A,4,1,H,K,HA4K,-2.8241,-449.4832,-452.3073,3HS4.pdb,screening_000008|HA4K
screening_000009,A,4,1,H,L,HA4L,-1.2681,-449.4832,-450.7513,3HS4.pdb,screening_000009|HA4L
screening_000010,A,4,1,H,M,HA4M,-0.5514,-449.4832,-450.0346,3HS4.pdb,screening_000010|HA4M
screening_000011,A,4,1,H,N,HA4N,-1.8213,-449.4832,-451.3044,3HS4.pdb,screening_000011|HA4N
screening_000012,A,4,1,H,P,HA4P,-2.1862,-449.4832,-451.6694,3HS4.pdb,screening_000012|HA4P
screening_000013,A,4,1,H,Q,HA4Q,-2.0012,-449.4832,-451.4844,3HS4.pdb,screening_000013|HA4Q
screening_000014,A,4,1,H,R,HA4R,-1.5552,-449.4832,-451.0384,3HS4.pdb,screening_000014|HA4R
screening_000015,A,4,1,H,S,HA4S,-2.9941,-449.4832,-452.4773,3HS4.pdb,screening_000015|HA4S
screening_000016,A,4,1,H,T,HA4T,-1.7825,-449.4832,-451.2657,3HS4.pdb,screening_000016|HA4T
screening_000017,A,4,1,H,V,HA4V,-0.5368,-449.4832,-450.0199,3HS4.pdb,screening_000017|HA4V
screening_000018,A,4,1,H,W,HA4W,1.1971,-449.4832,-448.2861,3HS4.pdb,screening_000018|HA4W
screening_000019,A,4,1,H,Y,HA4Y,-0.2152,-449.4832,-449.6984,3HS4.pdb,screening_000019|HA4Y
screening_000020,A,5,2,W,A,WA5A,4.0663,-449.4832,-445.4168,3HS4.pdb,screening_000020|WA5A
screening_000021,A,5,2,W,C,WA5C,6.2178,-449.4832,-443.2654,3HS4.pdb,screening_000021|WA5C
screening_000022,A,5,2,W,D,WA5D,6.1287,-449.4832,-443.3544,3HS4.pdb,screening_000022|WA5D
screening_000023,A,5,2,W,E,WA5E,11.4397,-449.4832,-438.0435,3HS4.pdb,screening_000023|WA5E
screening_000024,A,5,2,W,F,WA5F,3.2459,-449.4832,-446.2373,3HS4.pdb,screening_000024|WA5F
screening_000025,A,5,2,W,G,WA5G,6.2184,-449.4832,-443.2648,3HS4.pdb,screening_000025|WA5G
screening_000026,A,5,2,W,H,WA5H,5.0082,-449.4832,-444.4749,3HS4.pdb,screening_000026|WA5H
screening_000027,A,5,2,W,I,WA5I,63.7633,-449.4832,-385.7198,3HS4.pdb,screening_000027|WA5I
screening_000028,A,5,2,W,K,WA5K,22.5824,-449.4832,-426.9007,3HS4.pdb,screening_000028|WA5K
screening_000029,A,5,2,W,L,WA5L,53.1612,-449.4832,-396.3219,3HS4.pdb,screening_000029|WA5L
screening_000030,A,5,2,W,M,WA5M,7.1601,-449.4832,-442.3231,3HS4.pdb,screening_000030|WA5M
screening_000031,A,5,2,W,N,WA5N,6.6573,-449.4832,-442.8258,3HS4.pdb,screening_000031|WA5N
screening_000032,A,5,2,W,P,WA5P,8.0424,-449.4832,-441.4408,3HS4.pdb,screening_000032|WA5P
screening_000033,A,5,2,W,Q,WA5Q,10.613,-449.4832,-438.8702,3HS4.pdb,screening_000033|WA5Q
screening_000034,A,5,2,W,R,WA5R,20.4323,-449.4832,-429.0508,3HS4.pdb,screening_000034|WA5R
screening_000035,A,5,2,W,S,WA5S,3.4273,-449.4832,-446.0559,3HS4.pdb,screening_000035|WA5S
screening_000036,A,5,2,W,T,WA5T,5.2473,-449.4832,-444.2359,3HS4.pdb,screening_000036|WA5T
screening_000037,A,5,2,W,V,WA5V,7.3731,-449.4832,-442.11,3HS4.pdb,screening_000037|WA5V
screening_000038,A,5,2,W,Y,WA5Y,2.8101,-449.4832,-446.6731,3HS4.pdb,screening_000038|WA5Y
screening_000039,A,6,3,G,A,GA6A,27.1361,-449.4832,-422.347,3HS4.pdb,screening_000039|GA6A
screening_000040,A,6,3,G,C,GA6C,730.0639,-449.4832,280.5807,3HS4.pdb,screening_000040|GA6C
screening_000041,A,6,3,G,D,GA6D,10.7293,-449.4832,-438.7538,3HS4.pdb,screening_000041|GA6D
screening_000042,A,6,3,G,E,GA6E,57.947,-449.4832,-391.5362,3HS4.pdb,screening_000042|GA6E
screening_000043,A,6,3,G,F,GA6F,363.081,-449.4832,-86.4022,3HS4.pdb,screening_000043|GA6F
screening_000044,A,6,3,G,H,GA6H,49.7697,-449.4832,-399.7134,3HS4.pdb,screening_000044|GA6H
screening_000045,A,6,3,G,I,GA6I,446.573,-449.4832,-2.9101,3HS4.pdb,screening_000045|GA6I
screening_000046,A,6,3,G,K,GA6K,55.9058,-449.4832,-393.5774,3HS4.pdb,screening_000046|GA6K
screening_000047,A,6,3,G,L,GA6L,72.2399,-449.4832,-377.2432,3HS4.pdb,screening_000047|GA6L
screening_000048,A,6,3,G,M,GA6M,61.3596,-449.4832,-388.1236,3HS4.pdb,screening_000048|GA6M
screening_000049,A,6,3,G,N,GA6N,18.1677,-449.4832,-431.3155,3HS4.pdb,screening_000049|GA6N
screening_000050,A,6,3,G,P,GA6P,963.0945,-449.4832,513.6113,3HS4.pdb,screening_000050|GA6P
screening_000051,A,6,3,G,Q,GA6Q,59.0993,-449.4832,-390.3838,3HS4.pdb,screening_000051|GA6Q
screening_000052,A,6,3,G,R,GA6R,53.295,-449.4832,-396.1882,3HS4.pdb,screening_000052|GA6R
screening_000053,A,6,3,G,S,GA6S,15.5178,-449.4832,-433.9653,3HS4.pdb,screening_000053|GA6S
screening_000054,A,6,3,G,T,GA6T,428.7852,-449.4832,-20.698,3HS4.pdb,screening_000054|GA6T
screening_000055,A,6,3,G,V,GA6V,133.4595,-449.4832,-316.0237,3HS4.pdb,screening_000055|GA6V
screening_000056,A,6,3,G,W,GA6W,317.8036,-449.4832,-131.6796,3HS4.pdb,screening_000056|GA6W
screening_000057,A,6,3,G,Y,GA6Y,931.4892,-449.4832,482.006,3HS4.pdb,screening_000057|GA6Y
screening_000058,A,7,4,Y,A,YA7A,8.0689,-449.4832,-441.4143,3HS4.pdb,screening_000058|YA7A
screening_000059,A,7,4,Y,C,YA7C,10.0975,-449.4832,-439.3857,3HS4.pdb,screening_000059|YA7C
screening_000060,A,7,4,Y,D,YA7D,8.8525,-449.4832,-440.6307,3HS4.pdb,screening_000060|YA7D
screening_000061,A,7,4,Y,E,YA7E,20.3845,-449.4832,-429.0987,3HS4.pdb,screening_000061|YA7E
screening_000062,A,7,4,Y,F,YA7F,1.0714,-449.4832,-448.4118,3HS4.pdb,screening_000062|YA7F
screening_000063,A,7,4,Y,G,YA7G,9.9922,-449.4832,-439.491,3HS4.pdb,screening_000063|YA7G
screening_000064,A,7,4,Y,H,YA7H,4.5658,-449.4832,-444.9174,3HS4.pdb,screening_000064|YA7H
screening_000065,A,7,4,Y,I,YA7I,34.848,-449.4832,-414.6352,3HS4.pdb,screening_000065|YA7I
screening_000066,A,7,4,Y,K,YA7K,26.3563,-449.4832,-423.1268,3HS4.pdb,screening_000066|YA7K
screening_000067,A,7,4,Y,L,YA7L,139.0272,-449.4832,-310.456,3HS4.pdb,screening_000067|YA7L
screening_000068,A,7,4,Y,M,YA7M,16.8845,-449.4832,-432.5987,3HS4.pdb,screening_000068|YA7M
screening_000069,A,7,4,Y,N,YA7N,6.0597,-449.4832,-443.4234,3HS4.pdb,screening_000069|YA7N
screening_000070,A,7,4,Y,P,YA7P,65.8633,-449.4832,-383.6199,3HS4.pdb,screening_000070|YA7P
screening_000071,A,7,4,Y,Q,YA7Q,19.9572,-449.4832,-429.5259,3HS4.pdb,screening_000071|YA7Q
screening_000072,A,7,4,Y,R,YA7R,45.0535,-449.4832,-404.4297,3HS4.pdb,screening_000072|YA7R
screening_000073,A,7,4,Y,S,YA7S,7.3687,-449.4832,-442.1145,3HS4.pdb,screening_000073|YA7S
screening_000074,A,7,4,Y,T,YA7T,16.3736,-449.4832,-433.1096,3HS4.pdb,screening_000074|YA7T
screening_000075,A,7,4,Y,V,YA7V,24.6927,-449.4832,-424.7904,3HS4.pdb,screening_000075|YA7V
screening_000076,A,7,4,Y,W,YA7W,50.6948,-449.4832,-398.7884,3HS4.pdb,screening_000076|YA7W
screening_000077,A,8,5,G,A,GA8A,1.6105,-449.4832,-447.8727,3HS4.pdb,screening_000077|GA8A
screening_000078,A,8,5,G,C,GA8C,3.9729,-449.4832,-445.5103,3HS4.pdb,screening_000078|GA8C
screening_000079,A,8,5,G,D,GA8D,-1.2033,-449.4832,-450.6865,3HS4.pdb,screening_000079|GA8D
screening_000080,A,8,5,G,E,GA8E,2.2156,-449.4832,-447.2676,3HS4.pdb,screening_000080|GA8E
screening_000081,A,8,5,G,F,GA8F,13.7112,-449.4832,-435.772,3HS4.pdb,screening_000081|GA8F
screening_000082,A,8,5,G,H,GA8H,1.9135,-449.4832,-447.5697,3HS4.pdb,screening_000082|GA8H
screening_000083,A,8,5,G,I,GA8I,141.1421,-449.4832,-308.3411,3HS4.pdb,screening_000083|GA8I
screening_000084,A,8,5,G,K,GA8K,2.0552,-449.4832,-447.428,3HS4.pdb,screening_000084|GA8K
screening_000085,A,8,5,G,L,GA8L,1.7233,-449.4832,-447.7599,3HS4.pdb,screening_000085|GA8L
screening_000086,A,8,5,G,M,GA8M,2.3457,-449.4832,-447.1374,3HS4.pdb,screening_000086|GA8M
screening_000087,A,8,5,G,N,GA8N,0.2802,-449.4832,-449.203,3HS4.pdb,screening_000087|GA8N
screening_000088,A,8,5,G,P,GA8P,402.3792,-449.4832,-47.104,3HS4.pdb,screening_000088|GA8P
screening_000089,A,8,5,G,Q,GA8Q,1.5204,-449.4832,-447.9627,3HS4.pdb,screening_000089|GA8Q
screening_000090,A,8,5,G,R,GA8R,3.3374,-449.4832,-446.1457,3HS4.pdb,screening_000090|GA8R
screening_000091,A,8,5,G,S,GA8S,0.8973,-449.4832,-448.5859,3HS4.pdb,screening_000091|GA8S
screening_000092,A,8,5,G,T,GA8T,1.7324,-449.4832,-447.7508,3HS4.pdb,screening_000092|GA8T
screening_000093,A,8,5,G,V,GA8V,159.2851,-449.4832,-290.1981,3HS4.pdb,screening_000093|GA8V
screening_000094,A,8,5,G,W,GA8W,9.5307,-449.4832,-439.9525,3HS4.pdb,screening_000094|GA8W
screening_000095,A,8,5,G,Y,GA8Y,19.2928,-449.4832,-430.1904,3HS4.pdb,screening_000095|GA8Y
screening_000096,A,10,7,H,A,HA10A,1.349,-449.4832,-448.1341,3HS4.pdb,screening_000096|HA10A
screening_000097,A,10,7,H,C,HA10C,2.5251,-449.4832,-446.9581,3HS4.pdb,screening_000097|HA10C
screening_000098,A,10,7,H,D,HA10D,-0.703,-449.4832,-450.1862,3HS4.pdb,screening_000098|HA10D
screening_000099,A,10,7,H,E,HA10E,-0.7612,-449.4832,-450.2443,3HS4.pdb,screening_000099|HA10E
screening_000100,A,10,7,H,F,HA10F,1.1369,-449.4832,-448.3463,3HS4.pdb,screening_000100|HA10F
screening_000101,A,10,7,H,G,HA10G,1.7823,-449.4832,-447.7009,3HS4.pdb,screening_000101|HA10G
screening_000102,A,10,7,H,I,HA10I,1.4666,-449.4832,-448.0166,3HS4.pdb,screening_000102|HA10I
screening_000103,A,10,7,H,K,HA10K,-0.497,-449.4832,-449.9802,3HS4.pdb,screening_000103|HA10K
screening_000104,A,10,7,H,L,HA10L,0.1652,-449.4832,-449.3179,3HS4.pdb,screening_000104|HA10L
screening_000105,A,10,7,H,M,HA10M,1.6842,-449.4832,-447.799,3HS4.pdb,screening_000105|HA10M
screening_000106,A,10,7,H,N,HA10N,-0.3815,-449.4832,-449.8647,3HS4.pdb,screening_000106|HA10N
screening_000107,A,10,7,H,P,HA10P,21.3357,-449.4832,-428.1474,3HS4.pdb,screening_000107|HA10P
screening_000108,A,10,7,H,Q,HA10Q,-0.0069,-449.4832,-449.4901,3HS4.pdb,screening_000108|HA10Q
screening_000109,A,10,7,H,R,HA10R,0.9236,-449.4832,-448.5595,3HS4.pdb,screening_000109|HA10R
screening_000110,A,10,7,H,S,HA10S,-0.425,-449.4832,-449.9082,3HS4.pdb,screening_000110|HA10S
screening_000111,A,10,7,H,T,HA10T,-0.4568,-449.4832,-449.94,3HS4.pdb,screening_000111|HA10T
screening_000112,A,10,7,H,V,HA10V,0.8811,-449.4832,-448.6021,3HS4.pdb,screening_000112|HA10V
screening_000113,A,10,7,H,W,HA10W,2.2611,-449.4832,-447.2221,3HS4.pdb,screening_000113|HA10W
screening_000114,A,10,7,H,Y,HA10Y,0.5795,-449.4832,-448.9037,3HS4.pdb,screening_000114|HA10Y
screening_000115,A,11,8,N,A,NA11A,3.4915,-449.4832,-445.9917,3HS4.pdb,screening_000115|NA11A
screening_000116,A,11,8,N,C,NA11C,3.8612,-449.4832,-445.622,3HS4.pdb,screening_000116|NA11C
screening_000117,A,11,8,N,D,NA11D,0.5841,-449.4832,-448.899,3HS4.pdb,screening_000117|NA11D
screening_000118,A,11,8,N,E,NA11E,7.3437,-449.4832,-442.1395,3HS4.pdb,screening_000118|NA11E
screening_000119,A,11,8,N,F,NA11F,4.4687,-449.4832,-445.0144,3HS4.pdb,screening_000119|NA11F
screening_000120,A,11,8,N,G,NA11G,5.7109,-449.4832,-443.7722,3HS4.pdb,screening_000120|NA11G
screening_000121,A,11,8,N,H,NA11H,2.8747,-449.4832,-446.6085,3HS4.pdb,screening_000121|NA11H
screening_000122,A,11,8,N,I,NA11I,3.8654,-449.4832,-445.6177,3HS4.pdb,screening_000122|NA11I
screening_000123,A,11,8,N,K,NA11K,4.4767,-449.4832,-445.0065,3HS4.pdb,screening_000123|NA11K
screening_000124,A,11,8,N,L,NA11L,9.0708,-449.4832,-440.4123,3HS4.pdb,screening_000124|NA11L
screening_000125,A,11,8,N,M,NA11M,6.9125,-449.4832,-442.5707,3HS4.pdb,screening_000125|NA11M
screening_000126,A,11,8,N,P,NA11P,138.3057,-449.4832,-311.1775,3HS4.pdb,screening_000126|NA11P
screening_000127,A,11,8,N,Q,NA11Q,5.1511,-449.4832,-444.332,3HS4.pdb,screening_000127|NA11Q
screening_000128,A,11,8,N,R,NA11R,2.7844,-449.4832,-446.6987,3HS4.pdb,screening_000128|NA11R
screening_000129,A,11,8,N,S,NA11S,3.0176,-449.4832,-446.4656,3HS4.pdb,screening_000129|NA11S
screening_000130,A,11,8,N,T,NA11T,3.7557,-449.4832,-445.7275,3HS4.pdb,screening_000130|NA11T
screening_000131,A,11,8,N,V,NA11V,3.0744,-449.4832,-446.4087,3HS4.pdb,screening_000131|NA11V
screening_000132,A,11,8,N,W,NA11W,6.7023,-449.4832,-442.7809,3HS4.pdb,screening_000132|NA11W
screening_000133,A,11,8,N,Y,NA11Y,3.2608,-449.4832,-446.2224,3HS4.pdb,screening_000133|NA11Y
screening_000134,A,12,9,G,A,GA12A,69.1885,-449.4832,-380.2947,3HS4.pdb,screening_000134|GA12A
screening_000135,A,12,9,G,C,GA12C,78.9613,-449.4832,-370.5219,3HS4.pdb,screening_000135|GA12C
screening_000136,A,12,9,G,D,GA12D,72.0508,-449.4832,-377.4324,3HS4.pdb,screening_000136|GA12D
screening_000137,A,12,9,G,E,GA12E,699.6888,-449.4832,250.2056,3HS4.pdb,screening_000137|GA12E
screening_000138,A,12,9,G,F,GA12F,259.9966,-449.4832,-189.4866,3HS4.pdb,screening_000138|GA12F
screening_000139,A,12,9,G,H,GA12H,81.1333,-449.4832,-368.3498,3HS4.pdb,screening_000139|GA12H
screening_000140,A,12,9,G,I,GA12I,568.2789,-449.4832,118.7957,3HS4.pdb,screening_000140|GA12I
screening_000141,A,12,9,G,K,GA12K,72.7712,-449.4832,-376.712,3HS4.pdb,screening_000141|GA12K
screening_000142,A,12,9,G,L,GA12L,1602.3374,-449.4832,1152.8542,3HS4.pdb,screening_000142|GA12L
screening_000143,A,12,9,G,M,GA12M,77.2221,-449.4832,-372.261,3HS4.pdb,screening_000143|GA12M
screening_000144,A,12,9,G,N,GA12N,69.8904,-449.4832,-379.5927,3HS4.pdb,screening_000144|GA12N
screening_000145,A,12,9,G,P,GA12P,258.5866,-449.4832,-190.8966,3HS4.pdb,screening_000145|GA12P
screening_000146,A,12,9,G,Q,GA12Q,74.6874,-449.4832,-374.7957,3HS4.pdb,screening_000146|GA12Q
screening_000147,A,12,9,G,R,GA12R,73.3704,-449.4832,-376.1128,3HS4.pdb,screening_000147|GA12R
screening_000148,A,12,9,G,S,GA12S,73.5955,-449.4832,-375.8876,3HS4.pdb,screening_000148|GA12S
screening_000149,A,12,9,G,T,GA12T,231.3829,-449.4832,-218.1003,3HS4.pdb,screening_000149|GA12T
screening_000150,A,12,9,G,V,GA12V,562.2429,-449.4832,112.7597,3HS4.pdb,screening_000150|GA12V
screening_000151,A,12,9,G,W,GA12W,261.02,-449.4832,-188.4631,3HS4.pdb,screening_000151|GA12W
screening_000152,A,12,9,G,Y,GA12Y,267.3461,-449.4832,-182.1371,3HS4.pdb,screening_000152|GA12Y
screening_000153,A,13,10,P,A,PA13A,4.2712,-449.4832,-445.212,3HS4.pdb,screening_000153|PA13A
screening_000154,A,13,10,P,C,PA13C,8.3431,-449.4832,-441.1401,3HS4.pdb,screening_000154|PA13C
screening_000155,A,13,10,P,D,PA13D,12.4384,-449.4832,-437.0447,3HS4.pdb,screening_000155|PA13D
screening_000156,A,13,10,P,E,PA13E,9.4644,-449.4832,-440.0188,3HS4.pdb,screening_000156|PA13E
screening_000157,A,13,10,P,F,PA13F,455.1274,-449.4832,5.6443,3HS4.pdb,screening_000157|PA13F
screening_000158,A,13,10,P,G,PA13G,8.1527,-449.4832,-441.3305,3HS4.pdb,screening_000158|PA13G
screening_000159,A,13,10,P,H,PA13H,79.4624,-449.4832,-370.0208,3HS4.pdb,screening_000159|PA13H
screening_000160,A,13,10,P,I,PA13I,21.1771,-449.4832,-428.3061,3HS4.pdb,screening_000160|PA13I
screening_000161,A,13,10,P,K,PA13K,116.9861,-449.4832,-332.4971,3HS4.pdb,screening_000161|PA13K
screening_000162,A,13,10,P,L,PA13L,340.1268,-449.4832,-109.3564,3HS4.pdb,screening_000162|PA13L
screening_000163,A,13,10,P,M,PA13M,28.4521,-449.4832,-421.0311,3HS4.pdb,screening_000163|PA13M
screening_000164,A,13,10,P,N,PA13N,15.1882,-449.4832,-434.295,3HS4.pdb,screening_000164|PA13N
screening_000165,A,13,10,P,Q,PA13Q,25.9247,-449.4832,-423.5585,3HS4.pdb,screening_000165|PA13Q
screening_000166,A,13,10,P,R,PA13R,89.8344,-449.4832,-359.6488,3HS4.pdb,screening_000166|PA13R
screening_000167,A,13,10,P,S,PA13S,5.1312,-449.4832,-444.3519,3HS4.pdb,screening_000167|PA13S
screening_000168,A,13,10,P,T,PA13T,10.2096,-449.4832,-439.2736,3HS4.pdb,screening_000168|PA13T
screening_000169,A,13,10,P,V,PA13V,14.7545,-449.4832,-434.7287,3HS4.pdb,screening_000169|PA13V
screening_000170,A,13,10,P,W,PA13W,469.5741,-449.4832,20.0909,3HS4.pdb,screening_000170|PA13W
screening_000171,A,13,10,P,Y,PA13Y,486.4939,-449.4832,37.0108,3HS4.pdb,screening_000171|PA13Y
screening_000172,A,14,11,E,A,EA14A,-1.1611,-449.4832,-450.6443,3HS4.pdb,screening_000172|EA14A
screening_000173,A,14,11,E,C,EA14C,0.5982,-449.4832,-448.8849,3HS4.pdb,screening_000173|EA14C
screening_000174,A,14,11,E,D,EA14D,-2.3207,-449.4832,-451.8039,3HS4.pdb,screening_000174|EA14D
screening_000175,A,14,11,E,F,EA14F,1.0773,-449.4832,-448.4059,3HS4.pdb,screening_000175|EA14F
screening_000176,A,14,11,E,G,EA14G,-0.208,-449.4832,-449.6912,3HS4.pdb,screening_000176|EA14G
screening_000177,A,14,11,E,H,EA14H,-0.4321,-449.4832,-449.9153,3HS4.pdb,screening_000177|EA14H
screening_000178,A,14,11,E,I,EA14I,0.1047,-449.4832,-449.3785,3HS4.pdb,screening_000178|EA14I
screening_000179,A,14,11,E,K,EA14K,-1.9614,-449.4832,-451.4446,3HS4.pdb,screening_000179|EA14K
screening_000180,A,14,11,E,L,EA14L,-0.7492,-449.4832,-450.2324,3HS4.pdb,screening_000180|EA14L
screening_000181,A,14,11,E,M,EA14M,0.2196,-449.4832,-449.2635,3HS4.pdb,screening_000181|EA14M
screening_000182,A,14,11,E,N,EA14N,-1.8702,-449.4832,-451.3533,3HS4.pdb,screening_000182|EA14N
screening_000183,A,14,11,E,P,EA14P,12.4589,-449.4832,-437.0243,3HS4.pdb,screening_000183|EA14P
screening_000184,A,14,11,E,Q,EA14Q,-1.8542,-449.4832,-451.3374,3HS4.pdb,screening_000184|EA14Q
screening_000185,A,14,11,E,R,EA14R,-1.0333,-449.4832,-450.5165,3HS4.pdb,screening_000185|EA14R
screening_000186,A,14,11,E,S,EA14S,-2.4745,-449.4832,-451.9577,3HS4.pdb,screening_000186|EA14S
screening_000187,A,14,11,E,T,EA14T,-1.0316,-449.4832,-450.5148,3HS4.pdb,screening_000187|EA14T
screening_000188,A,14,11,E,V,EA14V,-0.3859,-449.4832,-449.869,3HS4.pdb,screening_000188|EA14V
screening_000189,A,14,11,E,W,EA14W,1.4829,-449.4832,-448.0003,3HS4.pdb,screening_000189|EA14W
screening_000190,A,14,11,E,Y,EA14Y,0.5082,-449.4832,-448.975,3HS4.pdb,screening_000190|EA14Y
screening_000191,A,15,12,H,A,HA15A,4.1238,-449.4832,-445.3593,3HS4.pdb,screening_000191|HA15A
screening_000192,A,15,12,H,C,HA15C,4.5224,-449.4832,-444.9607,3HS4.pdb,screening_000192|HA15C
screening_000193,A,15,12,H,D,HA15D,4.8429,-449.4832,-444.6402,3HS4.pdb,screening_000193|HA15D
screening_000194,A,15,12,H,E,HA15E,5.0252,-449.4832,-444.458,3HS4.pdb,screening_000194|HA15E
screening_000195,A,15,12,H,F,HA15F,46.6332,-449.4832,-402.8499,3HS4.pdb,screening_000195|HA15F
screening_000196,A,15,12,H,G,HA15G,6.0339,-449.4832,-443.4492,3HS4.pdb,screening_000196|HA15G
screening_000197,A,15,12,H,I,HA15I,73.4486,-449.4832,-376.0346,3HS4.pdb,screening_000197|HA15I
screening_000198,A,15,12,H,K,HA15K,9.6726,-449.4832,-439.8106,3HS4.pdb,screening_000198|HA15K
screening_000199,A,15,12,H,L,HA15L,59.6652,-449.4832,-389.818,3HS4.pdb,screening_000199|HA15L
screening_000200,A,15,12,H,M,HA15M,7.5948,-449.4832,-441.8883,3HS4.pdb,screening_000200|HA15M
screening_000201,A,15,12,H,N,HA15N,3.3575,-449.4832,-446.1257,3HS4.pdb,screening_000201|HA15N
screening_000202,A,15,12,H,P,HA15P,204.2308,-449.4832,-245.2524,3HS4.pdb,screening_000202|HA15P
screening_000203,A,15,12,H,Q,HA15Q,4.8774,-449.4832,-444.6057,3HS4.pdb,screening_000203|HA15Q
screening_000204,A,15,12,H,R,HA15R,6.7318,-449.4832,-442.7513,3HS4.pdb,screening_000204|HA15R
screening_000205,A,15,12,H,S,HA15S,4.1086,-449.4832,-445.3745,3HS4.pdb,screening_000205|HA15S
screening_000206,A,15,12,H,T,HA15T,2.8449,-449.4832,-446.6383,3HS4.pdb,screening_000206|HA15T
screening_000207,A,15,12,H,V,HA15V,53.6095,-449.4832,-395.8737,3HS4.pdb,screening_000207|HA15V
screening_000208,A,15,12,H,W,HA15W,48.7011,-449.4832,-400.7821,3HS4.pdb,screening_000208|HA15W
screening_000209,A,15,12,H,Y,HA15Y,39.8644,-449.4832,-409.6188,3HS4.pdb,screening_000209|HA15Y
screening_000210,A,16,13,W,A,WA16A,10.0319,-449.4832,-439.4513,3HS4.pdb,screening_000210|WA16A
screening_000211,A,16,13,W,C,WA16C,11.0849,-449.4832,-438.3983,3HS4.pdb,screening_000211|WA16C
screening_000212,A,16,13,W,D,WA16D,11.3265,-449.4832,-438.1566,3HS4.pdb,screening_000212|WA16D
screening_000213,A,16,13,W,E,WA16E,8.9904,-449.4832,-440.4927,3HS4.pdb,screening_000213|WA16E
screening_000214,A,16,13,W,F,WA16F,55.9135,-449.4832,-393.5696,3HS4.pdb,screening_000214|WA16F
screening_000215,A,16,13,W,G,WA16G,13.6165,-449.4832,-435.8666,3HS4.pdb,screening_000215|WA16G
screening_000216,A,16,13,W,H,WA16H,7.3601,-449.4832,-442.123,3HS4.pdb,screening_000216|WA16H
screening_000217,A,16,13,W,I,WA16I,21.5284,-449.4832,-427.9548,3HS4.pdb,screening_000217|WA16I
screening_000218,A,16,13,W,K,WA16K,17.3481,-449.4832,-432.1351,3HS4.pdb,screening_000218|WA16K
screening_000219,A,16,13,W,L,WA16L,15.9139,-449.4832,-433.5693,3HS4.pdb,screening_000219|WA16L
screening_000220,A,16,13,W,M,WA16M,7.0656,-449.4832,-442.4176,3HS4.pdb,screening_000220|WA16M
screening_000221,A,16,13,W,N,WA16N,9.8636,-449.4832,-439.6196,3HS4.pdb,screening_000221|WA16N
screening_000222,A,16,13,W,P,WA16P,152.6103,-449.4832,-296.8728,3HS4.pdb,screening_000222|WA16P
screening_000223,A,16,13,W,Q,WA16Q,8.0852,-449.4832,-441.398,3HS4.pdb,screening_000223|WA16Q
screening_000224,A,16,13,W,R,WA16R,10.5933,-449.4832,-438.8899,3HS4.pdb,screening_000224|WA16R
screening_000225,A,16,13,W,S,WA16S,11.0711,-449.4832,-438.4121,3HS4.pdb,screening_000225|WA16S
screening_000226,A,16,13,W,T,WA16T,10.5519,-449.4832,-438.9313,3HS4.pdb,screening_000226|WA16T
screening_000227,A,16,13,W,V,WA16V,13.0319,-449.4832,-436.4513,3HS4.pdb,screening_000227|WA16V
screening_000228,A,16,13,W,Y,WA16Y,114.7719,-449.4832,-334.7113,3HS4.pdb,screening_000228|WA16Y
screening_000229,A,17,14,H,A,HA17A,-2.221,-449.4832,-451.7042,3HS4.pdb,screening_000229|HA17A
screening_000230,A,17,14,H,C,HA17C,0.7945,-449.4832,-448.6886,3HS4.pdb,screening_000230|HA17C
screening_000231,A,17,14,H,D,HA17D,0.7637,-449.4832,-448.7194,3HS4.pdb,screening_000231|HA17D
screening_000232,A,17,14,H,E,HA17E,6.9555,-449.4832,-442.5276,3HS4.pdb,screening_000232|HA17E
screening_000233,A,17,14,H,F,HA17F,-0.5951,-449.4832,-450.0782,3HS4.pdb,screening_000233|HA17F
screening_000234,A,17,14,H,G,HA17G,0.8874,-449.4832,-448.5958,3HS4.pdb,screening_000234|HA17G
screening_000235,A,17,14,H,I,HA17I,49.2334,-449.4832,-400.2498,3HS4.pdb,screening_000235|HA17I
screening_000236,A,17,14,H,K,HA17K,124.9979,-449.4832,-324.4853,3HS4.pdb,screening_000236|HA17K
screening_000237,A,17,14,H,L,HA17L,64.7482,-449.4832,-384.7349,3HS4.pdb,screening_000237|HA17L
screening_000238,A,17,14,H,M,HA17M,189.8581,-449.4832,-259.6251,3HS4.pdb,screening_000238|HA17M
screening_000239,A,17,14,H,N,HA17N,2.0073,-449.4832,-447.4759,3HS4.pdb,screening_000239|HA17N
screening_000240,A,17,14,H,P,HA17P,12.3795,-449.4832,-437.1037,3HS4.pdb,screening_000240|HA17P
screening_000241,A,17,14,H,Q,HA17Q,2.486,-449.4832,-446.9972,3HS4.pdb,screening_000241|HA17Q
screening_000242,A,17,14,H,R,HA17R,68.0161,-449.4832,-381.4671,3HS4.pdb,screening_000242|HA17R
screening_000243,A,17,14,H,S,HA17S,-1.3463,-449.4832,-450.8295,3HS4.pdb,screening_000243|HA17S
screening_000244,A,17,14,H,T,HA17T,1.9546,-449.4832,-447.5285,3HS4.pdb,screening_000244|HA17T
screening_000245,A,17,14,H,V,HA17V,6.1022,-449.4832,-443.381,3HS4.pdb,screening_000245|HA17V
screening_000246,A,17,14,H,W,HA17W,-1.401,-449.4832,-450.8841,3HS4.pdb,screening_000246|HA17W
screening_000247,A,17,14,H,Y,HA17Y,-0.0526,-449.4832,-449.5357,3HS4.pdb,screening_000247|HA17Y
screening_000248,A,18,15,K,A,KA18A,-0.4247,-449.4832,-449.9079,3HS4.pdb,screening_000248|KA18A
screening_000249,A,18,15,K,C,KA18C,1.4083,-449.4832,-448.0748,3HS4.pdb,screening_000249|KA18C
screening_000250,A,18,15,K,D,KA18D,1.2221,-449.4832,-448.2611,3HS4.pdb,screening_000250|KA18D
screening_000251,A,18,15,K,E,KA18E,-0.2348,-449.4832,-449.718,3HS4.pdb,screening_000251|KA18E
screening_000252,A,18,15,K,F,KA18F,0.6614,-449.4832,-448.8218,3HS4.pdb,screening_000252|KA18F
screening_000253,A,18,15,K,G,KA18G,1.5114,-449.4832,-447.9717,3HS4.pdb,screening_000253|KA18G
screening_000254,A,18,15,K,H,KA18H,-0.299,-449.4832,-449.7821,3HS4.pdb,screening_000254|KA18H
screening_000255,A,18,15,K,I,KA18I,0.5876,-449.4832,-448.8955,3HS4.pdb,screening_000255|KA18I
screening_000256,A,18,15,K,L,KA18L,-1.0378,-449.4832,-450.521,3HS4.pdb,screening_000256|KA18L
screening_000257,A,18,15,K,M,KA18M,0.22,-449.4832,-449.2632,3HS4.pdb,screening_000257|KA18M
screening_000258,A,18,15,K,N,KA18N,-0.2485,-449.4832,-449.7317,3HS4.pdb,screening_000258|KA18N
screening_000259,A,18,15,K,P,KA18P,199.5501,-449.4832,-249.9331,3HS4.pdb,screening_000259|KA18P
screening_000260,A,18,15,K,Q,KA18Q,-0.1955,-449.4832,-449.6787,3HS4.pdb,screening_000260|KA18Q
screening_000261,A,18,15,K,R,KA18R,-0.122,-449.4832,-449.6052,3HS4.pdb,screening_000261|KA18R
screening_000262,A,18,15,K,S,KA18S,0.1969,-449.4832,-449.2862,3HS4.pdb,screening_000262|KA18S
screening_000263,A,18,15,K,T,KA18T,0.7641,-449.4832,-448.7191,3HS4.pdb,screening_000263|KA18T
screening_000264,A,18,15,K,V,KA18V,0.1288,-449.4832,-449.3543,3HS4.pdb,screening_000264|KA18V
screening_000265,A,18,15,K,W,KA18W,1.3504,-449.4832,-448.1328,3HS4.pdb,screening_000265|KA18W
screening_000266,A,18,15,K,Y,KA18Y,0.1592,-449.4832,-449.324,3HS4.pdb,screening_000266|KA18Y
screening_000267,A,19,16,D,A,DA19A,-0.0496,-449.4832,-449.5328,3HS4.pdb,screening_000267|DA19A
screening_000268,A,19,16,D,C,DA19C,1.4869,-449.4832,-447.9962,3HS4.pdb,screening_000268|DA19C
screening_000269,A,19,16,D,E,DA19E,-2.0781,-449.4832,-451.5612,3HS4.pdb,screening_000269|DA19E
screening_000270,A,19,16,D,F,DA19F,0.1972,-449.4832,-449.286,3HS4.pdb,screening_000270|DA19F
screening_000271,A,19,16,D,G,DA19G,1.7817,-449.4832,-447.7015,3HS4.pdb,screening_000271|DA19G
screening_000272,A,19,16,D,H,DA19H,-1.2015,-449.4832,-450.6846,3HS4.pdb,screening_000272|DA19H
screening_000273,A,19,16,D,I,DA19I,1.5096,-449.4832,-447.9735,3HS4.pdb,screening_000273|DA19I
screening_000274,A,19,16,D,K,DA19K,-1.5869,-449.4832,-451.0701,3HS4.pdb,screening_000274|DA19K
screening_000275,A,19,16,D,L,DA19L,-1.0881,-449.4832,-450.5712,3HS4.pdb,screening_000275|DA19L
screening_000276,A,19,16,D,M,DA19M,0.4401,-449.4832,-449.0431,3HS4.pdb,screening_000276|DA19M
screening_000277,A,19,16,D,N,DA19N,-1.2329,-449.4832,-450.716,3HS4.pdb,screening_000277|DA19N
screening_000278,A,19,16,D,P,DA19P,127.7891,-449.4832,-321.6941,3HS4.pdb,screening_000278|DA19P
screening_000279,A,19,16,D,Q,DA19Q,-0.9182,-449.4832,-450.4014,3HS4.pdb,screening_000279|DA19Q
screening_000280,A,19,16,D,R,DA19R,0.0286,-449.4832,-449.4546,3HS4.pdb,screening_000280|DA19R
screening_000281,A,19,16,D,S,DA19S,-0.7861,-449.4832,-450.2693,3HS4.pdb,screening_000281|DA19S
screening_000282,A,19,16,D,T,DA19T,3.1579,-449.4832,-446.3253,3HS4.pdb,screening_000282|DA19T
screening_000283,A,19,16,D,V,DA19V,1.8557,-449.4832,-447.6275,3HS4.pdb,screening_000283|DA19V
screening_000284,A,19,16,D,W,DA19W,0.4823,-449.4832,-449.0008,3HS4.pdb,screening_000284|DA19W
screening_000285,A,19,16,D,Y,DA19Y,-0.4436,-449.4832,-449.9268,3HS4.pdb,screening_000285|DA19Y
screening_000286,A,20,17,F,A,FA20A,4.1926,-449.4832,-445.2906,3HS4.pdb,screening_000286|FA20A
screening_000287,A,20,17,F,C,FA20C,5.6124,-449.4832,-443.8708,3HS4.pdb,screening_000287|FA20C
screening_000288,A,20,17,F,D,FA20D,16.6193,-449.4832,-432.8638,3HS4.pdb,screening_000288|FA20D
screening_000289,A,20,17,F,E,FA20E,6.4331,-449.4832,-443.05,3HS4.pdb,screening_000289|FA20E
screening_000290,A,20,17,F,G,FA20G,18.2142,-449.4832,-431.269,3HS4.pdb,screening_000290|FA20G
screening_000291,A,20,17,F,H,FA20H,5.5632,-449.4832,-443.92,3HS4.pdb,screening_000291|FA20H
screening_000292,A,20,17,F,I,FA20I,9.7937,-449.4832,-439.6895,3HS4.pdb,screening_000292|FA20I
screening_000293,A,20,17,F,K,FA20K,5.9125,-449.4832,-443.5707,3HS4.pdb,screening_000293|FA20K
screening_000294,A,20,17,F,L,FA20L,100.4459,-449.4832,-349.0373,3HS4.pdb,screening_000294|FA20L
screening_000295,A,20,17,F,M,FA20M,5.7956,-449.4832,-443.6876,3HS4.pdb,screening_000295|FA20M
screening_000296,A,20,17,F,N,FA20N,2.2064,-449.4832,-447.2768,3HS4.pdb,screening_000296|FA20N
screening_000297,A,20,17,F,P,FA20P,315.5664,-449.4832,-133.9167,3HS4.pdb,screening_000297|FA20P
screening_000298,A,20,17,F,Q,FA20Q,4.664,-449.4832,-444.8191,3HS4.pdb,screening_000298|FA20Q
screening_000299,A,20,17,F,R,FA20R,4.1102,-449.4832,-445.373,3HS4.pdb,screening_000299|FA20R
screening_000300,A,20,17,F,S,FA20S,5.4753,-449.4832,-444.0079,3HS4.pdb,screening_000300|FA20S
screening_000301,A,20,17,F,T,FA20T,4.1674,-449.4832,-445.3157,3HS4.pdb,screening_000301|FA20T
screening_000302,A,20,17,F,V,FA20V,8.3116,-449.4832,-441.1716,3HS4.pdb,screening_000302|FA20V
screening_000303,A,20,17,F,W,FA20W,15.2119,-449.4832,-434.2713,3HS4.pdb,screening_000303|FA20W
screening_000304,A,20,17,F,Y,FA20Y,2.2112,-449.4832,-447.2719,3HS4.pdb,screening_000304|FA20Y
screening_000305,A,29,26,S,A,SA29A,-0.8521,-449.4832,-450.3353,3HS4.pdb,screening_000305|SA29A
screening_000306,A,29,26,S,C,SA29C,69.1895,-449.4832,-380.2937,3HS4.pdb,screening_000306|SA29C
screening_000307,A,29,26,S,D,SA29D,46.0901,-449.4832,-403.3931,3HS4.pdb,screening_000307|SA29D
screening_000308,A,29,26,S,E,SA29E,588.8471,-449.4832,139.364,3HS4.pdb,screening_000308|SA29E
screening_000309,A,29,26,S,F,SA29F,1645.6318,-449.4832,1196.1487,3HS4.pdb,screening_000309|SA29F
screening_000310,A,29,26,S,G,SA29G,4.1848,-449.4832,-445.2984,3HS4.pdb,screening_000310|SA29G
screening_000311,A,29,26,S,H,SA29H,788.6209,-449.4832,339.1377,3HS4.pdb,screening_000311|SA29H
screening_000312,A,29,26,S,I,SA29I,445.4302,-449.4832,-4.053,3HS4.pdb,screening_000312|SA29I
screening_000313,A,29,26,S,K,SA29K,1011.4922,-449.4832,562.009,3HS4.pdb,screening_000313|SA29K
screening_000314,A,29,26,S,L,SA29L,893.5868,-449.4832,444.1036,3HS4.pdb,screening_000314|SA29L
screening_000315,A,29,26,S,M,SA29M,778.7834,-449.4832,329.3003,3HS4.pdb,screening_000315|SA29M
screening_000316,A,29,26,S,N,SA29N,113.3866,-449.4832,-336.0966,3HS4.pdb,screening_000316|SA29N
screening_000317,A,29,26,S,P,SA29P,458.3391,-449.4832,8.8559,3HS4.pdb,screening_000317|SA29P
screening_000318,A,29,26,S,Q,SA29Q,548.3916,-449.4832,98.9084,3HS4.pdb,screening_000318|SA29Q
screening_000319,A,29,26,S,R,SA29R,1036.5229,-449.4832,587.0397,3HS4.pdb,screening_000319|SA29R
screening_000320,A,29,26,S,T,SA29T,41.3397,-449.4832,-408.1434,3HS4.pdb,screening_000320|SA29T
screening_000321,A,29,26,S,V,SA29V,159.0992,-449.4832,-290.384,3HS4.pdb,screening_000321|SA29V
screening_000322,A,29,26,S,W,SA29W,1938.6574,-449.4832,1489.1742,3HS4.pdb,screening_000322|SA29W
screening_000323,A,29,26,S,Y,SA29Y,1873.5168,-449.4832,1424.0337,3HS4.pdb,screening_000323|SA29Y
screening_000324,A,30,27,P,A,PA30A,1.2299,-449.4832,-448.2533,3HS4.pdb,screening_000324|PA30A
screening_000325,A,30,27,P,C,PA30C,33.1592,-449.4832,-416.324,3HS4.pdb,screening_000325|PA30C
screening_000326,A,30,27,P,D,PA30D,38.9301,-449.4832,-410.5531,3HS4.pdb,screening_000326|PA30D
screening_000327,A,30,27,P,E,PA30E,197.3141,-449.4832,-252.1691,3HS4.pdb,screening_000327|PA30E
screening_000328,A,30,27,P,F,PA30F,695.6965,-449.4832,246.2134,3HS4.pdb,screening_000328|PA30F
screening_000329,A,30,27,P,G,PA30G,2.8194,-449.4832,-446.6637,3HS4.pdb,screening_000329|PA30G
screening_000330,A,30,27,P,H,PA30H,170.1223,-449.4832,-279.3609,3HS4.pdb,screening_000330|PA30H
screening_000331,A,30,27,P,I,PA30I,119.9696,-449.4832,-329.5136,3HS4.pdb,screening_000331|PA30I
screening_000332,A,30,27,P,K,PA30K,448.7703,-449.4832,-0.7128,3HS4.pdb,screening_000332|PA30K
screening_000333,A,30,27,P,L,PA30L,669.9903,-449.4832,220.5071,3HS4.pdb,screening_000333|PA30L
screening_000334,A,30,27,P,M,PA30M,347.819,-449.4832,-101.6642,3HS4.pdb,screening_000334|PA30M
screening_000335,A,30,27,P,N,PA30N,42.8764,-449.4832,-406.6068,3HS4.pdb,screening_000335|PA30N
screening_000336,A,30,27,P,Q,PA30Q,255.0068,-449.4832,-194.4764,3HS4.pdb,screening_000336|PA30Q
screening_000337,A,30,27,P,R,PA30R,982.2583,-449.4832,532.7751,3HS4.pdb,screening_000337|PA30R
screening_000338,A,30,27,P,S,PA30S,3.2071,-449.4832,-446.276,3HS4.pdb,screening_000338|PA30S
screening_000339,A,30,27,P,T,PA30T,41.4493,-449.4832,-408.0338,3HS4.pdb,screening_000339|PA30T
screening_000340,A,30,27,P,V,PA30V,109.4149,-449.4832,-340.0683,3HS4.pdb,screening_000340|PA30V
screening_000341,A,30,27,P,W,PA30W,551.0354,-449.4832,101.5522,3HS4.pdb,screening_000341|PA30W
screening_000342,A,30,27,P,Y,PA30Y,888.4385,-449.4832,438.9553,3HS4.pdb,screening_000342|PA30Y
screening_000343,A,33,30,I,A,IA33A,9.5334,-449.4832,-439.9497,3HS4.pdb,screening_000343|IA33A
screening_000344,A,33,30,I,C,IA33C,8.0025,-449.4832,-441.4807,3HS4.pdb,screening_000344|IA33C
screening_000345,A,33,30,I,D,IA33D,10.633,-449.4832,-438.8502,3HS4.pdb,screening_000345|IA33D
screening_000346,A,33,30,I,E,IA33E,9.6677,-449.4832,-439.8155,3HS4.pdb,screening_000346|IA33E
screening_000347,A,33,30,I,F,IA33F,56.6805,-449.4832,-392.8027,3HS4.pdb,screening_000347|IA33F
screening_000348,A,33,30,I,G,IA33G,15.3825,-449.4832,-434.1007,3HS4.pdb,screening_000348|IA33G
screening_000349,A,33,30,I,H,IA33H,9.0851,-449.4832,-440.3981,3HS4.pdb,screening_000349|IA33H
screening_000350,A,33,30,I,K,IA33K,54.1276,-449.4832,-395.3556,3HS4.pdb,screening_000350|IA33K
screening_000351,A,33,30,I,L,IA33L,5.7003,-449.4832,-443.7829,3HS4.pdb,screening_000351|IA33L
screening_000352,A,33,30,I,M,IA33M,27.3906,-449.4832,-422.0925,3HS4.pdb,screening_000352|IA33M
screening_000353,A,33,30,I,N,IA33N,8.8733,-449.4832,-440.6099,3HS4.pdb,screening_000353|IA33N
screening_000354,A,33,30,I,P,IA33P,297.8733,-449.4832,-151.6099,3HS4.pdb,screening_000354|IA33P
screening_000355,A,33,30,I,Q,IA33Q,9.7693,-449.4832,-439.7139,3HS4.pdb,screening_000355|IA33Q
screening_000356,A,33,30,I,R,IA33R,142.5106,-449.4832,-306.9725,3HS4.pdb,screening_000356|IA33R
screening_000357,A,33,30,I,S,IA33S,10.3908,-449.4832,-439.0924,3HS4.pdb,screening_000357|IA33S
screening_000358,A,33,30,I,T,IA33T,6.8628,-449.4832,-442.6204,3HS4.pdb,screening_000358|IA33T
screening_000359,A,33,30,I,V,IA33V,3.1522,-449.4832,-446.331,3HS4.pdb,screening_000359|IA33V
screening_000360,A,33,30,I,W,IA33W,262.1149,-449.4832,-187.3682,3HS4.pdb,screening_000360|IA33W
screening_000361,A,33,30,I,Y,IA33Y,128.9049,-449.4832,-320.5783,3HS4.pdb,screening_000361|IA33Y
screening_000362,A,35,32,T,A,TA35A,-2.2049,-449.4832,-451.6881,3HS4.pdb,screening_000362|TA35A
screening_000363,A,35,32,T,C,TA35C,-0.6843,-449.4832,-450.1675,3HS4.pdb,screening_000363|TA35C
screening_000364,A,35,32,T,D,TA35D,-0.5067,-449.4832,-449.9899,3HS4.pdb,screening_000364|TA35D
screening_000365,A,35,32,T,E,TA35E,-0.8345,-449.4832,-450.3176,3HS4.pdb,screening_000365|TA35E
screening_000366,A,35,32,T,F,TA35F,85.9867,-449.4832,-363.4964,3HS4.pdb,screening_000366|TA35F
screening_000367,A,35,32,T,G,TA35G,-0.0597,-449.4832,-449.5429,3HS4.pdb,screening_000367|TA35G
screening_000368,A,35,32,T,H,TA35H,6.462,-449.4832,-443.0211,3HS4.pdb,screening_000368|TA35H
screening_000369,A,35,32,T,I,TA35I,-0.1734,-449.4832,-449.6566,3HS4.pdb,screening_000369|TA35I
screening_000370,A,35,32,T,K,TA35K,-1.7768,-449.4832,-451.26,3HS4.pdb,screening_000370|TA35K
screening_000371,A,35,32,T,L,TA35L,43.276,-449.4832,-406.2072,3HS4.pdb,screening_000371|TA35L
screening_000372,A,35,32,T,M,TA35M,0.4856,-449.4832,-448.9975,3HS4.pdb,screening_000372|TA35M
screening_000373,A,35,32,T,N,TA35N,-0.4838,-449.4832,-449.967,3HS4.pdb,screening_000373|TA35N
screening_000374,A,35,32,T,P,TA35P,276.653,-449.4832,-172.8302,3HS4.pdb,screening_000374|TA35P
screening_000375,A,35,32,T,Q,TA35Q,-1.9136,-449.4832,-451.3968,3HS4.pdb,screening_000375|TA35Q
screening_000376,A,35,32,T,R,TA35R,-1.5714,-449.4832,-451.0546,3HS4.pdb,screening_000376|TA35R
screening_000377,A,35,32,T,S,TA35S,-3.9921,-449.4832,-453.4753,3HS4.pdb,screening_000377|TA35S
screening_000378,A,35,32,T,V,TA35V,-2.0857,-449.4832,-451.5689,3HS4.pdb,screening_000378|TA35V
screening_000379,A,35,32,T,W,TA35W,36.5914,-449.4832,-412.8918,3HS4.pdb,screening_000379|TA35W
screening_000380,A,35,32,T,Y,TA35Y,148.9136,-449.4832,-300.5696,3HS4.pdb,screening_000380|TA35Y
screening_000381,A,62,59,N,A,NA62A,4.3082,-449.4832,-445.1749,3HS4.pdb,screening_000381|NA62A
screening_000382,A,62,59,N,C,NA62C,4.0231,-449.4832,-445.4601,3HS4.pdb,screening_000382|NA62C
screening_000383,A,62,59,N,D,NA62D,-0.7903,-449.4832,-450.2735,3HS4.pdb,screening_000383|NA62D
screening_000384,A,62,59,N,E,NA62E,16.9937,-449.4832,-432.4895,3HS4.pdb,screening_000384|NA62E
screening_000385,A,62,59,N,F,NA62F,476.6208,-449.4832,27.1376,3HS4.pdb,screening_000385|NA62F
screening_000386,A,62,59,N,G,NA62G,5.4485,-449.4832,-444.0347,3HS4.pdb,screening_000386|NA62G
screening_000387,A,62,59,N,H,NA62H,78.8454,-449.4832,-370.6377,3HS4.pdb,screening_000387|NA62H
screening_000388,A,62,59,N,I,NA62I,14.1506,-449.4832,-435.3325,3HS4.pdb,screening_000388|NA62I
screening_000389,A,62,59,N,K,NA62K,7.7002,-449.4832,-441.7829,3HS4.pdb,screening_000389|NA62K
screening_000390,A,62,59,N,L,NA62L,254.6371,-449.4832,-194.846,3HS4.pdb,screening_000390|NA62L
screening_000391,A,62,59,N,M,NA62M,17.4403,-449.4832,-432.0429,3HS4.pdb,screening_000391|NA62M
screening_000392,A,62,59,N,P,NA62P,141.9434,-449.4832,-307.5398,3HS4.pdb,screening_000392|NA62P
screening_000393,A,62,59,N,Q,NA62Q,20.7872,-449.4832,-428.696,3HS4.pdb,screening_000393|NA62Q
screening_000394,A,62,59,N,R,NA62R,7.3585,-449.4832,-442.1247,3HS4.pdb,screening_000394|NA62R
screening_000395,A,62,59,N,S,NA62S,3.5712,-449.4832,-445.912,3HS4.pdb,screening_000395|NA62S
screening_000396,A,62,59,N,T,NA62T,16.7333,-449.4832,-432.7499,3HS4.pdb,screening_000396|NA62T
screening_000397,A,62,59,N,V,NA62V,12.9142,-449.4832,-436.5689,3HS4.pdb,screening_000397|NA62V
screening_000398,A,62,59,N,W,NA62W,493.4201,-449.4832,43.9369,3HS4.pdb,screening_000398|NA62W
screening_000399,A,62,59,N,Y,NA62Y,285.7261,-449.4832,-163.7571,3HS4.pdb,screening_000399|NA62Y
screening_000400,A,65,62,A,C,AA65C,-0.5851,-449.4832,-450.0683,3HS4.pdb,screening_000400|AA65C
screening_000401,A,65,62,A,D,AA65D,3.8003,-449.4832,-445.6829,3HS4.pdb,screening_000401|AA65D
screening_000402,A,65,62,A,E,AA65E,6.4521,-449.4832,-443.0311,3HS4.pdb,screening_000402|AA65E
screening_000403,A,65,62,A,F,AA65F,362.139,-449.4832,-87.3442,3HS4.pdb,screening_000403|AA65F
screening_000404,A,65,62,A,G,AA65G,1.1692,-449.4832,-448.314,3HS4.pdb,screening_000404|AA65G
screening_000405,A,65,62,A,H,AA65H,27.4841,-449.4832,-421.9991,3HS4.pdb,screening_000405|AA65H
screening_000406,A,65,62,A,I,AA65I,25.9665,-449.4832,-423.5167,3HS4.pdb,screening_000406|AA65I
screening_000407,A,65,62,A,K,AA65K,17.351,-449.4832,-432.1322,3HS4.pdb,screening_000407|AA65K
screening_000408,A,65,62,A,L,AA65L,96.3642,-449.4832,-353.119,3HS4.pdb,screening_000408|AA65L
screening_000409,A,65,62,A,M,AA65M,6.8999,-449.4832,-442.5832,3HS4.pdb,screening_000409|AA65M
screening_000410,A,65,62,A,N,AA65N,-0.2501,-449.4832,-449.7333,3HS4.pdb,screening_000410|AA65N
screening_000411,A,65,62,A,P,AA65P,289.0843,-449.4832,-160.3988,3HS4.pdb,screening_000411|AA65P
screening_000412,A,65,62,A,Q,AA65Q,7.8405,-449.4832,-441.6427,3HS4.pdb,screening_000412|AA65Q
screening_000413,A,65,62,A,R,AA65R,11.7811,-449.4832,-437.7021,3HS4.pdb,screening_000413|AA65R
screening_000414,A,65,62,A,S,AA65S,-1.7624,-449.4832,-451.2456,3HS4.pdb,screening_000414|AA65S
screening_000415,A,65,62,A,T,AA65T,-2.8228,-449.4832,-452.3059,3HS4.pdb,screening_000415|AA65T
screening_000416,A,65,62,A,V,AA65V,19.6697,-449.4832,-429.8134,3HS4.pdb,screening_000416|AA65V
screening_000417,A,65,62,A,W,AA65W,127.0253,-449.4832,-322.4579,3HS4.pdb,screening_000417|AA65W
screening_000418,A,65,62,A,Y,AA65Y,337.5512,-449.4832,-111.932,3HS4.pdb,screening_000418|AA65Y
screening_000419,A,67,64,N,A,NA67A,-1.0393,-449.4832,-450.5225,3HS4.pdb,screening_000419|NA67A
screening_000420,A,67,64,N,C,NA67C,-0.9871,-449.4832,-450.4703,3HS4.pdb,screening_000420|NA67C
screening_000421,A,67,64,N,D,NA67D,0.8113,-449.4832,-448.6718,3HS4.pdb,screening_000421|NA67D
screening_000422,A,67,64,N,E,NA67E,-1.662,-449.4832,-451.1451,3HS4.pdb,screening_000422|NA67E
screening_000423,A,67,64,N,F,NA67F,47.8912,-449.4832,-401.592,3HS4.pdb,screening_000423|NA67F
screening_000424,A,67,64,N,G,NA67G,3.7541,-449.4832,-445.7291,3HS4.pdb,screening_000424|NA67G
screening_000425,A,67,64,N,H,NA67H,2.9227,-449.4832,-446.5604,3HS4.pdb,screening_000425|NA67H
screening_000426,A,67,64,N,I,NA67I,7.0123,-449.4832,-442.4708,3HS4.pdb,screening_000426|NA67I
screening_000427,A,67,64,N,K,NA67K,3.6133,-449.4832,-445.8699,3HS4.pdb,screening_000427|NA67K
screening_000428,A,67,64,N,L,NA67L,16.8239,-449.4832,-432.6593,3HS4.pdb,screening_000428|NA67L
screening_000429,A,67,64,N,M,NA67M,8.2092,-449.4832,-441.274,3HS4.pdb,screening_000429|NA67M
screening_000430,A,67,64,N,P,NA67P,152.3938,-449.4832,-297.0894,3HS4.pdb,screening_000430|NA67P
screening_000431,A,67,64,N,Q,NA67Q,-0.0114,-449.4832,-449.4945,3HS4.pdb,screening_000431|NA67Q
screening_000432,A,67,64,N,R,NA67R,3.1525,-449.4832,-446.3306,3HS4.pdb,screening_000432|NA67R
screening_000433,A,67,64,N,S,NA67S,-0.7523,-449.4832,-450.2355,3HS4.pdb,screening_000433|NA67S
screening_000434,A,67,64,N,T,NA67T,-0.9363,-449.4832,-450.4195,3HS4.pdb,screening_000434|NA67T
screening_000435,A,67,64,N,V,NA67V,4.7485,-449.4832,-444.7347,3HS4.pdb,screening_000435|NA67V
screening_000436,A,67,64,N,W,NA67W,10.7941,-449.4832,-438.6891,3HS4.pdb,screening_000436|NA67W
screening_000437,A,67,64,N,Y,NA67Y,68.313,-449.4832,-381.1701,3HS4.pdb,screening_000437|NA67Y
screening_000438,A,91,88,I,A,IA91A,1.2728,-449.4832,-448.2103,3HS4.pdb,screening_000438|IA91A
screening_000439,A,91,88,I,C,IA91C,2.5466,-449.4832,-446.9365,3HS4.pdb,screening_000439|IA91C
screening_000440,A,91,88,I,D,IA91D,7.7746,-449.4832,-441.7085,3HS4.pdb,screening_000440|IA91D
screening_000441,A,91,88,I,E,IA91E,5.8928,-449.4832,-443.5903,3HS4.pdb,screening_000441|IA91E
screening_000442,A,91,88,I,F,IA91F,3.8967,-449.4832,-445.5865,3HS4.pdb,screening_000442|IA91F
screening_000443,A,91,88,I,G,IA91G,4.2983,-449.4832,-445.1849,3HS4.pdb,screening_000443|IA91G
screening_000444,A,91,88,I,H,IA91H,1.2126,-449.4832,-448.2706,3HS4.pdb,screening_000444|IA91H
screening_000445,A,91,88,I,K,IA91K,-1.0872,-449.4832,-450.5704,3HS4.pdb,screening_000445|IA91K
screening_000446,A,91,88,I,L,IA91L,31.925,-449.4832,-417.5582,3HS4.pdb,screening_000446|IA91L
screening_000447,A,91,88,I,M,IA91M,2.8463,-449.4832,-446.6369,3HS4.pdb,screening_000447|IA91M
screening_000448,A,91,88,I,N,IA91N,3.6415,-449.4832,-445.8416,3HS4.pdb,screening_000448|IA91N
screening_000449,A,91,88,I,P,IA91P,215.2404,-449.4832,-234.2428,3HS4.pdb,screening_000449|IA91P
screening_000450,A,91,88,I,Q,IA91Q,2.5895,-449.4832,-446.8937,3HS4.pdb,screening_000450|IA91Q
screening_000451,A,91,88,I,R,IA91R,-0.3766,-449.4832,-449.8598,3HS4.pdb,screening_000451|IA91R
screening_000452,A,91,88,I,S,IA91S,1.6943,-449.4832,-447.7889,3HS4.pdb,screening_000452|IA91S
screening_000453,A,91,88,I,T,IA91T,6.6894,-449.4832,-442.7938,3HS4.pdb,screening_000453|IA91T
screening_000454,A,91,88,I,V,IA91V,68.5076,-449.4832,-380.9756,3HS4.pdb,screening_000454|IA91V
screening_000455,A,91,88,I,W,IA91W,11.0137,-449.4832,-438.4695,3HS4.pdb,screening_000455|IA91W
screening_000456,A,91,88,I,Y,IA91Y,2.974,-449.4832,-446.5092,3HS4.pdb,screening_000456|IA91Y
screening_000457,A,92,89,Q,A,QA92A,-10.1727,-449.4832,-459.6559,3HS4.pdb,screening_000457|QA92A
screening_000458,A,92,89,Q,C,QA92C,-9.7233,-449.4832,-459.2064,3HS4.pdb,screening_000458|QA92C
screening_000459,A,92,89,Q,D,QA92D,-4.9306,-449.4832,-454.4137,3HS4.pdb,screening_000459|QA92D
screening_000460,A,92,89,Q,E,QA92E,-8.752,-449.4832,-458.2352,3HS4.pdb,screening_000460|QA92E
screening_000461,A,92,89,Q,F,QA92F,40.5264,-449.4832,-408.9568,3HS4.pdb,screening_000461|QA92F
screening_000462,A,92,89,Q,G,QA92G,-4.8964,-449.4832,-454.3796,3HS4.pdb,screening_000462|QA92G
screening_000463,A,92,89,Q,H,QA92H,6.5693,-449.4832,-442.9139,3HS4.pdb,screening_000463|QA92H
screening_000464,A,92,89,Q,I,QA92I,19.8884,-449.4832,-429.5947,3HS4.pdb,screening_000464|QA92I
screening_000465,A,92,89,Q,K,QA92K,-9.1233,-449.4832,-458.6064,3HS4.pdb,screening_000465|QA92K
screening_000466,A,92,89,Q,L,QA92L,-10.2438,-449.4832,-459.727,3HS4.pdb,screening_000466|QA92L
screening_000467,A,92,89,Q,M,QA92M,-10.2742,-449.4832,-459.7574,3HS4.pdb,screening_000467|QA92M
screening_000468,A,92,89,Q,N,QA92N,-8.3343,-449.4832,-457.8175,3HS4.pdb,screening_000468|QA92N
screening_000469,A,92,89,Q,P,QA92P,412.4398,-449.4832,-37.0434,3HS4.pdb,screening_000469|QA92P
screening_000470,A,92,89,Q,R,QA92R,-9.3485,-449.4832,-458.8316,3HS4.pdb,screening_000470|QA92R
screening_000471,A,92,89,Q,S,QA92S,-9.9752,-449.4832,-459.4583,3HS4.pdb,screening_000471|QA92S
screening_000472,A,92,89,Q,T,QA92T,-8.4013,-449.4832,-457.8844,3HS4.pdb,screening_000472|QA92T
screening_000473,A,92,89,Q,V,QA92V,19.9854,-449.4832,-429.4977,3HS4.pdb,screening_000473|QA92V
screening_000474,A,92,89,Q,W,QA92W,62.1107,-449.4832,-387.3725,3HS4.pdb,screening_000474|QA92W
screening_000475,A,92,89,Q,Y,QA92Y,32.938,-449.4832,-416.5452,3HS4.pdb,screening_000475|QA92Y
screening_000476,A,93,90,F,A,FA93A,8.9872,-449.4832,-440.496,3HS4.pdb,screening_000476|FA93A
screening_000477,A,93,90,F,C,FA93C,10.5156,-449.4832,-438.9676,3HS4.pdb,screening_000477|FA93C
screening_000478,A,93,90,F,D,FA93D,11.5911,-449.4832,-437.8921,3HS4.pdb,screening_000478|FA93D
screening_000479,A,93,90,F,E,FA93E,8.4869,-449.4832,-440.9962,3HS4.pdb,screening_000479|FA93E
screening_000480,A,93,90,F,G,FA93G,12.5726,-449.4832,-436.9106,3HS4.pdb,screening_000480|FA93G
screening_000481,A,93,90,F,H,FA93H,28.51,-449.4832,-420.9731,3HS4.pdb,screening_000481|FA93H
screening_000482,A,93,90,F,I,FA93I,111.6675,-449.4832,-337.8157,3HS4.pdb,screening_000482|FA93I
screening_000483,A,93,90,F,K,FA93K,16.9478,-449.4832,-432.5353,3HS4.pdb,screening_000483|FA93K
screening_000484,A,93,90,F,L,FA93L,4.452,-449.4832,-445.0312,3HS4.pdb,screening_000484|FA93L
screening_000485,A,93,90,F,M,FA93M,18.6929,-449.4832,-430.7903,3HS4.pdb,screening_000485|FA93M
screening_000486,A,93,90,F,N,FA93N,10.4268,-449.4832,-439.0563,3HS4.pdb,screening_000486|FA93N
screening_000487,A,93,90,F,P,FA93P,217.3007,-449.4832,-232.1825,3HS4.pdb,screening_000487|FA93P
screening_000488,A,93,90,F,Q,FA93Q,9.1751,-449.4832,-440.308,3HS4.pdb,screening_000488|FA93Q
screening_000489,A,93,90,F,R,FA93R,42.8512,-449.4832,-406.6319,3HS4.pdb,screening_000489|FA93R
screening_000490,A,93,90,F,S,FA93S,8.9622,-449.4832,-440.521,3HS4.pdb,screening_000490|FA93S
screening_000491,A,93,90,F,T,FA93T,14.3619,-449.4832,-435.1213,3HS4.pdb,screening_000491|FA93T
screening_000492,A,93,90,F,V,FA93V,110.3975,-449.4832,-339.0856,3HS4.pdb,screening_000492|FA93V
screening_000493,A,93,90,F,W,FA93W,275.6627,-449.4832,-173.8205,3HS4.pdb,screening_000493|FA93W
screening_000494,A,93,90,F,Y,FA93Y,88.8473,-449.4832,-360.6359,3HS4.pdb,screening_000494|FA93Y
screening_000495,A,94,91,H,A,HA94A,-2.6757,-449.4832,-452.1589,3HS4.pdb,screening_000495|HA94A
screening_000496,A,94,91,H,C,HA94C,-2.6247,-449.4832,-452.1079,3HS4.pdb,screening_000496|HA94C
screening_000497,A,94,91,H,D,HA94D,0.9736,-449.4832,-448.5095,3HS4.pdb,screening_000497|HA94D
screening_000498,A,94,91,H,E,HA94E,-0.69,-449.4832,-450.1732,3HS4.pdb,screening_000498|HA94E
screening_000499,A,94,91,H,F,HA94F,18.0372,-449.4832,-431.446,3HS4.pdb,screening_000499|HA94F
screening_000500,A,94,91,H,G,HA94G,-1.204,-449.4832,-450.6871,3HS4.pdb,screening_000500|HA94G
screening_000501,A,94,91,H,I,HA94I,172.9346,-449.4832,-276.5485,3HS4.pdb,screening_000501|HA94I
screening_000502,A,94,91,H,K,HA94K,-1.3735,-449.4832,-450.8567,3HS4.pdb,screening_000502|HA94K
screening_000503,A,94,91,H,L,HA94L,-1.957,-449.4832,-451.4402,3HS4.pdb,screening_000503|HA94L
screening_000504,A,94,91,H,M,HA94M,-1.3118,-449.4832,-450.795,3HS4.pdb,screening_000504|HA94M
screening_000505,A,94,91,H,N,HA94N,-2.8254,-449.4832,-452.3086,3HS4.pdb,screening_000505|HA94N
screening_000506,A,94,91,H,P,HA94P,223.3185,-449.4832,-226.1646,3HS4.pdb,screening_000506|HA94P
screening_000507,A,94,91,H,Q,HA94Q,-2.7368,-449.4832,-452.22,3HS4.pdb,screening_000507|HA94Q
screening_000508,A,94,91,H,R,HA94R,-2.8539,-449.4832,-452.3371,3HS4.pdb,screening_000508|HA94R
screening_000509,A,94,91,H,S,HA94S,-2.9777,-449.4832,-452.4608,3HS4.pdb,screening_000509|HA94S
screening_000510,A,94,91,H,T,HA94T,-2.9299,-449.4832,-452.413,3HS4.pdb,screening_000510|HA94T
screening_000511,A,94,91,H,V,HA94V,48.1967,-449.4832,-401.2864,3HS4.pdb,screening_000511|HA94V
screening_000512,A,94,91,H,W,HA94W,16.3753,-449.4832,-433.1079,3HS4.pdb,screening_000512|HA94W
screening_000513,A,94,91,H,Y,HA94Y,19.3011,-449.4832,-430.1821,3HS4.pdb,screening_000513|HA94Y
screening_000514,A,95,92,F,A,FA95A,11.1318,-449.4832,-438.3513,3HS4.pdb,screening_000514|FA95A
screening_000515,A,95,92,F,C,FA95C,10.7119,-449.4832,-438.7713,3HS4.pdb,screening_000515|FA95C
screening_000516,A,95,92,F,D,FA95D,13.0458,-449.4832,-436.4374,3HS4.pdb,screening_000516|FA95D
screening_000517,A,95,92,F,E,FA95E,13.9958,-449.4832,-435.4873,3HS4.pdb,screening_000517|FA95E
screening_000518,A,95,92,F,G,FA95G,15.3622,-449.4832,-434.121,3HS4.pdb,screening_000518|FA95G
screening_000519,A,95,92,F,H,FA95H,7.7981,-449.4832,-441.6851,3HS4.pdb,screening_000519|FA95H
screening_000520,A,95,92,F,I,FA95I,26.7637,-449.4832,-422.7195,3HS4.pdb,screening_000520|FA95I
screening_000521,A,95,92,F,K,FA95K,70.8339,-449.4832,-378.6493,3HS4.pdb,screening_000521|FA95K
screening_000522,A,95,92,F,L,FA95L,70.0362,-449.4832,-379.447,3HS4.pdb,screening_000522|FA95L
screening_000523,A,95,92,F,M,FA95M,51.5125,-449.4832,-397.9706,3HS4.pdb,screening_000523|FA95M
screening_000524,A,95,92,F,N,FA95N,11.0664,-449.4832,-438.4168,3HS4.pdb,screening_000524|FA95N
screening_000525,A,95,92,F,P,FA95P,110.9255,-449.4832,-338.5577,3HS4.pdb,screening_000525|FA95P
screening_000526,A,95,92,F,Q,FA95Q,13.2199,-449.4832,-436.2633,3HS4.pdb,screening_000526|FA95Q
screening_000527,A,95,92,F,R,FA95R,166.9377,-449.4832,-282.5454,3HS4.pdb,screening_000527|FA95R
screening_000528,A,95,92,F,S,FA95S,11.4743,-449.4832,-438.0089,3HS4.pdb,screening_000528|FA95S
screening_000529,A,95,92,F,T,FA95T,10.6542,-449.4832,-438.8289,3HS4.pdb,screening_000529|FA95T
screening_000530,A,95,92,F,V,FA95V,80.4919,-449.4832,-368.9912,3HS4.pdb,screening_000530|FA95V
screening_000531,A,95,92,F,W,FA95W,184.6467,-449.4832,-264.8365,3HS4.pdb,screening_000531|FA95W
screening_000532,A,95,92,F,Y,FA95Y,11.9267,-449.4832,-437.5565,3HS4.pdb,screening_000532|FA95Y
screening_000533,A,96,93,H,A,HA96A,-3.8091,-449.4832,-453.2923,3HS4.pdb,screening_000533|HA96A
screening_000534,A,96,93,H,C,HA96C,-3.0276,-449.4832,-452.5107,3HS4.pdb,screening_000534|HA96C
screening_000535,A,96,93,H,D,HA96D,8.533,-449.4832,-440.9502,3HS4.pdb,screening_000535|HA96D
screening_000536,A,96,93,H,E,HA96E,6.9264,-449.4832,-442.5568,3HS4.pdb,screening_000536|HA96E
screening_000537,A,96,93,H,F,HA96F,8.2839,-449.4832,-441.1993,3HS4.pdb,screening_000537|HA96F
screening_000538,A,96,93,H,G,HA96G,0.7221,-449.4832,-448.7611,3HS4.pdb,screening_000538|HA96G
screening_000539,A,96,93,H,I,HA96I,43.1204,-449.4832,-406.3628,3HS4.pdb,screening_000539|HA96I
screening_000540,A,96,93,H,K,HA96K,3.7824,-449.4832,-445.7007,3HS4.pdb,screening_000540|HA96K
screening_000541,A,96,93,H,L,HA96L,159.85,-449.4832,-289.6332,3HS4.pdb,screening_000541|HA96L
screening_000542,A,96,93,H,M,HA96M,13.6712,-449.4832,-435.8119,3HS4.pdb,screening_000542|HA96M
screening_000543,A,96,93,H,N,HA96N,0.6456,-449.4832,-448.8376,3HS4.pdb,screening_000543|HA96N
screening_000544,A,96,93,H,P,HA96P,255.2446,-449.4832,-194.2386,3HS4.pdb,screening_000544|HA96P
screening_000545,A,96,93,H,Q,HA96Q,3.4893,-449.4832,-445.9938,3HS4.pdb,screening_000545|HA96Q
screening_000546,A,96,93,H,R,HA96R,47.5558,-449.4832,-401.9274,3HS4.pdb,screening_000546|HA96R
screening_000547,A,96,93,H,S,HA96S,-2.7776,-449.4832,-452.2608,3HS4.pdb,screening_000547|HA96S
screening_000548,A,96,93,H,T,HA96T,-2.5582,-449.4832,-452.0414,3HS4.pdb,screening_000548|HA96T
screening_000549,A,96,93,H,V,HA96V,16.3006,-449.4832,-433.1826,3HS4.pdb,screening_000549|HA96V
screening_000550,A,96,93,H,W,HA96W,594.3798,-449.4832,144.8967,3HS4.pdb,screening_000550|HA96W
screening_000551,A,96,93,H,Y,HA96Y,10.0797,-449.4832,-439.4034,3HS4.pdb,screening_000551|HA96Y
screening_000552,A,106,103,E,A,EA106A,-3.2388,-449.4832,-452.722,3HS4.pdb,screening_000552|EA106A
screening_000553,A,106,103,E,C,EA106C,-2.3928,-449.4832,-451.8759,3HS4.pdb,screening_000553|EA106C
screening_000554,A,106,103,E,D,EA106D,0.0748,-449.4832,-449.4084,3HS4.pdb,screening_000554|EA106D
screening_000555,A,106,103,E,F,EA106F,616.3169,-449.4832,166.8338,3HS4.pdb,screening_000555|EA106F
screening_000556,A,106,103,E,G,EA106G,-2.2301,-449.4832,-451.7133,3HS4.pdb,screening_000556|EA106G
screening_000557,A,106,103,E,H,EA106H,154.8047,-449.4832,-294.6785,3HS4.pdb,screening_000557|EA106H
screening_000558,A,106,103,E,I,EA106I,233.1566,-449.4832,-216.3265,3HS4.pdb,screening_000558|EA106I
screening_000559,A,106,103,E,K,EA106K,250.8429,-449.4832,-198.6403,3HS4.pdb,screening_000559|EA106K
screening_000560,A,106,103,E,L,EA106L,14.0734,-449.4832,-435.4098,3HS4.pdb,screening_000560|EA106L
screening_000561,A,106,103,E,M,EA106M,305.5281,-449.4832,-143.955,3HS4.pdb,screening_000561|EA106M
screening_000562,A,106,103,E,N,EA106N,0.6546,-449.4832,-448.8286,3HS4.pdb,screening_000562|EA106N
screening_000563,A,106,103,E,P,EA106P,101.8835,-449.4832,-347.5997,3HS4.pdb,screening_000563|EA106P
screening_000564,A,106,103,E,Q,EA106Q,67.1938,-449.4832,-382.2894,3HS4.pdb,screening_000564|EA106Q
screening_000565,A,106,103,E,R,EA106R,194.0718,-449.4832,-255.4113,3HS4.pdb,screening_000565|EA106R
screening_000566,A,106,103,E,S,EA106S,-1.8489,-449.4832,-451.3321,3HS4.pdb,screening_000566|EA106S
screening_000567,A,106,103,E,T,EA106T,-5.1091,-449.4832,-454.5922,3HS4.pdb,screening_000567|EA106T
screening_000568,A,106,103,E,V,EA106V,184.9913,-449.4832,-264.4918,3HS4.pdb,screening_000568|EA106V
screening_000569,A,106,103,E,W,EA106W,1004.7351,-449.4832,555.252,3HS4.pdb,screening_000569|EA106W
screening_000570,A,106,103,E,Y,EA106Y,712.1673,-449.4832,262.6842,3HS4.pdb,screening_000570|EA106Y
screening_000571,A,107,104,H,A,HA107A,1.7391,-449.4832,-447.744,3HS4.pdb,screening_000571|HA107A
screening_000572,A,107,104,H,C,HA107C,2.8239,-449.4832,-446.6593,3HS4.pdb,screening_000572|HA107C
screening_000573,A,107,104,H,D,HA107D,4.3324,-449.4832,-445.1508,3HS4.pdb,screening_000573|HA107D
screening_000574,A,107,104,H,E,HA107E,6.0123,-449.4832,-443.4708,3HS4.pdb,screening_000574|HA107E
screening_000575,A,107,104,H,F,HA107F,39.6525,-449.4832,-409.8307,3HS4.pdb,screening_000575|HA107F
screening_000576,A,107,104,H,G,HA107G,5.1735,-449.4832,-444.3097,3HS4.pdb,screening_000576|HA107G
screening_000577,A,107,104,H,I,HA107I,24.2827,-449.4832,-425.2004,3HS4.pdb,screening_000577|HA107I
screening_000578,A,107,104,H,K,HA107K,15.5569,-449.4832,-433.9263,3HS4.pdb,screening_000578|HA107K
screening_000579,A,107,104,H,L,HA107L,75.1653,-449.4832,-374.3178,3HS4.pdb,screening_000579|HA107L
screening_000580,A,107,104,H,M,HA107M,41.3757,-449.4832,-408.1075,3HS4.pdb,screening_000580|HA107M
screening_000581,A,107,104,H,N,HA107N,0.7929,-449.4832,-448.6902,3HS4.pdb,screening_000581|HA107N
screening_000582,A,107,104,H,P,HA107P,241.909,-449.4832,-207.5742,3HS4.pdb,screening_000582|HA107P
screening_000583,A,107,104,H,Q,HA107Q,7.4895,-449.4832,-441.9937,3HS4.pdb,screening_000583|HA107Q
screening_000584,A,107,104,H,R,HA107R,180.5976,-449.4832,-268.8856,3HS4.pdb,screening_000584|HA107R
screening_000585,A,107,104,H,S,HA107S,3.1855,-449.4832,-446.2977,3HS4.pdb,screening_000585|HA107S
screening_000586,A,107,104,H,T,HA107T,8.0685,-449.4832,-441.4147,3HS4.pdb,screening_000586|HA107T
screening_000587,A,107,104,H,V,HA107V,10.8324,-449.4832,-438.6508,3HS4.pdb,screening_000587|HA107V
screening_000588,A,107,104,H,W,HA107W,445.3943,-449.4832,-4.0889,3HS4.pdb,screening_000588|HA107W
screening_000589,A,107,104,H,Y,HA107Y,64.8404,-449.4832,-384.6427,3HS4.pdb,screening_000589|HA107Y
screening_000590,A,108,105,T,A,TA108A,-1.699,-449.4832,-451.1822,3HS4.pdb,screening_000590|TA108A
screening_000591,A,108,105,T,C,TA108C,-1.129,-449.4832,-450.6122,3HS4.pdb,screening_000591|TA108C
screening_000592,A,108,105,T,D,TA108D,4.0192,-449.4832,-445.4639,3HS4.pdb,screening_000592|TA108D
screening_000593,A,108,105,T,E,TA108E,0.5033,-449.4832,-448.9798,3HS4.pdb,screening_000593|TA108E
screening_000594,A,108,105,T,F,TA108F,232.4152,-449.4832,-217.0679,3HS4.pdb,screening_000594|TA108F
screening_000595,A,108,105,T,G,TA108G,1.6977,-449.4832,-447.7854,3HS4.pdb,screening_000595|TA108G
screening_000596,A,108,105,T,H,TA108H,82.3328,-449.4832,-367.1504,3HS4.pdb,screening_000596|TA108H
screening_000597,A,108,105,T,I,TA108I,115.3541,-449.4832,-334.1291,3HS4.pdb,screening_000597|TA108I
screening_000598,A,108,105,T,K,TA108K,4.666,-449.4832,-444.8172,3HS4.pdb,screening_000598|TA108K
screening_000599,A,108,105,T,L,TA108L,1.6795,-449.4832,-447.8037,3HS4.pdb,screening_000599|TA108L
screening_000600,A,108,105,T,M,TA108M,4.5235,-449.4832,-444.9597,3HS4.pdb,screening_000600|TA108M
screening_000601,A,108,105,T,N,TA108N,1.4601,-449.4832,-448.023,3HS4.pdb,screening_000601|TA108N
screening_000602,A,108,105,T,P,TA108P,157.023,-449.4832,-292.4602,3HS4.pdb,screening_000602|TA108P
screening_000603,A,108,105,T,Q,TA108Q,0.3255,-449.4832,-449.1576,3HS4.pdb,screening_000603|TA108Q
screening_000604,A,108,105,T,R,TA108R,1.9019,-449.4832,-447.5813,3HS4.pdb,screening_000604|TA108R
screening_000605,A,108,105,T,S,TA108S,-1.3393,-449.4832,-450.8225,3HS4.pdb,screening_000605|TA108S
screening_000606,A,108,105,T,V,TA108V,48.0677,-449.4832,-401.4155,3HS4.pdb,screening_000606|TA108V
screening_000607,A,108,105,T,W,TA108W,150.244,-449.4832,-299.2392,3HS4.pdb,screening_000607|TA108W
screening_000608,A,108,105,T,Y,TA108Y,275.7112,-449.4832,-173.772,3HS4.pdb,screening_000608|TA108Y
screening_000609,A,109,106,V,A,VA109A,6.1218,-449.4832,-443.3614,3HS4.pdb,screening_000609|VA109A
screening_000610,A,109,106,V,C,VA109C,5.8791,-449.4832,-443.6041,3HS4.pdb,screening_000610|VA109C
screening_000611,A,109,106,V,D,VA109D,9.2412,-449.4832,-440.2419,3HS4.pdb,screening_000611|VA109D
screening_000612,A,109,106,V,E,VA109E,3.9271,-449.4832,-445.5561,3HS4.pdb,screening_000612|VA109E
screening_000613,A,109,106,V,F,VA109F,361.042,-449.4832,-88.4412,3HS4.pdb,screening_000613|VA109F
screening_000614,A,109,106,V,G,VA109G,12.4119,-449.4832,-437.0712,3HS4.pdb,screening_000614|VA109G
screening_000615,A,109,106,V,H,VA109H,212.9836,-449.4832,-236.4995,3HS4.pdb,screening_000615|VA109H
screening_000616,A,109,106,V,I,VA109I,6.586,-449.4832,-442.8972,3HS4.pdb,screening_000616|VA109I
screening_000617,A,109,106,V,K,VA109K,8.5876,-449.4832,-440.8956,3HS4.pdb,screening_000617|VA109K
screening_000618,A,109,106,V,L,VA109L,18.5929,-449.4832,-430.8902,3HS4.pdb,screening_000618|VA109L
screening_000619,A,109,106,V,M,VA109M,8.1321,-449.4832,-441.3511,3HS4.pdb,screening_000619|VA109M
screening_000620,A,109,106,V,N,VA109N,8.4025,-449.4832,-441.0807,3HS4.pdb,screening_000620|VA109N
screening_000621,A,109,106,V,P,VA109P,206.5581,-449.4832,-242.9251,3HS4.pdb,screening_000621|VA109P
screening_000622,A,109,106,V,Q,VA109Q,4.3535,-449.4832,-445.1297,3HS4.pdb,screening_000622|VA109Q
screening_000623,A,109,106,V,R,VA109R,6.1219,-449.4832,-443.3613,3HS4.pdb,screening_000623|VA109R
screening_000624,A,109,106,V,S,VA109S,4.9911,-449.4832,-444.492,3HS4.pdb,screening_000624|VA109S
screening_000625,A,109,106,V,T,VA109T,3.8912,-449.4832,-445.5919,3HS4.pdb,screening_000625|VA109T
screening_000626,A,109,106,V,W,VA109W,241.5307,-449.4832,-207.9524,3HS4.pdb,screening_000626|VA109W
screening_000627,A,109,106,V,Y,VA109Y,384.6904,-449.4832,-64.7928,3HS4.pdb,screening_000627|VA109Y
screening_000628,A,110,107,D,A,DA110A,3.104,-449.4832,-446.3792,3HS4.pdb,screening_000628|DA110A
screening_000629,A,110,107,D,C,DA110C,3.8971,-449.4832,-445.5861,3HS4.pdb,screening_000629|DA110C
screening_000630,A,110,107,D,E,DA110E,4.537,-449.4832,-444.9461,3HS4.pdb,screening_000630|DA110E
screening_000631,A,110,107,D,F,DA110F,6.7045,-449.4832,-442.7787,3HS4.pdb,screening_000631|DA110F
screening_000632,A,110,107,D,G,DA110G,4.1785,-449.4832,-445.3047,3HS4.pdb,screening_000632|DA110G
screening_000633,A,110,107,D,H,DA110H,4.5302,-449.4832,-444.953,3HS4.pdb,screening_000633|DA110H
screening_000634,A,110,107,D,I,DA110I,24.7637,-449.4832,-424.7195,3HS4.pdb,screening_000634|DA110I
screening_000635,A,110,107,D,K,DA110K,5.3891,-449.4832,-444.0941,3HS4.pdb,screening_000635|DA110K
screening_000636,A,110,107,D,L,DA110L,5.2221,-449.4832,-444.2611,3HS4.pdb,screening_000636|DA110L
screening_000637,A,110,107,D,M,DA110M,5.0482,-449.4832,-444.435,3HS4.pdb,screening_000637|DA110M
screening_000638,A,110,107,D,N,DA110N,-3.7671,-449.4832,-453.2503,3HS4.pdb,screening_000638|DA110N
screening_000639,A,110,107,D,P,DA110P,487.9592,-449.4832,38.4761,3HS4.pdb,screening_000639|DA110P
screening_000640,A,110,107,D,Q,DA110Q,3.9659,-449.4832,-445.5173,3HS4.pdb,screening_000640|DA110Q
screening_000641,A,110,107,D,R,DA110R,5.4328,-449.4832,-444.0503,3HS4.pdb,screening_000641|DA110R
screening_000642,A,110,107,D,S,DA110S,2.5869,-449.4832,-446.8963,3HS4.pdb,screening_000642|DA110S
screening_000643,A,110,107,D,T,DA110T,7.3691,-449.4832,-442.1141,3HS4.pdb,screening_000643|DA110T
screening_000644,A,110,107,D,V,DA110V,17.6166,-449.4832,-431.8666,3HS4.pdb,screening_000644|DA110V
screening_000645,A,110,107,D,W,DA110W,707.9272,-449.4832,258.444,3HS4.pdb,screening_000645|DA110W
screening_000646,A,110,107,D,Y,DA110Y,1204.8803,-449.4832,755.3972,3HS4.pdb,screening_000646|DA110Y
screening_000647,A,112,109,K,A,KA112A,-4.5536,-449.4832,-454.0367,3HS4.pdb,screening_000647|KA112A
screening_000648,A,112,109,K,C,KA112C,-3.5722,-449.4832,-453.0554,3HS4.pdb,screening_000648|KA112C
screening_000649,A,112,109,K,D,KA112D,-2.5326,-449.4832,-452.0158,3HS4.pdb,screening_000649|KA112D
screening_000650,A,112,109,K,E,KA112E,-4.5775,-449.4832,-454.0607,3HS4.pdb,screening_000650|KA112E
screening_000651,A,112,109,K,F,KA112F,-4.9391,-449.4832,-454.4222,3HS4.pdb,screening_000651|KA112F
screening_000652,A,112,109,K,G,KA112G,-2.4635,-449.4832,-451.9467,3HS4.pdb,screening_000652|KA112G
screening_000653,A,112,109,K,H,KA112H,-5.0267,-449.4832,-454.5099,3HS4.pdb,screening_000653|KA112H
screening_000654,A,112,109,K,I,KA112I,-5.7741,-449.4832,-455.2572,3HS4.pdb,screening_000654|KA112I
screening_000655,A,112,109,K,L,KA112L,-5.1101,-449.4832,-454.5933,3HS4.pdb,screening_000655|KA112L
screening_000656,A,112,109,K,M,KA112M,-4.1541,-449.4832,-453.6373,3HS4.pdb,screening_000656|KA112M
screening_000657,A,112,109,K,N,KA112N,-4.5134,-449.4832,-453.9966,3HS4.pdb,screening_000657|KA112N
screening_000658,A,112,109,K,P,KA112P,486.9223,-449.4832,37.4391,3HS4.pdb,screening_000658|KA112P
screening_000659,A,112,109,K,Q,KA112Q,-6.6988,-449.4832,-456.1819,3HS4.pdb,screening_000659|KA112Q
screening_000660,A,112,109,K,R,KA112R,-5.1174,-449.4832,-454.6005,3HS4.pdb,screening_000660|KA112R
screening_000661,A,112,109,K,S,KA112S,-4.7227,-449.4832,-454.2058,3HS4.pdb,screening_000661|KA112S
screening_000662,A,112,109,K,T,KA112T,-5.5897,-449.4832,-455.0729,3HS4.pdb,screening_000662|KA112T
screening_000663,A,112,109,K,V,KA112V,-5.9198,-449.4832,-455.4029,3HS4.pdb,screening_000663|KA112V
screening_000664,A,112,109,K,W,KA112W,-2.9092,-449.4832,-452.3924,3HS4.pdb,screening_000664|KA112W
screening_000665,A,112,109,K,Y,KA112Y,-5.2908,-449.4832,-454.774,3HS4.pdb,screening_000665|KA112Y
screening_000666,A,114,111,Y,A,YA114A,5.5885,-449.4832,-443.8947,3HS4.pdb,screening_000666|YA114A
screening_000667,A,114,111,Y,C,YA114C,7.778,-449.4832,-441.7052,3HS4.pdb,screening_000667|YA114C
screening_000668,A,114,111,Y,D,YA114D,8.0146,-449.4832,-441.4686,3HS4.pdb,screening_000668|YA114D
screening_000669,A,114,111,Y,E,YA114E,23.5505,-449.4832,-425.9327,3HS4.pdb,screening_000669|YA114E
screening_000670,A,114,111,Y,F,YA114F,2.5455,-449.4832,-446.9377,3HS4.pdb,screening_000670|YA114F
screening_000671,A,114,111,Y,G,YA114G,7.104,-449.4832,-442.3791,3HS4.pdb,screening_000671|YA114G
screening_000672,A,114,111,Y,H,YA114H,4.8363,-449.4832,-444.6469,3HS4.pdb,screening_000672|YA114H
screening_000673,A,114,111,Y,I,YA114I,132.2936,-449.4832,-317.1896,3HS4.pdb,screening_000673|YA114I
screening_000674,A,114,111,Y,K,YA114K,27.4432,-449.4832,-422.0399,3HS4.pdb,screening_000674|YA114K
screening_000675,A,114,111,Y,L,YA114L,245.7457,-449.4832,-203.7375,3HS4.pdb,screening_000675|YA114L
screening_000676,A,114,111,Y,M,YA114M,20.6208,-449.4832,-428.8624,3HS4.pdb,screening_000676|YA114M
screening_000677,A,114,111,Y,N,YA114N,6.7247,-449.4832,-442.7585,3HS4.pdb,screening_000677|YA114N
screening_000678,A,114,111,Y,P,YA114P,380.061,-449.4832,-69.4222,3HS4.pdb,screening_000678|YA114P
screening_000679,A,114,111,Y,Q,YA114Q,20.4339,-449.4832,-429.0492,3HS4.pdb,screening_000679|YA114Q
screening_000680,A,114,111,Y,R,YA114R,23.8578,-449.4832,-425.6254,3HS4.pdb,screening_000680|YA114R
screening_000681,A,114,111,Y,S,YA114S,6.71,-449.4832,-442.7732,3HS4.pdb,screening_000681|YA114S
screening_000682,A,114,111,Y,T,YA114T,37.6253,-449.4832,-411.8578,3HS4.pdb,screening_000682|YA114T
screening_000683,A,114,111,Y,V,YA114V,128.9513,-449.4832,-320.5319,3HS4.pdb,screening_000683|YA114V
screening_000684,A,114,111,Y,W,YA114W,53.2449,-449.4832,-396.2383,3HS4.pdb,screening_000684|YA114W
screening_000685,A,117,114,E,A,EA117A,3.1462,-449.4832,-446.3369,3HS4.pdb,screening_000685|EA117A
screening_000686,A,117,114,E,C,EA117C,3.2166,-449.4832,-446.2666,3HS4.pdb,screening_000686|EA117C
screening_000687,A,117,114,E,D,EA117D,8.2575,-449.4832,-441.2257,3HS4.pdb,screening_000687|EA117D
screening_000688,A,117,114,E,F,EA117F,288.2435,-449.4832,-161.2397,3HS4.pdb,screening_000688|EA117F
screening_000689,A,117,114,E,G,EA117G,8.747,-449.4832,-440.7362,3HS4.pdb,screening_000689|EA117G
screening_000690,A,117,114,E,H,EA117H,33.6984,-449.4832,-415.7848,3HS4.pdb,screening_000690|EA117H
screening_000691,A,117,114,E,I,EA117I,-0.6602,-449.4832,-450.1433,3HS4.pdb,screening_000691|EA117I
screening_000692,A,117,114,E,K,EA117K,47.1749,-449.4832,-402.3083,3HS4.pdb,screening_000692|EA117K
screening_000693,A,117,114,E,L,EA117L,15.8374,-449.4832,-433.6457,3HS4.pdb,screening_000693|EA117L
screening_000694,A,117,114,E,M,EA117M,31.4098,-449.4832,-418.0733,3HS4.pdb,screening_000694|EA117M
screening_000695,A,117,114,E,N,EA117N,6.305,-449.4832,-443.1782,3HS4.pdb,screening_000695|EA117N
screening_000696,A,117,114,E,P,EA117P,256.0826,-449.4832,-193.4006,3HS4.pdb,screening_000696|EA117P
screening_000697,A,117,114,E,Q,EA117Q,-2.9227,-449.4832,-452.4059,3HS4.pdb,screening_000697|EA117Q
screening_000698,A,117,114,E,R,EA117R,92.8336,-449.4832,-356.6496,3HS4.pdb,screening_000698|EA117R
screening_000699,A,117,114,E,S,EA117S,3.7906,-449.4832,-445.6926,3HS4.pdb,screening_000699|EA117S
screening_000700,A,117,114,E,T,EA117T,4.2271,-449.4832,-445.256,3HS4.pdb,screening_000700|EA117T
screening_000701,A,117,114,E,V,EA117V,0.9566,-449.4832,-448.5265,3HS4.pdb,screening_000701|EA117V
screening_000702,A,117,114,E,W,EA117W,373.8436,-449.4832,-75.6396,3HS4.pdb,screening_000702|EA117W
screening_000703,A,117,114,E,Y,EA117Y,577.6057,-449.4832,128.1225,3HS4.pdb,screening_000703|EA117Y
screening_000704,A,118,115,L,A,LA118A,8.3561,-449.4832,-441.127,3HS4.pdb,screening_000704|LA118A
screening_000705,A,118,115,L,C,LA118C,7.2854,-449.4832,-442.1977,3HS4.pdb,screening_000705|LA118C
screening_000706,A,118,115,L,D,LA118D,13.4641,-449.4832,-436.0191,3HS4.pdb,screening_000706|LA118D
screening_000707,A,118,115,L,E,LA118E,8.7219,-449.4832,-440.7613,3HS4.pdb,screening_000707|LA118E
screening_000708,A,118,115,L,F,LA118F,192.8413,-449.4832,-256.6419,3HS4.pdb,screening_000708|LA118F
screening_000709,A,118,115,L,G,LA118G,12.4758,-449.4832,-437.0073,3HS4.pdb,screening_000709|LA118G
screening_000710,A,118,115,L,H,LA118H,25.4288,-449.4832,-424.0544,3HS4.pdb,screening_000710|LA118H
screening_000711,A,118,115,L,I,LA118I,54.3832,-449.4832,-395.1,3HS4.pdb,screening_000711|LA118I
screening_000712,A,118,115,L,K,LA118K,58.2025,-449.4832,-391.2807,3HS4.pdb,screening_000712|LA118K
screening_000713,A,118,115,L,M,LA118M,40.0366,-449.4832,-409.4465,3HS4.pdb,screening_000713|LA118M
screening_000714,A,118,115,L,N,LA118N,9.1433,-449.4832,-440.3399,3HS4.pdb,screening_000714|LA118N
screening_000715,A,118,115,L,P,LA118P,337.7581,-449.4832,-111.725,3HS4.pdb,screening_000715|LA118P
screening_000716,A,118,115,L,Q,LA118Q,8.1692,-449.4832,-441.314,3HS4.pdb,screening_000716|LA118Q
screening_000717,A,118,115,L,R,LA118R,46.9862,-449.4832,-402.497,3HS4.pdb,screening_000717|LA118R
screening_000718,A,118,115,L,S,LA118S,8.8537,-449.4832,-440.6294,3HS4.pdb,screening_000718|LA118S
screening_000719,A,118,115,L,T,LA118T,12.8871,-449.4832,-436.5961,3HS4.pdb,screening_000719|LA118T
screening_000720,A,118,115,L,V,LA118V,58.866,-449.4832,-390.6172,3HS4.pdb,screening_000720|LA118V
screening_000721,A,118,115,L,W,LA118W,178.4506,-449.4832,-271.0326,3HS4.pdb,screening_000721|LA118W
screening_000722,A,118,115,L,Y,LA118Y,290.4716,-449.4832,-159.0116,3HS4.pdb,screening_000722|LA118Y
screening_000723,A,119,116,H,A,HA119A,1.7311,-449.4832,-447.7521,3HS4.pdb,screening_000723|HA119A
screening_000724,A,119,116,H,C,HA119C,1.5886,-449.4832,-447.8945,3HS4.pdb,screening_000724|HA119C
screening_000725,A,119,116,H,D,HA119D,3.8378,-449.4832,-445.6454,3HS4.pdb,screening_000725|HA119D
screening_000726,A,119,116,H,E,HA119E,3.6601,-449.4832,-445.8231,3HS4.pdb,screening_000726|HA119E
screening_000727,A,119,116,H,F,HA119F,66.666,-449.4832,-382.8172,3HS4.pdb,screening_000727|HA119F
screening_000728,A,119,116,H,G,HA119G,8.3023,-449.4832,-441.1809,3HS4.pdb,screening_000728|HA119G
screening_000729,A,119,116,H,I,HA119I,104.9944,-449.4832,-344.4888,3HS4.pdb,screening_000729|HA119I
screening_000730,A,119,116,H,K,HA119K,24.0347,-449.4832,-425.4484,3HS4.pdb,screening_000730|HA119K
screening_000731,A,119,116,H,L,HA119L,19.9905,-449.4832,-429.4927,3HS4.pdb,screening_000731|HA119L
screening_000732,A,119,116,H,M,HA119M,29.3212,-449.4832,-420.162,3HS4.pdb,screening_000732|HA119M
screening_000733,A,119,116,H,N,HA119N,3.0865,-449.4832,-446.3966,3HS4.pdb,screening_000733|HA119N
screening_000734,A,119,116,H,P,HA119P,205.8624,-449.4832,-243.6208,3HS4.pdb,screening_000734|HA119P
screening_000735,A,119,116,H,Q,HA119Q,-0.2231,-449.4832,-449.7063,3HS4.pdb,screening_000735|HA119Q
screening_000736,A,119,116,H,R,HA119R,32.1964,-449.4832,-417.2868,3HS4.pdb,screening_000736|HA119R
screening_000737,A,119,116,H,S,HA119S,2.2248,-449.4832,-447.2584,3HS4.pdb,screening_000737|HA119S
screening_000738,A,119,116,H,T,HA119T,7.0383,-449.4832,-442.4448,3HS4.pdb,screening_000738|HA119T
screening_000739,A,119,116,H,V,HA119V,93.5917,-449.4832,-355.8915,3HS4.pdb,screening_000739|HA119V
screening_000740,A,119,116,H,W,HA119W,191.9617,-449.4832,-257.5215,3HS4.pdb,screening_000740|HA119W
screening_000741,A,119,116,H,Y,HA119Y,98.4222,-449.4832,-351.061,3HS4.pdb,screening_000741|HA119Y
screening_000742,A,120,117,L,A,LA120A,-2.8497,-449.4832,-452.3329,3HS4.pdb,screening_000742|LA120A
screening_000743,A,120,117,L,C,LA120C,-2.9581,-449.4832,-452.4413,3HS4.pdb,screening_000743|LA120C
screening_000744,A,120,117,L,D,LA120D,-3.3894,-449.4832,-452.8726,3HS4.pdb,screening_000744|LA120D
screening_000745,A,120,117,L,E,LA120E,-5.3453,-449.4832,-454.8285,3HS4.pdb,screening_000745|LA120E
screening_000746,A,120,117,L,F,LA120F,46.2075,-449.4832,-403.2757,3HS4.pdb,screening_000746|LA120F
screening_000747,A,120,117,L,G,LA120G,1.7305,-449.4832,-447.7527,3HS4.pdb,screening_000747|LA120G
screening_000748,A,120,117,L,H,LA120H,6.6662,-449.4832,-442.817,3HS4.pdb,screening_000748|LA120H
screening_000749,A,120,117,L,I,LA120I,41.3775,-449.4832,-408.1056,3HS4.pdb,screening_000749|LA120I
screening_000750,A,120,117,L,K,LA120K,2.7265,-449.4832,-446.7567,3HS4.pdb,screening_000750|LA120K
screening_000751,A,120,117,L,M,LA120M,-5.5163,-449.4832,-454.9994,3HS4.pdb,screening_000751|LA120M
screening_000752,A,120,117,L,N,LA120N,-4.4155,-449.4832,-453.8987,3HS4.pdb,screening_000752|LA120N
screening_000753,A,120,117,L,P,LA120P,205.1966,-449.4832,-244.2865,3HS4.pdb,screening_000753|LA120P
screening_000754,A,120,117,L,Q,LA120Q,-3.9044,-449.4832,-453.3875,3HS4.pdb,screening_000754|LA120Q
screening_000755,A,120,117,L,R,LA120R,149.6116,-449.4832,-299.8715,3HS4.pdb,screening_000755|LA120R
screening_000756,A,120,117,L,S,LA120S,-2.1599,-449.4832,-451.6431,3HS4.pdb,screening_000756|LA120S
screening_000757,A,120,117,L,T,LA120T,27.9754,-449.4832,-421.5078,3HS4.pdb,screening_000757|LA120T
screening_000758,A,120,117,L,V,LA120V,38.12,-449.4832,-411.3631,3HS4.pdb,screening_000758|LA120V
screening_000759,A,120,117,L,W,LA120W,321.7117,-449.4832,-127.7715,3HS4.pdb,screening_000759|LA120W
screening_000760,A,120,117,L,Y,LA120Y,126.3866,-449.4832,-323.0966,3HS4.pdb,screening_000760|LA120Y
screening_000761,A,121,118,V,A,VA121A,6.5307,-449.4832,-442.9525,3HS4.pdb,screening_000761|VA121A
screening_000762,A,121,118,V,C,VA121C,5.9675,-449.4832,-443.5157,3HS4.pdb,screening_000762|VA121C
screening_000763,A,121,118,V,D,VA121D,8.5482,-449.4832,-440.9349,3HS4.pdb,screening_000763|VA121D
screening_000764,A,121,118,V,E,VA121E,4.8676,-449.4832,-444.6156,3HS4.pdb,screening_000764|VA121E
screening_000765,A,121,118,V,F,VA121F,274.3838,-449.4832,-175.0994,3HS4.pdb,screening_000765|VA121F
screening_000766,A,121,118,V,G,VA121G,11.3353,-449.4832,-438.1479,3HS4.pdb,screening_000766|VA121G
screening_000767,A,121,118,V,H,VA121H,161.0671,-449.4832,-288.4161,3HS4.pdb,screening_000767|VA121H
screening_000768,A,121,118,V,I,VA121I,17.0445,-449.4832,-432.4386,3HS4.pdb,screening_000768|VA121I
screening_000769,A,121,118,V,K,VA121K,8.9217,-449.4832,-440.5614,3HS4.pdb,screening_000769|VA121K
screening_000770,A,121,118,V,L,VA121L,10.8178,-449.4832,-438.6654,3HS4.pdb,screening_000770|VA121L
screening_000771,A,121,118,V,M,VA121M,3.0319,-449.4832,-446.4512,3HS4.pdb,screening_000771|VA121M
screening_000772,A,121,118,V,N,VA121N,6.9626,-449.4832,-442.5205,3HS4.pdb,screening_000772|VA121N
screening_000773,A,121,118,V,P,VA121P,213.5491,-449.4832,-235.934,3HS4.pdb,screening_000773|VA121P
screening_000774,A,121,118,V,Q,VA121Q,3.6626,-449.4832,-445.8205,3HS4.pdb,screening_000774|VA121Q
screening_000775,A,121,118,V,R,VA121R,7.243,-449.4832,-442.2402,3HS4.pdb,screening_000775|VA121R
screening_000776,A,121,118,V,S,VA121S,6.5527,-449.4832,-442.9305,3HS4.pdb,screening_000776|VA121S
screening_000777,A,121,118,V,T,VA121T,3.9163,-449.4832,-445.5669,3HS4.pdb,screening_000777|VA121T
screening_000778,A,121,118,V,W,VA121W,138.7578,-449.4832,-310.7254,3HS4.pdb,screening_000778|VA121W
screening_000779,A,121,118,V,Y,VA121Y,260.9921,-449.4832,-188.491,3HS4.pdb,screening_000779|VA121Y
screening_000780,A,122,119,H,A,HA122A,3.4903,-449.4832,-445.9929,3HS4.pdb,screening_000780|HA122A
screening_000781,A,122,119,H,C,HA122C,4.6377,-449.4832,-444.8455,3HS4.pdb,screening_000781|HA122C
screening_000782,A,122,119,H,D,HA122D,12.6861,-449.4832,-436.7971,3HS4.pdb,screening_000782|HA122D
screening_000783,A,122,119,H,E,HA122E,16.6782,-449.4832,-432.8049,3HS4.pdb,screening_000783|HA122E
screening_000784,A,122,119,H,F,HA122F,108.5621,-449.4832,-340.921,3HS4.pdb,screening_000784|HA122F
screening_000785,A,122,119,H,G,HA122G,7.7464,-449.4832,-441.7368,3HS4.pdb,screening_000785|HA122G
screening_000786,A,122,119,H,I,HA122I,147.1512,-449.4832,-302.332,3HS4.pdb,screening_000786|HA122I
screening_000787,A,122,119,H,K,HA122K,48.9073,-449.4832,-400.5759,3HS4.pdb,screening_000787|HA122K
screening_000788,A,122,119,H,L,HA122L,34.4312,-449.4832,-415.052,3HS4.pdb,screening_000788|HA122L
screening_000789,A,122,119,H,M,HA122M,52.8296,-449.4832,-396.6536,3HS4.pdb,screening_000789|HA122M
screening_000790,A,122,119,H,N,HA122N,8.5738,-449.4832,-440.9093,3HS4.pdb,screening_000790|HA122N
screening_000791,A,122,119,H,P,HA122P,328.7164,-449.4832,-120.7667,3HS4.pdb,screening_000791|HA122P
screening_000792,A,122,119,H,Q,HA122Q,16.6932,-449.4832,-432.79,3HS4.pdb,screening_000792|HA122Q
screening_000793,A,122,119,H,R,HA122R,242.5966,-449.4832,-206.8865,3HS4.pdb,screening_000793|HA122R
screening_000794,A,122,119,H,S,HA122S,6.6102,-449.4832,-442.873,3HS4.pdb,screening_000794|HA122S
screening_000795,A,122,119,H,T,HA122T,7.4747,-449.4832,-442.0085,3HS4.pdb,screening_000795|HA122T
screening_000796,A,122,119,H,V,HA122V,87.9729,-449.4832,-361.5103,3HS4.pdb,screening_000796|HA122V
screening_000797,A,122,119,H,W,HA122W,397.0073,-449.4832,-52.4759,3HS4.pdb,screening_000797|HA122W
screening_000798,A,122,119,H,Y,HA122Y,300.7385,-449.4832,-148.7447,3HS4.pdb,screening_000798|HA122Y
screening_000799,A,131,127,F,A,FA131A,5.2984,-449.4832,-444.1848,3HS4.pdb,screening_000799|FA131A
screening_000800,A,131,127,F,C,FA131C,7.882,-449.4832,-441.6012,3HS4.pdb,screening_000800|FA131C
screening_000801,A,131,127,F,D,FA131D,6.6645,-449.4832,-442.8187,3HS4.pdb,screening_000801|FA131D
screening_000802,A,131,127,F,E,FA131E,8.5639,-449.4832,-440.9193,3HS4.pdb,screening_000802|FA131E
screening_000803,A,131,127,F,G,FA131G,8.7184,-449.4832,-440.7648,3HS4.pdb,screening_000803|FA131G
screening_000804,A,131,127,F,H,FA131H,4.2292,-449.4832,-445.2539,3HS4.pdb,screening_000804|FA131H
screening_000805,A,131,127,F,I,FA131I,376.6261,-449.4832,-72.8571,3HS4.pdb,screening_000805|FA131I
screening_000806,A,131,127,F,K,FA131K,7.677,-449.4832,-441.8062,3HS4.pdb,screening_000806|FA131K
screening_000807,A,131,127,F,L,FA131L,8.2584,-449.4832,-441.2248,3HS4.pdb,screening_000807|FA131L
screening_000808,A,131,127,F,M,FA131M,6.8685,-449.4832,-442.6146,3HS4.pdb,screening_000808|FA131M
screening_000809,A,131,127,F,N,FA131N,5.6442,-449.4832,-443.8389,3HS4.pdb,screening_000809|FA131N
screening_000810,A,131,127,F,P,FA131P,11.7812,-449.4832,-437.702,3HS4.pdb,screening_000810|FA131P
screening_000811,A,131,127,F,Q,FA131Q,9.3855,-449.4832,-440.0977,3HS4.pdb,screening_000811|FA131Q
screening_000812,A,131,127,F,R,FA131R,7.7843,-449.4832,-441.6989,3HS4.pdb,screening_000812|FA131R
screening_000813,A,131,127,F,S,FA131S,6.4516,-449.4832,-443.0316,3HS4.pdb,screening_000813|FA131S
screening_000814,A,131,127,F,T,FA131T,6.8722,-449.4832,-442.6109,3HS4.pdb,screening_000814|FA131T
screening_000815,A,131,127,F,V,FA131V,61.3721,-449.4832,-388.1111,3HS4.pdb,screening_000815|FA131V
screening_000816,A,131,127,F,W,FA131W,2.7794,-449.4832,-446.7037,3HS4.pdb,screening_000816|FA131W
screening_000817,A,131,127,F,Y,FA131Y,1.0782,-449.4832,-448.4049,3HS4.pdb,screening_000817|FA131Y
screening_000818,A,135,131,V,A,VA135A,3.3202,-449.4832,-446.163,3HS4.pdb,screening_000818|VA135A
screening_000819,A,135,131,V,C,VA135C,2.8393,-449.4832,-446.6438,3HS4.pdb,screening_000819|VA135C
screening_000820,A,135,131,V,D,VA135D,8.1916,-449.4832,-441.2916,3HS4.pdb,screening_000820|VA135D
screening_000821,A,135,131,V,E,VA135E,3.7897,-449.4832,-445.6935,3HS4.pdb,screening_000821|VA135E
screening_000822,A,135,131,V,F,VA135F,110.6909,-449.4832,-338.7922,3HS4.pdb,screening_000822|VA135F
screening_000823,A,135,131,V,G,VA135G,6.8406,-449.4832,-442.6425,3HS4.pdb,screening_000823|VA135G
screening_000824,A,135,131,V,H,VA135H,36.1707,-449.4832,-413.3125,3HS4.pdb,screening_000824|VA135H
screening_000825,A,135,131,V,I,VA135I,1.7451,-449.4832,-447.738,3HS4.pdb,screening_000825|VA135I
screening_000826,A,135,131,V,K,VA135K,3.75,-449.4832,-445.7332,3HS4.pdb,screening_000826|VA135K
screening_000827,A,135,131,V,L,VA135L,20.8477,-449.4832,-428.6355,3HS4.pdb,screening_000827|VA135L
screening_000828,A,135,131,V,M,VA135M,4.5118,-449.4832,-444.9714,3HS4.pdb,screening_000828|VA135M
screening_000829,A,135,131,V,N,VA135N,7.9963,-449.4832,-441.4868,3HS4.pdb,screening_000829|VA135N
screening_000830,A,135,131,V,P,VA135P,189.7912,-449.4832,-259.6919,3HS4.pdb,screening_000830|VA135P
screening_000831,A,135,131,V,Q,VA135Q,3.2012,-449.4832,-446.2819,3HS4.pdb,screening_000831|VA135Q
screening_000832,A,135,131,V,R,VA135R,4.0599,-449.4832,-445.4233,3HS4.pdb,screening_000832|VA135R
screening_000833,A,135,131,V,S,VA135S,3.844,-449.4832,-445.6391,3HS4.pdb,screening_000833|VA135S
screening_000834,A,135,131,V,T,VA135T,1.757,-449.4832,-447.7262,3HS4.pdb,screening_000834|VA135T
screening_000835,A,135,131,V,W,VA135W,175.3054,-449.4832,-274.1778,3HS4.pdb,screening_000835|VA135W
screening_000836,A,135,131,V,Y,VA135Y,76.6874,-449.4832,-372.7958,3HS4.pdb,screening_000836|VA135Y
screening_000837,A,141,137,L,A,LA141A,5.5103,-449.4832,-443.9729,3HS4.pdb,screening_000837|LA141A
screening_000838,A,141,137,L,C,LA141C,4.4527,-449.4832,-445.0304,3HS4.pdb,screening_000838|LA141C
screening_000839,A,141,137,L,D,LA141D,9.1202,-449.4832,-440.363,3HS4.pdb,screening_000839|LA141D
screening_000840,A,141,137,L,E,LA141E,8.2641,-449.4832,-441.2191,3HS4.pdb,screening_000840|LA141E
screening_000841,A,141,137,L,F,LA141F,483.9035,-449.4832,34.4203,3HS4.pdb,screening_000841|LA141F
screening_000842,A,141,137,L,G,LA141G,10.3711,-449.4832,-439.1121,3HS4.pdb,screening_000842|LA141G
screening_000843,A,141,137,L,H,LA141H,92.566,-449.4832,-356.9171,3HS4.pdb,screening_000843|LA141H
screening_000844,A,141,137,L,I,LA141I,28.3992,-449.4832,-421.0839,3HS4.pdb,screening_000844|LA141I
screening_000845,A,141,137,L,K,LA141K,42.1386,-449.4832,-407.3446,3HS4.pdb,screening_000845|LA141K
screening_000846,A,141,137,L,M,LA141M,23.4911,-449.4832,-425.9921,3HS4.pdb,screening_000846|LA141M
screening_000847,A,141,137,L,N,LA141N,6.1203,-449.4832,-443.3629,3HS4.pdb,screening_000847|LA141N
screening_000848,A,141,137,L,P,LA141P,309.4211,-449.4832,-140.062,3HS4.pdb,screening_000848|LA141P
screening_000849,A,141,137,L,Q,LA141Q,9.9663,-449.4832,-439.5168,3HS4.pdb,screening_000849|LA141Q
screening_000850,A,141,137,L,R,LA141R,123.6455,-449.4832,-325.8376,3HS4.pdb,screening_000850|LA141R
screening_000851,A,141,137,L,S,LA141S,6.2442,-449.4832,-443.2389,3HS4.pdb,screening_000851|LA141S
screening_000852,A,141,137,L,T,LA141T,9.2114,-449.4832,-440.2718,3HS4.pdb,screening_000852|LA141T
screening_000853,A,141,137,L,V,LA141V,122.138,-449.4832,-327.3451,3HS4.pdb,screening_000853|LA141V
screening_000854,A,141,137,L,W,LA141W,589.848,-449.4832,140.3648,3HS4.pdb,screening_000854|LA141W
screening_000855,A,141,137,L,Y,LA141Y,634.4264,-449.4832,184.9432,3HS4.pdb,screening_000855|LA141Y
screening_000856,A,142,138,A,C,AA142C,25.1956,-449.4832,-424.2876,3HS4.pdb,screening_000856|AA142C
screening_000857,A,142,138,A,D,AA142D,39.229,-449.4832,-410.2542,3HS4.pdb,screening_000857|AA142D
screening_000858,A,142,138,A,E,AA142E,146.3833,-449.4832,-303.0998,3HS4.pdb,screening_000858|AA142E
screening_000859,A,142,138,A,F,AA142F,1231.8201,-449.4832,782.3369,3HS4.pdb,screening_000859|AA142F
screening_000860,A,142,138,A,G,AA142G,7.8237,-449.4832,-441.6595,3HS4.pdb,screening_000860|AA142G
screening_000861,A,142,138,A,H,AA142H,819.1068,-449.4832,369.6236,3HS4.pdb,screening_000861|AA142H
screening_000862,A,142,138,A,I,AA142I,181.8364,-449.4832,-267.6468,3HS4.pdb,screening_000862|AA142I
screening_000863,A,142,138,A,K,AA142K,585.0899,-449.4832,135.6068,3HS4.pdb,screening_000863|AA142K
screening_000864,A,142,138,A,L,AA142L,230.9088,-449.4832,-218.5743,3HS4.pdb,screening_000864|AA142L
screening_000865,A,142,138,A,M,AA142M,563.3027,-449.4832,113.8195,3HS4.pdb,screening_000865|AA142M
screening_000866,A,142,138,A,N,AA142N,60.9912,-449.4832,-388.492,3HS4.pdb,screening_000866|AA142N
screening_000867,A,142,138,A,P,AA142P,451.6219,-449.4832,2.1387,3HS4.pdb,screening_000867|AA142P
screening_000868,A,142,138,A,Q,AA142Q,212.1953,-449.4832,-237.2879,3HS4.pdb,screening_000868|AA142Q
screening_000869,A,142,138,A,R,AA142R,586.6923,-449.4832,137.2091,3HS4.pdb,screening_000869|AA142R
screening_000870,A,142,138,A,S,AA142S,1.1823,-449.4832,-448.3008,3HS4.pdb,screening_000870|AA142S
screening_000871,A,142,138,A,T,AA142T,20.4977,-449.4832,-428.9855,3HS4.pdb,screening_000871|AA142T
screening_000872,A,142,138,A,V,AA142V,42.2247,-449.4832,-407.2585,3HS4.pdb,screening_000872|AA142V
screening_000873,A,142,138,A,W,AA142W,1440.7292,-449.4832,991.2461,3HS4.pdb,screening_000873|AA142W
screening_000874,A,142,138,A,Y,AA142Y,1514.7554,-449.4832,1065.2723,3HS4.pdb,screening_000874|AA142Y
screening_000875,A,143,139,V,A,VA143A,7.8198,-449.4832,-441.6633,3HS4.pdb,screening_000875|VA143A
screening_000876,A,143,139,V,C,VA143C,6.2823,-449.4832,-443.2009,3HS4.pdb,screening_000876|VA143C
screening_000877,A,143,139,V,D,VA143D,8.2827,-449.4832,-441.2005,3HS4.pdb,screening_000877|VA143D
screening_000878,A,143,139,V,E,VA143E,8.2267,-449.4832,-441.2564,3HS4.pdb,screening_000878|VA143E
screening_000879,A,143,139,V,F,VA143F,174.396,-449.4832,-275.0872,3HS4.pdb,screening_000879|VA143F
screening_000880,A,143,139,V,G,VA143G,15.1497,-449.4832,-434.3334,3HS4.pdb,screening_000880|VA143G
screening_000881,A,143,139,V,H,VA143H,22.7683,-449.4832,-426.7149,3HS4.pdb,screening_000881|VA143H
screening_000882,A,143,139,V,I,VA143I,2.7126,-449.4832,-446.7705,3HS4.pdb,screening_000882|VA143I
screening_000883,A,143,139,V,K,VA143K,13.5452,-449.4832,-435.938,3HS4.pdb,screening_000883|VA143K
screening_000884,A,143,139,V,L,VA143L,35.9705,-449.4832,-413.5126,3HS4.pdb,screening_000884|VA143L
screening_000885,A,143,139,V,M,VA143M,8.0051,-449.4832,-441.4781,3HS4.pdb,screening_000885|VA143M
screening_000886,A,143,139,V,N,VA143N,6.536,-449.4832,-442.9471,3HS4.pdb,screening_000886|VA143N
screening_000887,A,143,139,V,P,VA143P,244.6966,-449.4832,-204.7866,3HS4.pdb,screening_000887|VA143P
screening_000888,A,143,139,V,Q,VA143Q,8.6297,-449.4832,-440.8534,3HS4.pdb,screening_000888|VA143Q
screening_000889,A,143,139,V,R,VA143R,65.2291,-449.4832,-384.2541,3HS4.pdb,screening_000889|VA143R
screening_000890,A,143,139,V,S,VA143S,8.8214,-449.4832,-440.6618,3HS4.pdb,screening_000890|VA143S
screening_000891,A,143,139,V,T,VA143T,6.0433,-449.4832,-443.4399,3HS4.pdb,screening_000891|VA143T
screening_000892,A,143,139,V,W,VA143W,43.9368,-449.4832,-405.5464,3HS4.pdb,screening_000892|VA143W
screening_000893,A,143,139,V,Y,VA143Y,274.5828,-449.4832,-174.9004,3HS4.pdb,screening_000893|VA143Y
screening_000894,A,144,140,L,A,LA144A,8.1254,-449.4832,-441.3578,3HS4.pdb,screening_000894|LA144A
screening_000895,A,144,140,L,C,LA144C,7.1158,-449.4832,-442.3674,3HS4.pdb,screening_000895|LA144C
screening_000896,A,144,140,L,D,LA144D,8.9914,-449.4832,-440.4917,3HS4.pdb,screening_000896|LA144D
screening_000897,A,144,140,L,E,LA144E,4.3901,-449.4832,-445.0931,3HS4.pdb,screening_000897|LA144E
screening_000898,A,144,140,L,F,LA144F,419.8976,-449.4832,-29.5856,3HS4.pdb,screening_000898|LA144F
screening_000899,A,144,140,L,G,LA144G,12.2113,-449.4832,-437.2719,3HS4.pdb,screening_000899|LA144G
screening_000900,A,144,140,L,H,LA144H,59.5171,-449.4832,-389.966,3HS4.pdb,screening_000900|LA144H
screening_000901,A,144,140,L,I,LA144I,49.5673,-449.4832,-399.9159,3HS4.pdb,screening_000901|LA144I
screening_000902,A,144,140,L,K,LA144K,14.4807,-449.4832,-435.0025,3HS4.pdb,screening_000902|LA144K
screening_000903,A,144,140,L,M,LA144M,15.2615,-449.4832,-434.2217,3HS4.pdb,screening_000903|LA144M
screening_000904,A,144,140,L,N,LA144N,6.7035,-449.4832,-442.7797,3HS4.pdb,screening_000904|LA144N
screening_000905,A,144,140,L,P,LA144P,230.7241,-449.4832,-218.7591,3HS4.pdb,screening_000905|LA144P
screening_000906,A,144,140,L,Q,LA144Q,3.7475,-449.4832,-445.7356,3HS4.pdb,screening_000906|LA144Q
screening_000907,A,144,140,L,R,LA144R,37.5226,-449.4832,-411.9605,3HS4.pdb,screening_000907|LA144R
screening_000908,A,144,140,L,S,LA144S,7.7833,-449.4832,-441.6999,3HS4.pdb,screening_000908|LA144S
screening_000909,A,144,140,L,T,LA144T,5.8268,-449.4832,-443.6564,3HS4.pdb,screening_000909|LA144T
screening_000910,A,144,140,L,V,LA144V,4.0428,-449.4832,-445.4404,3HS4.pdb,screening_000910|LA144V
screening_000911,A,144,140,L,W,LA144W,220.3257,-449.4832,-229.1575,3HS4.pdb,screening_000911|LA144W
screening_000912,A,144,140,L,Y,LA144Y,788.2383,-449.4832,338.7552,3HS4.pdb,screening_000912|LA144Y
screening_000913,A,147,143,F,A,FA147A,7.1829,-449.4832,-442.3003,3HS4.pdb,screening_000913|FA147A
screening_000914,A,147,143,F,C,FA147C,8.1536,-449.4832,-441.3296,3HS4.pdb,screening_000914|FA147C
screening_000915,A,147,143,F,D,FA147D,10.7072,-449.4832,-438.7759,3HS4.pdb,screening_000915|FA147D
screening_000916,A,147,143,F,E,FA147E,12.9537,-449.4832,-436.5294,3HS4.pdb,screening_000916|FA147E
screening_000917,A,147,143,F,G,FA147G,10.8115,-449.4832,-438.6717,3HS4.pdb,screening_000917|FA147G
screening_000918,A,147,143,F,H,FA147H,4.5278,-449.4832,-444.9554,3HS4.pdb,screening_000918|FA147H
screening_000919,A,147,143,F,I,FA147I,111.7041,-449.4832,-337.7791,3HS4.pdb,screening_000919|FA147I
screening_000920,A,147,143,F,K,FA147K,13.3376,-449.4832,-436.1456,3HS4.pdb,screening_000920|FA147K
screening_000921,A,147,143,F,L,FA147L,90.3642,-449.4832,-359.1189,3HS4.pdb,screening_000921|FA147L
screening_000922,A,147,143,F,M,FA147M,9.2689,-449.4832,-440.2143,3HS4.pdb,screening_000922|FA147M
screening_000923,A,147,143,F,N,FA147N,7.2581,-449.4832,-442.2251,3HS4.pdb,screening_000923|FA147N
screening_000924,A,147,143,F,P,FA147P,16.9813,-449.4832,-432.5018,3HS4.pdb,screening_000924|FA147P
screening_000925,A,147,143,F,Q,FA147Q,9.3208,-449.4832,-440.1624,3HS4.pdb,screening_000925|FA147Q
screening_000926,A,147,143,F,R,FA147R,102.3406,-449.4832,-347.1426,3HS4.pdb,screening_000926|FA147R
screening_000927,A,147,143,F,S,FA147S,8.0705,-449.4832,-441.4127,3HS4.pdb,screening_000927|FA147S
screening_000928,A,147,143,F,T,FA147T,9.5174,-449.4832,-439.9658,3HS4.pdb,screening_000928|FA147T
screening_000929,A,147,143,F,V,FA147V,70.8679,-449.4832,-378.6152,3HS4.pdb,screening_000929|FA147V
screening_000930,A,147,143,F,W,FA147W,134.6238,-449.4832,-314.8594,3HS4.pdb,screening_000930|FA147W
screening_000931,A,147,143,F,Y,FA147Y,21.0049,-449.4832,-428.4783,3HS4.pdb,screening_000931|FA147Y
screening_000932,A,149,145,K,A,KA149A,-0.5783,-449.4832,-450.0614,3HS4.pdb,screening_000932|KA149A
screening_000933,A,149,145,K,C,KA149C,1.1525,-449.4832,-448.3306,3HS4.pdb,screening_000933|KA149C
screening_000934,A,149,145,K,D,KA149D,0.4433,-449.4832,-449.0398,3HS4.pdb,screening_000934|KA149D
screening_000935,A,149,145,K,E,KA149E,-0.5117,-449.4832,-449.9949,3HS4.pdb,screening_000935|KA149E
screening_000936,A,149,145,K,F,KA149F,319.2551,-449.4832,-130.2281,3HS4.pdb,screening_000936|KA149F
screening_000937,A,149,145,K,G,KA149G,1.7893,-449.4832,-447.6939,3HS4.pdb,screening_000937|KA149G
screening_000938,A,149,145,K,H,KA149H,0.9829,-449.4832,-448.5003,3HS4.pdb,screening_000938|KA149H
screening_000939,A,149,145,K,I,KA149I,0.3498,-449.4832,-449.1333,3HS4.pdb,screening_000939|KA149I
screening_000940,A,149,145,K,L,KA149L,218.3232,-449.4832,-231.16,3HS4.pdb,screening_000940|KA149L
screening_000941,A,149,145,K,M,KA149M,0.7415,-449.4832,-448.7417,3HS4.pdb,screening_000941|KA149M
screening_000942,A,149,145,K,N,KA149N,1.1676,-449.4832,-448.3156,3HS4.pdb,screening_000942|KA149N
screening_000943,A,149,145,K,P,KA149P,214.6606,-449.4832,-234.8226,3HS4.pdb,screening_000943|KA149P
screening_000944,A,149,145,K,Q,KA149Q,-0.9356,-449.4832,-450.4188,3HS4.pdb,screening_000944|KA149Q
screening_000945,A,149,145,K,R,KA149R,-0.0569,-449.4832,-449.5401,3HS4.pdb,screening_000945|KA149R
screening_000946,A,149,145,K,S,KA149S,-0.5935,-449.4832,-450.0767,3HS4.pdb,screening_000946|KA149S
screening_000947,A,149,145,K,T,KA149T,4.644,-449.4832,-444.8391,3HS4.pdb,screening_000947|KA149T
screening_000948,A,149,145,K,V,KA149V,27.112,-449.4832,-422.3712,3HS4.pdb,screening_000948|KA149V
screening_000949,A,149,145,K,W,KA149W,36.9552,-449.4832,-412.528,3HS4.pdb,screening_000949|KA149W
screening_000950,A,149,145,K,Y,KA149Y,275.3158,-449.4832,-174.1674,3HS4.pdb,screening_000950|KA149Y
screening_000951,A,186,182,P,A,PA186A,6.049,-449.4832,-443.4342,3HS4.pdb,screening_000951|PA186A
screening_000952,A,186,182,P,C,PA186C,14.5644,-449.4832,-434.9188,3HS4.pdb,screening_000952|PA186C
screening_000953,A,186,182,P,D,PA186D,26.6296,-449.4832,-422.8536,3HS4.pdb,screening_000953|PA186D
screening_000954,A,186,182,P,E,PA186E,109.211,-449.4832,-340.2722,3HS4.pdb,screening_000954|PA186E
screening_000955,A,186,182,P,F,PA186F,820.761,-449.4832,371.2779,3HS4.pdb,screening_000955|PA186F
screening_000956,A,186,182,P,G,PA186G,7.5226,-449.4832,-441.9606,3HS4.pdb,screening_000956|PA186G
screening_000957,A,186,182,P,H,PA186H,383.2551,-449.4832,-66.228,3HS4.pdb,screening_000957|PA186H
screening_000958,A,186,182,P,I,PA186I,245.5094,-449.4832,-203.9738,3HS4.pdb,screening_000958|PA186I
screening_000959,A,186,182,P,K,PA186K,486.8925,-449.4832,37.4093,3HS4.pdb,screening_000959|PA186K
screening_000960,A,186,182,P,L,PA186L,429.9751,-449.4832,-19.5081,3HS4.pdb,screening_000960|PA186L
screening_000961,A,186,182,P,M,PA186M,158.6429,-449.4832,-290.8402,3HS4.pdb,screening_000961|PA186M
screening_000962,A,186,182,P,N,PA186N,33.0201,-449.4832,-416.463,3HS4.pdb,screening_000962|PA186N
screening_000963,A,186,182,P,Q,PA186Q,165.1018,-449.4832,-284.3814,3HS4.pdb,screening_000963|PA186Q
screening_000964,A,186,182,P,R,PA186R,323.5776,-449.4832,-125.9056,3HS4.pdb,screening_000964|PA186R
screening_000965,A,186,182,P,S,PA186S,6.9298,-449.4832,-442.5534,3HS4.pdb,screening_000965|PA186S
screening_000966,A,186,182,P,T,PA186T,41.0244,-449.4832,-408.4587,3HS4.pdb,screening_000966|PA186T
screening_000967,A,186,182,P,V,PA186V,47.7377,-449.4832,-401.7455,3HS4.pdb,screening_000967|PA186V
screening_000968,A,186,182,P,W,PA186W,1669.4261,-449.4832,1219.943,3HS4.pdb,screening_000968|PA186W
screening_000969,A,186,182,P,Y,PA186Y,836.2731,-449.4832,386.7899,3HS4.pdb,screening_000969|PA186Y
screening_000970,A,187,183,E,A,EA187A,-1.9872,-449.4832,-451.4703,3HS4.pdb,screening_000970|EA187A
screening_000971,A,187,183,E,C,EA187C,0.7866,-449.4832,-448.6965,3HS4.pdb,screening_000971|EA187C
screening_000972,A,187,183,E,D,EA187D,-2.9174,-449.4832,-452.4005,3HS4.pdb,screening_000972|EA187D
screening_000973,A,187,183,E,F,EA187F,-0.4425,-449.4832,-449.9257,3HS4.pdb,screening_000973|EA187F
screening_000974,A,187,183,E,G,EA187G,-0.9325,-449.4832,-450.4157,3HS4.pdb,screening_000974|EA187G
screening_000975,A,187,183,E,H,EA187H,-1.401,-449.4832,-450.8842,3HS4.pdb,screening_000975|EA187H
screening_000976,A,187,183,E,I,EA187I,-1.3308,-449.4832,-450.814,3HS4.pdb,screening_000976|EA187I
screening_000977,A,187,183,E,K,EA187K,-2.6952,-449.4832,-452.1784,3HS4.pdb,screening_000977|EA187K
screening_000978,A,187,183,E,L,EA187L,-1.3654,-449.4832,-450.8485,3HS4.pdb,screening_000978|EA187L
screening_000979,A,187,183,E,M,EA187M,0.0999,-449.4832,-449.3832,3HS4.pdb,screening_000979|EA187M
screening_000980,A,187,183,E,N,EA187N,-2.3242,-449.4832,-451.8074,3HS4.pdb,screening_000980|EA187N
screening_000981,A,187,183,E,P,EA187P,6.7922,-449.4832,-442.6909,3HS4.pdb,screening_000981|EA187P
screening_000982,A,187,183,E,Q,EA187Q,-1.4109,-449.4832,-450.8941,3HS4.pdb,screening_000982|EA187Q
screening_000983,A,187,183,E,R,EA187R,-1.61,-449.4832,-451.0932,3HS4.pdb,screening_000983|EA187R
screening_000984,A,187,183,E,S,EA187S,-2.5783,-449.4832,-452.0615,3HS4.pdb,screening_000984|EA187S
screening_000985,A,187,183,E,T,EA187T,-2.3532,-449.4832,-451.8364,3HS4.pdb,screening_000985|EA187T
screening_000986,A,187,183,E,V,EA187V,-1.3554,-449.4832,-450.8386,3HS4.pdb,screening_000986|EA187V
screening_000987,A,187,183,E,W,EA187W,0.0441,-449.4832,-449.439,3HS4.pdb,screening_000987|EA187W
screening_000988,A,187,183,E,Y,EA187Y,-0.9407,-449.4832,-450.4239,3HS4.pdb,screening_000988|EA187Y
screening_000989,A,188,184,S,A,SA188A,0.4119,-449.4832,-449.0713,3HS4.pdb,screening_000989|SA188A
screening_000990,A,188,184,S,C,SA188C,1.7715,-449.4832,-447.7117,3HS4.pdb,screening_000990|SA188C
screening_000991,A,188,184,S,D,SA188D,3.6091,-449.4832,-445.874,3HS4.pdb,screening_000991|SA188D
screening_000992,A,188,184,S,E,SA188E,0.4746,-449.4832,-449.0085,3HS4.pdb,screening_000992|SA188E
screening_000993,A,188,184,S,F,SA188F,2.8016,-449.4832,-446.6816,3HS4.pdb,screening_000993|SA188F
screening_000994,A,188,184,S,G,SA188G,2.791,-449.4832,-446.6922,3HS4.pdb,screening_000994|SA188G
screening_000995,A,188,184,S,H,SA188H,0.4512,-449.4832,-449.032,3HS4.pdb,screening_000995|SA188H
screening_000996,A,188,184,S,I,SA188I,17.6422,-449.4832,-431.841,3HS4.pdb,screening_000996|SA188I
screening_000997,A,188,184,S,K,SA188K,0.5295,-449.4832,-448.9536,3HS4.pdb,screening_000997|SA188K
screening_000998,A,188,184,S,L,SA188L,0.5443,-449.4832,-448.9389,3HS4.pdb,screening_000998|SA188L
screening_000999,A,188,184,S,M,SA188M,1.3591,-449.4832,-448.1241,3HS4.pdb,screening_000999|SA188M
screening_001000,A,188,184,S,N,SA188N,0.8128,-449.4832,-448.6703,3HS4.pdb,screening_001000|SA188N
screening_001001,A,188,184,S,P,SA188P,248.4816,-449.4832,-201.0015,3HS4.pdb,screening_001001|SA188P
screening_001002,A,188,184,S,Q,SA188Q,0.9252,-449.4832,-448.5579,3HS4.pdb,screening_001002|SA188Q
screening_001003,A,188,184,S,R,SA188R,1.6203,-449.4832,-447.8628,3HS4.pdb,screening_001003|SA188R
screening_001004,A,188,184,S,T,SA188T,0.0869,-449.4832,-449.3962,3HS4.pdb,screening_001004|SA188T
screening_001005,A,188,184,S,V,SA188V,16.9526,-449.4832,-432.5306,3HS4.pdb,screening_001005|SA188V
screening_001006,A,188,184,S,W,SA188W,3.6525,-449.4832,-445.8307,3HS4.pdb,screening_001006|SA188W
screening_001007,A,188,184,S,Y,SA188Y,3.0561,-449.4832,-446.4271,3HS4.pdb,screening_001007|SA188Y
screening_001008,A,190,186,D,A,DA190A,2.5571,-449.4832,-446.9261,3HS4.pdb,screening_001008|DA190A
screening_001009,A,190,186,D,C,DA190C,5.8717,-449.4832,-443.6114,3HS4.pdb,screening_001009|DA190C
screening_001010,A,190,186,D,E,DA190E,5.4746,-449.4832,-444.0086,3HS4.pdb,screening_001010|DA190E
screening_001011,A,190,186,D,F,DA190F,11.0323,-449.4832,-438.4508,3HS4.pdb,screening_001011|DA190F
screening_001012,A,190,186,D,G,DA190G,5.7925,-449.4832,-443.6907,3HS4.pdb,screening_001012|DA190G
screening_001013,A,190,186,D,H,DA190H,4.4318,-449.4832,-445.0514,3HS4.pdb,screening_001013|DA190H
screening_001014,A,190,186,D,I,DA190I,106.3202,-449.4832,-343.1629,3HS4.pdb,screening_001014|DA190I
screening_001015,A,190,186,D,K,DA190K,19.9155,-449.4832,-429.5676,3HS4.pdb,screening_001015|DA190K
screening_001016,A,190,186,D,L,DA190L,32.2208,-449.4832,-417.2623,3HS4.pdb,screening_001016|DA190L
screening_001017,A,190,186,D,M,DA190M,11.7699,-449.4832,-437.7133,3HS4.pdb,screening_001017|DA190M
screening_001018,A,190,186,D,N,DA190N,6.952,-449.4832,-442.5312,3HS4.pdb,screening_001018|DA190N
screening_001019,A,190,186,D,P,DA190P,313.6031,-449.4832,-135.8801,3HS4.pdb,screening_001019|DA190P
screening_001020,A,190,186,D,Q,DA190Q,8.6528,-449.4832,-440.8304,3HS4.pdb,screening_001020|DA190Q
screening_001021,A,190,186,D,R,DA190R,19.7514,-449.4832,-429.7317,3HS4.pdb,screening_001021|DA190R
screening_001022,A,190,186,D,S,DA190S,4.468,-449.4832,-445.0151,3HS4.pdb,screening_001022|DA190S
screening_001023,A,190,186,D,T,DA190T,7.7252,-449.4832,-441.758,3HS4.pdb,screening_001023|DA190T
screening_001024,A,190,186,D,V,DA190V,91.5443,-449.4832,-357.9389,3HS4.pdb,screening_001024|DA190V
screening_001025,A,190,186,D,W,DA190W,12.111,-449.4832,-437.3721,3HS4.pdb,screening_001025|DA190W
screening_001026,A,190,186,D,Y,DA190Y,15.0443,-449.4832,-434.4389,3HS4.pdb,screening_001026|DA190Y
screening_001027,A,192,188,W,A,WA192A,8.9858,-449.4832,-440.4974,3HS4.pdb,screening_001027|WA192A
screening_001028,A,192,188,W,C,WA192C,8.5636,-449.4832,-440.9195,3HS4.pdb,screening_001028|WA192C
screening_001029,A,192,188,W,D,WA192D,9.1186,-449.4832,-440.3646,3HS4.pdb,screening_001029|WA192D
screening_001030,A,192,188,W,E,WA192E,12.2933,-449.4832,-437.1899,3HS4.pdb,screening_001030|WA192E
screening_001031,A,192,188,W,F,WA192F,8.2624,-449.4832,-441.2208,3HS4.pdb,screening_001031|WA192F
screening_001032,A,192,188,W,G,WA192G,12.7474,-449.4832,-436.7358,3HS4.pdb,screening_001032|WA192G
screening_001033,A,192,188,W,H,WA192H,6.0383,-449.4832,-443.4449,3HS4.pdb,screening_001033|WA192H
screening_001034,A,192,188,W,I,WA192I,41.785,-449.4832,-407.6982,3HS4.pdb,screening_001034|WA192I
screening_001035,A,192,188,W,K,WA192K,19.4271,-449.4832,-430.0561,3HS4.pdb,screening_001035|WA192K
screening_001036,A,192,188,W,L,WA192L,19.1258,-449.4832,-430.3574,3HS4.pdb,screening_001036|WA192L
screening_001037,A,192,188,W,M,WA192M,7.2321,-449.4832,-442.2511,3HS4.pdb,screening_001037|WA192M
screening_001038,A,192,188,W,N,WA192N,7.6172,-449.4832,-441.866,3HS4.pdb,screening_001038|WA192N
screening_001039,A,192,188,W,P,WA192P,269.302,-449.4832,-180.1811,3HS4.pdb,screening_001039|WA192P
screening_001040,A,192,188,W,Q,WA192Q,15.2395,-449.4832,-434.2437,3HS4.pdb,screening_001040|WA192Q
screening_001041,A,192,188,W,R,WA192R,20.2048,-449.4832,-429.2784,3HS4.pdb,screening_001041|WA192R
screening_001042,A,192,188,W,S,WA192S,9.1936,-449.4832,-440.2895,3HS4.pdb,screening_001042|WA192S
screening_001043,A,192,188,W,T,WA192T,7.7055,-449.4832,-441.7777,3HS4.pdb,screening_001043|WA192T
screening_001044,A,192,188,W,V,WA192V,22.3142,-449.4832,-427.169,3HS4.pdb,screening_001044|WA192V
screening_001045,A,192,188,W,Y,WA192Y,12.0721,-449.4832,-437.4111,3HS4.pdb,screening_001045|WA192Y
screening_001046,A,196,192,G,A,GA196A,224.5389,-449.4832,-224.9442,3HS4.pdb,screening_001046|GA196A
screening_001047,A,196,192,G,C,GA196C,878.003,-449.4832,428.5198,3HS4.pdb,screening_001047|GA196C
screening_001048,A,196,192,G,D,GA196D,563.8574,-449.4832,114.3743,3HS4.pdb,screening_001048|GA196D
screening_001049,A,196,192,G,E,GA196E,1127.3065,-449.4832,677.8233,3HS4.pdb,screening_001049|GA196E
screening_001050,A,196,192,G,F,GA196F,2137.2741,-449.4832,1687.791,3HS4.pdb,screening_001050|GA196F
screening_001051,A,196,192,G,H,GA196H,2030.3324,-449.4832,1580.8492,3HS4.pdb,screening_001051|GA196H
screening_001052,A,196,192,G,I,GA196I,1570.1374,-449.4832,1120.6543,3HS4.pdb,screening_001052|GA196I
screening_001053,A,196,192,G,K,GA196K,1432.8597,-449.4832,983.3765,3HS4.pdb,screening_001053|GA196K
screening_001054,A,196,192,G,L,GA196L,1582.3162,-449.4832,1132.833,3HS4.pdb,screening_001054|GA196L
screening_001055,A,196,192,G,M,GA196M,1490.4814,-449.4832,1040.9982,3HS4.pdb,screening_001055|GA196M
screening_001056,A,196,192,G,N,GA196N,635.9838,-449.4832,186.5006,3HS4.pdb,screening_001056|GA196N
screening_001057,A,196,192,G,P,GA196P,591.5821,-449.4832,142.0989,3HS4.pdb,screening_001057|GA196P
screening_001058,A,196,192,G,Q,GA196Q,1274.9264,-449.4832,825.4432,3HS4.pdb,screening_001058|GA196Q
screening_001059,A,196,192,G,R,GA196R,1502.5382,-449.4832,1053.055,3HS4.pdb,screening_001059|GA196R
screening_001060,A,196,192,G,S,GA196S,362.8202,-449.4832,-86.663,3HS4.pdb,screening_001060|GA196S
screening_001061,A,196,192,G,T,GA196T,817.9885,-449.4832,368.5054,3HS4.pdb,screening_001061|GA196T
screening_001062,A,196,192,G,V,GA196V,1113.5481,-449.4832,664.0649,3HS4.pdb,screening_001062|GA196V
screening_001063,A,196,192,G,W,GA196W,3058.7654,-449.4832,2609.2822,3HS4.pdb,screening_001063|GA196W
screening_001064,A,196,192,G,Y,GA196Y,2176.1901,-449.4832,1726.707,3HS4.pdb,screening_001064|GA196Y
screening_001065,A,197,193,S,A,SA197A,-2.6389,-449.4832,-452.122,3HS4.pdb,screening_001065|SA197A
screening_001066,A,197,193,S,C,SA197C,50.6307,-449.4832,-398.8525,3HS4.pdb,screening_001066|SA197C
screening_001067,A,197,193,S,D,SA197D,46.534,-449.4832,-402.9492,3HS4.pdb,screening_001067|SA197D
screening_001068,A,197,193,S,E,SA197E,353.2945,-449.4832,-96.1887,3HS4.pdb,screening_001068|SA197E
screening_001069,A,197,193,S,F,SA197F,1596.9604,-449.4832,1147.4773,3HS4.pdb,screening_001069|SA197F
screening_001070,A,197,193,S,G,SA197G,2.0318,-449.4832,-447.4514,3HS4.pdb,screening_001070|SA197G
screening_001071,A,197,193,S,H,SA197H,886.7287,-449.4832,437.2456,3HS4.pdb,screening_001071|SA197H
screening_001072,A,197,193,S,I,SA197I,371.9329,-449.4832,-77.5503,3HS4.pdb,screening_001072|SA197I
screening_001073,A,197,193,S,K,SA197K,564.0612,-449.4832,114.578,3HS4.pdb,screening_001073|SA197K
screening_001074,A,197,193,S,L,SA197L,624.9116,-449.4832,175.4284,3HS4.pdb,screening_001074|SA197L
screening_001075,A,197,193,S,M,SA197M,483.6276,-449.4832,34.1444,3HS4.pdb,screening_001075|SA197M
screening_001076,A,197,193,S,N,SA197N,76.8444,-449.4832,-372.6387,3HS4.pdb,screening_001076|SA197N
screening_001077,A,197,193,S,P,SA197P,354.9444,-449.4832,-94.5388,3HS4.pdb,screening_001077|SA197P
screening_001078,A,197,193,S,Q,SA197Q,328.1553,-449.4832,-121.3278,3HS4.pdb,screening_001078|SA197Q
screening_001079,A,197,193,S,R,SA197R,1109.1886,-449.4832,659.7054,3HS4.pdb,screening_001079|SA197R
screening_001080,A,197,193,S,T,SA197T,37.212,-449.4832,-412.2712,3HS4.pdb,screening_001080|SA197T
screening_001081,A,197,193,S,V,SA197V,199.3612,-449.4832,-250.122,3HS4.pdb,screening_001081|SA197V
screening_001082,A,197,193,S,W,SA197W,2156.8914,-449.4832,1707.4082,3HS4.pdb,screening_001082|SA197W
screening_001083,A,197,193,S,Y,SA197Y,1691.4705,-449.4832,1241.9874,3HS4.pdb,screening_001083|SA197Y
screening_001084,A,198,194,L,A,LA198A,3.2672,-449.4832,-446.2159,3HS4.pdb,screening_001084|LA198A
screening_001085,A,198,194,L,C,LA198C,4.8234,-449.4832,-444.6598,3HS4.pdb,screening_001085|LA198C
screening_001086,A,198,194,L,D,LA198D,3.737,-449.4832,-445.7462,3HS4.pdb,screening_001086|LA198D
screening_001087,A,198,194,L,E,LA198E,2.1209,-449.4832,-447.3622,3HS4.pdb,screening_001087|LA198E
screening_001088,A,198,194,L,F,LA198F,92.0867,-449.4832,-357.3965,3HS4.pdb,screening_001088|LA198F
screening_001089,A,198,194,L,G,LA198G,6.6181,-449.4832,-442.8651,3HS4.pdb,screening_001089|LA198G
screening_001090,A,198,194,L,H,LA198H,12.3763,-449.4832,-437.1069,3HS4.pdb,screening_001090|LA198H
screening_001091,A,198,194,L,I,LA198I,13.2435,-449.4832,-436.2396,3HS4.pdb,screening_001091|LA198I
screening_001092,A,198,194,L,K,LA198K,5.8078,-449.4832,-443.6754,3HS4.pdb,screening_001092|LA198K
screening_001093,A,198,194,L,M,LA198M,2.4629,-449.4832,-447.0202,3HS4.pdb,screening_001093|LA198M
screening_001094,A,198,194,L,N,LA198N,3.8805,-449.4832,-445.6027,3HS4.pdb,screening_001094|LA198N
screening_001095,A,198,194,L,P,LA198P,197.2189,-449.4832,-252.2643,3HS4.pdb,screening_001095|LA198P
screening_001096,A,198,194,L,Q,LA198Q,2.0036,-449.4832,-447.4796,3HS4.pdb,screening_001096|LA198Q
screening_001097,A,198,194,L,R,LA198R,5.8508,-449.4832,-443.6323,3HS4.pdb,screening_001097|LA198R
screening_001098,A,198,194,L,S,LA198S,3.0741,-449.4832,-446.409,3HS4.pdb,screening_001098|LA198S
screening_001099,A,198,194,L,T,LA198T,8.0786,-449.4832,-441.4046,3HS4.pdb,screening_001099|LA198T
screening_001100,A,198,194,L,V,LA198V,14.0325,-449.4832,-435.4507,3HS4.pdb,screening_001100|LA198V
screening_001101,A,198,194,L,W,LA198W,162.9671,-449.4832,-286.5161,3HS4.pdb,screening_001101|LA198W
screening_001102,A,198,194,L,Y,LA198Y,267.6015,-449.4832,-181.8817,3HS4.pdb,screening_001102|LA198Y
screening_001103,A,199,195,T,A,TA199A,-0.9144,-449.4832,-450.3976,3HS4.pdb,screening_001103|TA199A
screening_001104,A,199,195,T,C,TA199C,-2.5843,-449.4832,-452.0675,3HS4.pdb,screening_001104|TA199C
screening_001105,A,199,195,T,D,TA199D,5.0037,-449.4832,-444.4795,3HS4.pdb,screening_001105|TA199D
screening_001106,A,199,195,T,E,TA199E,22.5791,-449.4832,-426.9041,3HS4.pdb,screening_001106|TA199E
screening_001107,A,199,195,T,F,TA199F,437.1522,-449.4832,-12.331,3HS4.pdb,screening_001107|TA199F
screening_001108,A,199,195,T,G,TA199G,1.5185,-449.4832,-447.9647,3HS4.pdb,screening_001108|TA199G
screening_001109,A,199,195,T,H,TA199H,135.6088,-449.4832,-313.8744,3HS4.pdb,screening_001109|TA199H
screening_001110,A,199,195,T,I,TA199I,51.789,-449.4832,-397.6942,3HS4.pdb,screening_001110|TA199I
screening_001111,A,199,195,T,K,TA199K,126.0714,-449.4832,-323.4117,3HS4.pdb,screening_001111|TA199K
screening_001112,A,199,195,T,L,TA199L,59.3347,-449.4832,-390.1485,3HS4.pdb,screening_001112|TA199L
screening_001113,A,199,195,T,M,TA199M,93.8434,-449.4832,-355.6398,3HS4.pdb,screening_001113|TA199M
screening_001114,A,199,195,T,N,TA199N,2.5861,-449.4832,-446.8971,3HS4.pdb,screening_001114|TA199N
screening_001115,A,199,195,T,P,TA199P,0.5495,-449.4832,-448.9336,3HS4.pdb,screening_001115|TA199P
screening_001116,A,199,195,T,Q,TA199Q,38.4291,-449.4832,-411.0541,3HS4.pdb,screening_001116|TA199Q
screening_001117,A,199,195,T,R,TA199R,628.3561,-449.4832,178.8729,3HS4.pdb,screening_001117|TA199R
screening_001118,A,199,195,T,S,TA199S,-3.2407,-449.4832,-452.7239,3HS4.pdb,screening_001118|TA199S
screening_001119,A,199,195,T,V,TA199V,14.7105,-449.4832,-434.7727,3HS4.pdb,screening_001119|TA199V
screening_001120,A,199,195,T,W,TA199W,538.4483,-449.4832,88.9651,3HS4.pdb,screening_001120|TA199W
screening_001121,A,199,195,T,Y,TA199Y,491.0245,-449.4832,41.5413,3HS4.pdb,screening_001121|TA199Y
screening_001122,A,200,196,T,A,TA200A,1.5213,-449.4832,-447.9619,3HS4.pdb,screening_001122|TA200A
screening_001123,A,200,196,T,C,TA200C,3.895,-449.4832,-445.5882,3HS4.pdb,screening_001123|TA200C
screening_001124,A,200,196,T,D,TA200D,5.3225,-449.4832,-444.1607,3HS4.pdb,screening_001124|TA200D
screening_001125,A,200,196,T,E,TA200E,0.7339,-449.4832,-448.7493,3HS4.pdb,screening_001125|TA200E
screening_001126,A,200,196,T,F,TA200F,11.9607,-449.4832,-437.5225,3HS4.pdb,screening_001126|TA200F
screening_001127,A,200,196,T,G,TA200G,5.7128,-449.4832,-443.7704,3HS4.pdb,screening_001127|TA200G
screening_001128,A,200,196,T,H,TA200H,2.2783,-449.4832,-447.2048,3HS4.pdb,screening_001128|TA200H
screening_001129,A,200,196,T,I,TA200I,-0.6525,-449.4832,-450.1357,3HS4.pdb,screening_001129|TA200I
screening_001130,A,200,196,T,K,TA200K,1.8012,-449.4832,-447.682,3HS4.pdb,screening_001130|TA200K
screening_001131,A,200,196,T,L,TA200L,35.6631,-449.4832,-413.8201,3HS4.pdb,screening_001131|TA200L
screening_001132,A,200,196,T,M,TA200M,0.4698,-449.4832,-449.0134,3HS4.pdb,screening_001132|TA200M
screening_001133,A,200,196,T,N,TA200N,3.978,-449.4832,-445.5051,3HS4.pdb,screening_001133|TA200N
screening_001134,A,200,196,T,P,TA200P,138.2689,-449.4832,-311.2143,3HS4.pdb,screening_001134|TA200P
screening_001135,A,200,196,T,Q,TA200Q,-0.8105,-449.4832,-450.2936,3HS4.pdb,screening_001135|TA200Q
screening_001136,A,200,196,T,R,TA200R,1.8771,-449.4832,-447.6061,3HS4.pdb,screening_001136|TA200R
screening_001137,A,200,196,T,S,TA200S,1.2381,-449.4832,-448.2451,3HS4.pdb,screening_001137|TA200S
screening_001138,A,200,196,T,V,TA200V,-1.5218,-449.4832,-451.0049,3HS4.pdb,screening_001138|TA200V
screening_001139,A,200,196,T,W,TA200W,11.181,-449.4832,-438.3022,3HS4.pdb,screening_001139|TA200W
screening_001140,A,200,196,T,Y,TA200Y,10.6581,-449.4832,-438.825,3HS4.pdb,screening_001140|TA200Y
screening_001141,A,201,197,P,A,PA201A,5.3104,-449.4832,-444.1728,3HS4.pdb,screening_001141|PA201A
screening_001142,A,201,197,P,C,PA201C,15.9397,-449.4832,-433.5435,3HS4.pdb,screening_001142|PA201C
screening_001143,A,201,197,P,D,PA201D,16.0382,-449.4832,-433.445,3HS4.pdb,screening_001143|PA201D
screening_001144,A,201,197,P,E,PA201E,51.52,-449.4832,-397.9632,3HS4.pdb,screening_001144|PA201E
screening_001145,A,201,197,P,F,PA201F,483.7035,-449.4832,34.2203,3HS4.pdb,screening_001145|PA201F
screening_001146,A,201,197,P,G,PA201G,11.3926,-449.4832,-438.0905,3HS4.pdb,screening_001146|PA201G
screening_001147,A,201,197,P,H,PA201H,219.5253,-449.4832,-229.9579,3HS4.pdb,screening_001147|PA201H
screening_001148,A,201,197,P,I,PA201I,282.3749,-449.4832,-167.1082,3HS4.pdb,screening_001148|PA201I
screening_001149,A,201,197,P,K,PA201K,349.1291,-449.4832,-100.3541,3HS4.pdb,screening_001149|PA201K
screening_001150,A,201,197,P,L,PA201L,392.6117,-449.4832,-56.8715,3HS4.pdb,screening_001150|PA201L
screening_001151,A,201,197,P,M,PA201M,265.7494,-449.4832,-183.7337,3HS4.pdb,screening_001151|PA201M
screening_001152,A,201,197,P,N,PA201N,15.7752,-449.4832,-433.708,3HS4.pdb,screening_001152|PA201N
screening_001153,A,201,197,P,Q,PA201Q,78.2973,-449.4832,-371.1859,3HS4.pdb,screening_001153|PA201Q
screening_001154,A,201,197,P,R,PA201R,358.4504,-449.4832,-91.0328,3HS4.pdb,screening_001154|PA201R
screening_001155,A,201,197,P,S,PA201S,8.2134,-449.4832,-441.2698,3HS4.pdb,screening_001155|PA201S
screening_001156,A,201,197,P,T,PA201T,135.6222,-449.4832,-313.861,3HS4.pdb,screening_001156|PA201T
screening_001157,A,201,197,P,V,PA201V,125.6448,-449.4832,-323.8384,3HS4.pdb,screening_001157|PA201V
screening_001158,A,201,197,P,W,PA201W,921.989,-449.4832,472.5059,3HS4.pdb,screening_001158|PA201W
screening_001159,A,201,197,P,Y,PA201Y,962.8368,-449.4832,513.3536,3HS4.pdb,screening_001159|PA201Y
screening_001160,A,202,198,P,A,PA202A,1.4869,-449.4832,-447.9963,3HS4.pdb,screening_001160|PA202A
screening_001161,A,202,198,P,C,PA202C,3.5594,-449.4832,-445.9238,3HS4.pdb,screening_001161|PA202C
screening_001162,A,202,198,P,D,PA202D,6.3842,-449.4832,-443.099,3HS4.pdb,screening_001162|PA202D
screening_001163,A,202,198,P,E,PA202E,3.2189,-449.4832,-446.2642,3HS4.pdb,screening_001163|PA202E
screening_001164,A,202,198,P,F,PA202F,11.9443,-449.4832,-437.5389,3HS4.pdb,screening_001164|PA202F
screening_001165,A,202,198,P,G,PA202G,3.7761,-449.4832,-445.7071,3HS4.pdb,screening_001165|PA202G
screening_001166,A,202,198,P,H,PA202H,19.0402,-449.4832,-430.443,3HS4.pdb,screening_001166|PA202H
screening_001167,A,202,198,P,I,PA202I,88.2335,-449.4832,-361.2497,3HS4.pdb,screening_001167|PA202I
screening_001168,A,202,198,P,K,PA202K,4.3333,-449.4832,-445.1499,3HS4.pdb,screening_001168|PA202K
screening_001169,A,202,198,P,L,PA202L,151.8538,-449.4832,-297.6294,3HS4.pdb,screening_001169|PA202L
screening_001170,A,202,198,P,M,PA202M,5.5165,-449.4832,-443.9667,3HS4.pdb,screening_001170|PA202M
screening_001171,A,202,198,P,N,PA202N,34.6787,-449.4832,-414.8045,3HS4.pdb,screening_001171|PA202N
screening_001172,A,202,198,P,Q,PA202Q,4.1677,-449.4832,-445.3154,3HS4.pdb,screening_001172|PA202Q
screening_001173,A,202,198,P,R,PA202R,4.5304,-449.4832,-444.9528,3HS4.pdb,screening_001173|PA202R
screening_001174,A,202,198,P,S,PA202S,1.7349,-449.4832,-447.7482,3HS4.pdb,screening_001174|PA202S
screening_001175,A,202,198,P,T,PA202T,6.0894,-449.4832,-443.3938,3HS4.pdb,screening_001175|PA202T
screening_001176,A,202,198,P,V,PA202V,54.1538,-449.4832,-395.3294,3HS4.pdb,screening_001176|PA202V
screening_001177,A,202,198,P,W,PA202W,7.8352,-449.4832,-441.648,3HS4.pdb,screening_001177|PA202W
screening_001178,A,202,198,P,Y,PA202Y,72.9157,-449.4832,-376.5675,3HS4.pdb,screening_001178|PA202Y
screening_001179,A,203,199,L,A,LA203A,6.0568,-449.4832,-443.4264,3HS4.pdb,screening_001179|LA203A
screening_001180,A,203,199,L,C,LA203C,4.6573,-449.4832,-444.8259,3HS4.pdb,screening_001180|LA203C
screening_001181,A,203,199,L,D,LA203D,6.8186,-449.4832,-442.6646,3HS4.pdb,screening_001181|LA203D
screening_001182,A,203,199,L,E,LA203E,10.4481,-449.4832,-439.0351,3HS4.pdb,screening_001182|LA203E
screening_001183,A,203,199,L,F,LA203F,212.6044,-449.4832,-236.8787,3HS4.pdb,screening_001183|LA203F
screening_001184,A,203,199,L,G,LA203G,5.7703,-449.4832,-443.7129,3HS4.pdb,screening_001184|LA203G
screening_001185,A,203,199,L,H,LA203H,37.3584,-449.4832,-412.1247,3HS4.pdb,screening_001185|LA203H
screening_001186,A,203,199,L,I,LA203I,46.3048,-449.4832,-403.1783,3HS4.pdb,screening_001186|LA203I
screening_001187,A,203,199,L,K,LA203K,66.4479,-449.4832,-383.0353,3HS4.pdb,screening_001187|LA203K
screening_001188,A,203,199,L,M,LA203M,57.7513,-449.4832,-391.7318,3HS4.pdb,screening_001188|LA203M
screening_001189,A,203,199,L,N,LA203N,2.8499,-449.4832,-446.6332,3HS4.pdb,screening_001189|LA203N
screening_001190,A,203,199,L,P,LA203P,467.2877,-449.4832,17.8045,3HS4.pdb,screening_001190|LA203P
screening_001191,A,203,199,L,Q,LA203Q,12.5046,-449.4832,-436.9785,3HS4.pdb,screening_001191|LA203Q
screening_001192,A,203,199,L,R,LA203R,761.7981,-449.4832,312.3149,3HS4.pdb,screening_001192|LA203R
screening_001193,A,203,199,L,S,LA203S,6.8015,-449.4832,-442.6817,3HS4.pdb,screening_001193|LA203S
screening_001194,A,203,199,L,T,LA203T,30.6167,-449.4832,-418.8665,3HS4.pdb,screening_001194|LA203T
screening_001195,A,203,199,L,V,LA203V,56.3269,-449.4832,-393.1562,3HS4.pdb,screening_001195|LA203V
screening_001196,A,203,199,L,W,LA203W,710.458,-449.4832,260.9748,3HS4.pdb,screening_001196|LA203W
screening_001197,A,203,199,L,Y,LA203Y,453.6953,-449.4832,4.2121,3HS4.pdb,screening_001197|LA203Y
screening_001198,A,204,200,L,A,LA204A,1.6902,-449.4832,-447.793,3HS4.pdb,screening_001198|LA204A
screening_001199,A,204,200,L,C,LA204C,3.918,-449.4832,-445.5652,3HS4.pdb,screening_001199|LA204C
screening_001200,A,204,200,L,D,LA204D,3.2081,-449.4832,-446.2751,3HS4.pdb,screening_001200|LA204D
screening_001201,A,204,200,L,E,LA204E,3.7132,-449.4832,-445.7699,3HS4.pdb,screening_001201|LA204E
screening_001202,A,204,200,L,F,LA204F,3.0561,-449.4832,-446.4271,3HS4.pdb,screening_001202|LA204F
screening_001203,A,204,200,L,G,LA204G,5.4119,-449.4832,-444.0713,3HS4.pdb,screening_001203|LA204G
screening_001204,A,204,200,L,H,LA204H,5.5469,-449.4832,-443.9363,3HS4.pdb,screening_001204|LA204H
screening_001205,A,204,200,L,I,LA204I,18.7411,-449.4832,-430.7421,3HS4.pdb,screening_001205|LA204I
screening_001206,A,204,200,L,K,LA204K,2.9982,-449.4832,-446.485,3HS4.pdb,screening_001206|LA204K
screening_001207,A,204,200,L,M,LA204M,2.8901,-449.4832,-446.5931,3HS4.pdb,screening_001207|LA204M
screening_001208,A,204,200,L,N,LA204N,2.2996,-449.4832,-447.1835,3HS4.pdb,screening_001208|LA204N
screening_001209,A,204,200,L,P,LA204P,141.0807,-449.4832,-308.4024,3HS4.pdb,screening_001209|LA204P
screening_001210,A,204,200,L,Q,LA204Q,3.0531,-449.4832,-446.43,3HS4.pdb,screening_001210|LA204Q
screening_001211,A,204,200,L,R,LA204R,3.0023,-449.4832,-446.4808,3HS4.pdb,screening_001211|LA204R
screening_001212,A,204,200,L,S,LA204S,2.2742,-449.4832,-447.2089,3HS4.pdb,screening_001212|LA204S
screening_001213,A,204,200,L,T,LA204T,5.262,-449.4832,-444.2212,3HS4.pdb,screening_001213|LA204T
screening_001214,A,204,200,L,V,LA204V,22.5162,-449.4832,-426.967,3HS4.pdb,screening_001214|LA204V
screening_001215,A,204,200,L,W,LA204W,21.6854,-449.4832,-427.7977,3HS4.pdb,screening_001215|LA204W
screening_001216,A,204,200,L,Y,LA204Y,3.296,-449.4832,-446.1872,3HS4.pdb,screening_001216|LA204Y
screening_001217,A,206,202,C,A,CA206A,1.9987,-449.4832,-447.4845,3HS4.pdb,screening_001217|CA206A
screening_001218,A,206,202,C,D,CA206D,7.1617,-449.4832,-442.3215,3HS4.pdb,screening_001218|CA206D
screening_001219,A,206,202,C,E,CA206E,90.4246,-449.4832,-359.0585,3HS4.pdb,screening_001219|CA206E
screening_001220,A,206,202,C,F,CA206F,405.7008,-449.4832,-43.7824,3HS4.pdb,screening_001220|CA206F
screening_001221,A,206,202,C,G,CA206G,5.1963,-449.4832,-444.2868,3HS4.pdb,screening_001221|CA206G
screening_001222,A,206,202,C,H,CA206H,208.1423,-449.4832,-241.3409,3HS4.pdb,screening_001222|CA206H
screening_001223,A,206,202,C,I,CA206I,145.339,-449.4832,-304.1442,3HS4.pdb,screening_001223|CA206I
screening_001224,A,206,202,C,K,CA206K,415.5348,-449.4832,-33.9484,3HS4.pdb,screening_001224|CA206K
screening_001225,A,206,202,C,L,CA206L,223.7226,-449.4832,-225.7606,3HS4.pdb,screening_001225|CA206L
screening_001226,A,206,202,C,M,CA206M,326.307,-449.4832,-123.1761,3HS4.pdb,screening_001226|CA206M
screening_001227,A,206,202,C,N,CA206N,2.1173,-449.4832,-447.3658,3HS4.pdb,screening_001227|CA206N
screening_001228,A,206,202,C,P,CA206P,337.4751,-449.4832,-112.008,3HS4.pdb,screening_001228|CA206P
screening_001229,A,206,202,C,Q,CA206Q,261.3558,-449.4832,-188.1273,3HS4.pdb,screening_001229|CA206Q
screening_001230,A,206,202,C,R,CA206R,147.3191,-449.4832,-302.1641,3HS4.pdb,screening_001230|CA206R
screening_001231,A,206,202,C,S,CA206S,2.1575,-449.4832,-447.3257,3HS4.pdb,screening_001231|CA206S
screening_001232,A,206,202,C,T,CA206T,94.3174,-449.4832,-355.1657,3HS4.pdb,screening_001232|CA206T
screening_001233,A,206,202,C,V,CA206V,92.1986,-449.4832,-357.2846,3HS4.pdb,screening_001233|CA206V
screening_001234,A,206,202,C,W,CA206W,1114.6125,-449.4832,665.1293,3HS4.pdb,screening_001234|CA206W
screening_001235,A,206,202,C,Y,CA206Y,398.8595,-449.4832,-50.6237,3HS4.pdb,screening_001235|CA206Y
screening_001236,A,207,203,V,A,VA207A,6.6457,-449.4832,-442.8375,3HS4.pdb,screening_001236|VA207A
screening_001237,A,207,203,V,C,VA207C,5.7825,-449.4832,-443.7007,3HS4.pdb,screening_001237|VA207C
screening_001238,A,207,203,V,D,VA207D,11.5215,-449.4832,-437.9617,3HS4.pdb,screening_001238|VA207D
screening_001239,A,207,203,V,E,VA207E,59.1689,-449.4832,-390.3142,3HS4.pdb,screening_001239|VA207E
screening_001240,A,207,203,V,F,VA207F,598.6264,-449.4832,149.1432,3HS4.pdb,screening_001240|VA207F
screening_001241,A,207,203,V,G,VA207G,14.0963,-449.4832,-435.3868,3HS4.pdb,screening_001241|VA207G
screening_001242,A,207,203,V,H,VA207H,265.6382,-449.4832,-183.845,3HS4.pdb,screening_001242|VA207H
screening_001243,A,207,203,V,I,VA207I,87.5559,-449.4832,-361.9273,3HS4.pdb,screening_001243|VA207I
screening_001244,A,207,203,V,K,VA207K,242.7156,-449.4832,-206.7676,3HS4.pdb,screening_001244|VA207K
screening_001245,A,207,203,V,L,VA207L,23.8938,-449.4832,-425.5894,3HS4.pdb,screening_001245|VA207L
screening_001246,A,207,203,V,M,VA207M,179.6669,-449.4832,-269.8163,3HS4.pdb,screening_001246|VA207M
screening_001247,A,207,203,V,N,VA207N,10.7685,-449.4832,-438.7147,3HS4.pdb,screening_001247|VA207N
screening_001248,A,207,203,V,P,VA207P,203.9841,-449.4832,-245.4991,3HS4.pdb,screening_001248|VA207P
screening_001249,A,207,203,V,Q,VA207Q,113.3683,-449.4832,-336.1149,3HS4.pdb,screening_001249|VA207Q
screening_001250,A,207,203,V,R,VA207R,422.6312,-449.4832,-26.852,3HS4.pdb,screening_001250|VA207R
screening_001251,A,207,203,V,S,VA207S,9.3564,-449.4832,-440.1267,3HS4.pdb,screening_001251|VA207S
screening_001252,A,207,203,V,T,VA207T,5.8853,-449.4832,-443.5979,3HS4.pdb,screening_001252|VA207T
screening_001253,A,207,203,V,W,VA207W,587.5709,-449.4832,138.0877,3HS4.pdb,screening_001253|VA207W
screening_001254,A,207,203,V,Y,VA207Y,833.8367,-449.4832,384.3536,3HS4.pdb,screening_001254|VA207Y
screening_001255,A,209,205,W,A,WA209A,9.9734,-449.4832,-439.5098,3HS4.pdb,screening_001255|WA209A
screening_001256,A,209,205,W,C,WA209C,9.9668,-449.4832,-439.5164,3HS4.pdb,screening_001256|WA209C
screening_001257,A,209,205,W,D,WA209D,14.6109,-449.4832,-434.8723,3HS4.pdb,screening_001257|WA209D
screening_001258,A,209,205,W,E,WA209E,13.3602,-449.4832,-436.123,3HS4.pdb,screening_001258|WA209E
screening_001259,A,209,205,W,F,WA209F,71.989,-449.4832,-377.4942,3HS4.pdb,screening_001259|WA209F
screening_001260,A,209,205,W,G,WA209G,14.1708,-449.4832,-435.3124,3HS4.pdb,screening_001260|WA209G
screening_001261,A,209,205,W,H,WA209H,10.0785,-449.4832,-439.4046,3HS4.pdb,screening_001261|WA209H
screening_001262,A,209,205,W,I,WA209I,28.9186,-449.4832,-420.5645,3HS4.pdb,screening_001262|WA209I
screening_001263,A,209,205,W,K,WA209K,19.1024,-449.4832,-430.3808,3HS4.pdb,screening_001263|WA209K
screening_001264,A,209,205,W,L,WA209L,31.2955,-449.4832,-418.1877,3HS4.pdb,screening_001264|WA209L
screening_001265,A,209,205,W,M,WA209M,20.138,-449.4832,-429.3451,3HS4.pdb,screening_001265|WA209M
screening_001266,A,209,205,W,N,WA209N,11.1549,-449.4832,-438.3282,3HS4.pdb,screening_001266|WA209N
screening_001267,A,209,205,W,P,WA209P,182.6561,-449.4832,-266.8271,3HS4.pdb,screening_001267|WA209P
screening_001268,A,209,205,W,Q,WA209Q,13.3455,-449.4832,-436.1377,3HS4.pdb,screening_001268|WA209Q
screening_001269,A,209,205,W,R,WA209R,25.8291,-449.4832,-423.6541,3HS4.pdb,screening_001269|WA209R
screening_001270,A,209,205,W,S,WA209S,11.7767,-449.4832,-437.7064,3HS4.pdb,screening_001270|WA209S
screening_001271,A,209,205,W,T,WA209T,14.0134,-449.4832,-435.4697,3HS4.pdb,screening_001271|WA209T
screening_001272,A,209,205,W,V,WA209V,18.7532,-449.4832,-430.73,3HS4.pdb,screening_001272|WA209V
screening_001273,A,209,205,W,Y,WA209Y,209.3711,-449.4832,-240.112,3HS4.pdb,screening_001273|WA209Y
screening_001274,A,211,207,V,A,VA211A,7.5922,-449.4832,-441.8909,3HS4.pdb,screening_001274|VA211A
screening_001275,A,211,207,V,C,VA211C,6.2805,-449.4832,-443.2026,3HS4.pdb,screening_001275|VA211C
screening_001276,A,211,207,V,D,VA211D,9.2256,-449.4832,-440.2575,3HS4.pdb,screening_001276|VA211D
screening_001277,A,211,207,V,E,VA211E,12.7983,-449.4832,-436.6849,3HS4.pdb,screening_001277|VA211E
screening_001278,A,211,207,V,F,VA211F,417.568,-449.4832,-31.9152,3HS4.pdb,screening_001278|VA211F
screening_001279,A,211,207,V,G,VA211G,13.5341,-449.4832,-435.9491,3HS4.pdb,screening_001279|VA211G
screening_001280,A,211,207,V,H,VA211H,107.4938,-449.4832,-341.9894,3HS4.pdb,screening_001280|VA211H
screening_001281,A,211,207,V,I,VA211I,1.6496,-449.4832,-447.8335,3HS4.pdb,screening_001281|VA211I
screening_001282,A,211,207,V,K,VA211K,115.3695,-449.4832,-334.1137,3HS4.pdb,screening_001282|VA211K
screening_001283,A,211,207,V,L,VA211L,46.3553,-449.4832,-403.1278,3HS4.pdb,screening_001283|VA211L
screening_001284,A,211,207,V,M,VA211M,24.1592,-449.4832,-425.324,3HS4.pdb,screening_001284|VA211M
screening_001285,A,211,207,V,N,VA211N,6.8006,-449.4832,-442.6825,3HS4.pdb,screening_001285|VA211N
screening_001286,A,211,207,V,P,VA211P,153.8619,-449.4832,-295.6213,3HS4.pdb,screening_001286|VA211P
screening_001287,A,211,207,V,Q,VA211Q,6.472,-449.4832,-443.0112,3HS4.pdb,screening_001287|VA211Q
screening_001288,A,211,207,V,R,VA211R,220.2379,-449.4832,-229.2453,3HS4.pdb,screening_001288|VA211R
screening_001289,A,211,207,V,S,VA211S,7.12,-449.4832,-442.3631,3HS4.pdb,screening_001289|VA211S
screening_001290,A,211,207,V,T,VA211T,3.9462,-449.4832,-445.537,3HS4.pdb,screening_001290|VA211T
screening_001291,A,211,207,V,W,VA211W,854.9818,-449.4832,405.4987,3HS4.pdb,screening_001291|VA211W
screening_001292,A,211,207,V,Y,VA211Y,532.0753,-449.4832,82.5921,3HS4.pdb,screening_001292|VA211Y
screening_001293,A,212,208,L,A,LA212A,6.3265,-449.4832,-443.1567,3HS4.pdb,screening_001293|LA212A
screening_001294,A,212,208,L,C,LA212C,6.308,-449.4832,-443.1752,3HS4.pdb,screening_001294|LA212C
screening_001295,A,212,208,L,D,LA212D,7.8182,-449.4832,-441.665,3HS4.pdb,screening_001295|LA212D
screening_001296,A,212,208,L,E,LA212E,6.9871,-449.4832,-442.4961,3HS4.pdb,screening_001296|LA212E
screening_001297,A,212,208,L,F,LA212F,95.2457,-449.4832,-354.2375,3HS4.pdb,screening_001297|LA212F
screening_001298,A,212,208,L,G,LA212G,9.5278,-449.4832,-439.9554,3HS4.pdb,screening_001298|LA212G
screening_001299,A,212,208,L,H,LA212H,86.1209,-449.4832,-363.3623,3HS4.pdb,screening_001299|LA212H
screening_001300,A,212,208,L,I,LA212I,3.786,-449.4832,-445.6971,3HS4.pdb,screening_001300|LA212I
screening_001301,A,212,208,L,K,LA212K,47.7054,-449.4832,-401.7778,3HS4.pdb,screening_001301|LA212K
screening_001302,A,212,208,L,M,LA212M,26.829,-449.4832,-422.6542,3HS4.pdb,screening_001302|LA212M
screening_001303,A,212,208,L,N,LA212N,6.9194,-449.4832,-442.5638,3HS4.pdb,screening_001303|LA212N
screening_001304,A,212,208,L,P,LA212P,231.33,-449.4832,-218.1531,3HS4.pdb,screening_001304|LA212P
screening_001305,A,212,208,L,Q,LA212Q,8.1641,-449.4832,-441.3191,3HS4.pdb,screening_001305|LA212Q
screening_001306,A,212,208,L,R,LA212R,191.5814,-449.4832,-257.9018,3HS4.pdb,screening_001306|LA212R
screening_001307,A,212,208,L,S,LA212S,7.0567,-449.4832,-442.4265,3HS4.pdb,screening_001307|LA212S
screening_001308,A,212,208,L,T,LA212T,6.0287,-449.4832,-443.4544,3HS4.pdb,screening_001308|LA212T
screening_001309,A,212,208,L,V,LA212V,5.5846,-449.4832,-443.8986,3HS4.pdb,screening_001309|LA212V
screening_001310,A,212,208,L,W,LA212W,317.2713,-449.4832,-132.2119,3HS4.pdb,screening_001310|LA212W
screening_001311,A,212,208,L,Y,LA212Y,112.4081,-449.4832,-337.0751,3HS4.pdb,screening_001311|LA212Y
screening_001312,A,213,209,K,A,KA213A,1.2983,-449.4832,-448.1849,3HS4.pdb,screening_001312|KA213A
screening_001313,A,213,209,K,C,KA213C,4.7584,-449.4832,-444.7248,3HS4.pdb,screening_001313|KA213C
screening_001314,A,213,209,K,D,KA213D,5.2511,-449.4832,-444.2321,3HS4.pdb,screening_001314|KA213D
screening_001315,A,213,209,K,E,KA213E,4.4207,-449.4832,-445.0625,3HS4.pdb,screening_001315|KA213E
screening_001316,A,213,209,K,F,KA213F,5.364,-449.4832,-444.1192,3HS4.pdb,screening_001316|KA213F
screening_001317,A,213,209,K,G,KA213G,5.7318,-449.4832,-443.7513,3HS4.pdb,screening_001317|KA213G
screening_001318,A,213,209,K,H,KA213H,3.0126,-449.4832,-446.4706,3HS4.pdb,screening_001318|KA213H
screening_001319,A,213,209,K,I,KA213I,150.0251,-449.4832,-299.458,3HS4.pdb,screening_001319|KA213I
screening_001320,A,213,209,K,L,KA213L,26.1517,-449.4832,-423.3315,3HS4.pdb,screening_001320|KA213L
screening_001321,A,213,209,K,M,KA213M,3.1624,-449.4832,-446.3208,3HS4.pdb,screening_001321|KA213M
screening_001322,A,213,209,K,N,KA213N,4.1848,-449.4832,-445.2984,3HS4.pdb,screening_001322|KA213N
screening_001323,A,213,209,K,P,KA213P,253.3194,-449.4832,-196.1638,3HS4.pdb,screening_001323|KA213P
screening_001324,A,213,209,K,Q,KA213Q,3.7391,-449.4832,-445.7441,3HS4.pdb,screening_001324|KA213Q
screening_001325,A,213,209,K,R,KA213R,2.6409,-449.4832,-446.8423,3HS4.pdb,screening_001325|KA213R
screening_001326,A,213,209,K,S,KA213S,3.1925,-449.4832,-446.2907,3HS4.pdb,screening_001326|KA213S
screening_001327,A,213,209,K,T,KA213T,3.4726,-449.4832,-446.0105,3HS4.pdb,screening_001327|KA213T
screening_001328,A,213,209,K,V,KA213V,15.1411,-449.4832,-434.3421,3HS4.pdb,screening_001328|KA213V
screening_001329,A,213,209,K,W,KA213W,4.6426,-449.4832,-444.8406,3HS4.pdb,screening_001329|KA213W
screening_001330,A,213,209,K,Y,KA213Y,4.6741,-449.4832,-444.8091,3HS4.pdb,screening_001330|KA213Y
screening_001331,A,214,210,E,A,EA214A,3.7469,-449.4832,-445.7363,3HS4.pdb,screening_001331|EA214A
screening_001332,A,214,210,E,C,EA214C,3.446,-449.4832,-446.0372,3HS4.pdb,screening_001332|EA214C
screening_001333,A,214,210,E,D,EA214D,5.3244,-449.4832,-444.1588,3HS4.pdb,screening_001333|EA214D
screening_001334,A,214,210,E,F,EA214F,21.6678,-449.4832,-427.8154,3HS4.pdb,screening_001334|EA214F
screening_001335,A,214,210,E,G,EA214G,8.0055,-449.4832,-441.4777,3HS4.pdb,screening_001335|EA214G
screening_001336,A,214,210,E,H,EA214H,6.3985,-449.4832,-443.0847,3HS4.pdb,screening_001336|EA214H
screening_001337,A,214,210,E,I,EA214I,45.8355,-449.4832,-403.6477,3HS4.pdb,screening_001337|EA214I
screening_001338,A,214,210,E,K,EA214K,3.1042,-449.4832,-446.3789,3HS4.pdb,screening_001338|EA214K
screening_001339,A,214,210,E,L,EA214L,13.6123,-449.4832,-435.8709,3HS4.pdb,screening_001339|EA214L
screening_001340,A,214,210,E,M,EA214M,2.0146,-449.4832,-447.4685,3HS4.pdb,screening_001340|EA214M
screening_001341,A,214,210,E,N,EA214N,4.4759,-449.4832,-445.0072,3HS4.pdb,screening_001341|EA214N
screening_001342,A,214,210,E,P,EA214P,37.7286,-449.4832,-411.7546,3HS4.pdb,screening_001342|EA214P
screening_001343,A,214,210,E,Q,EA214Q,-0.2042,-449.4832,-449.6874,3HS4.pdb,screening_001343|EA214Q
screening_001344,A,214,210,E,R,EA214R,4.9907,-449.4832,-444.4925,3HS4.pdb,screening_001344|EA214R
screening_001345,A,214,210,E,S,EA214S,3.0676,-449.4832,-446.4155,3HS4.pdb,screening_001345|EA214S
screening_001346,A,214,210,E,T,EA214T,2.1908,-449.4832,-447.2924,3HS4.pdb,screening_001346|EA214T
screening_001347,A,214,210,E,V,EA214V,5.4283,-449.4832,-444.0549,3HS4.pdb,screening_001347|EA214V
screening_001348,A,214,210,E,W,EA214W,45.3085,-449.4832,-404.1747,3HS4.pdb,screening_001348|EA214W
screening_001349,A,214,210,E,Y,EA214Y,26.3093,-449.4832,-423.1738,3HS4.pdb,screening_001349|EA214Y
screening_001350,A,215,211,P,A,PA215A,-20.8091,-449.4832,-470.2923,3HS4.pdb,screening_001350|PA215A
screening_001351,A,215,211,P,C,PA215C,6.8264,-449.4832,-442.6568,3HS4.pdb,screening_001351|PA215C
screening_001352,A,215,211,P,D,PA215D,-11.2528,-449.4832,-460.736,3HS4.pdb,screening_001352|PA215D
screening_001353,A,215,211,P,E,PA215E,-4.2943,-449.4832,-453.7774,3HS4.pdb,screening_001353|PA215E
screening_001354,A,215,211,P,F,PA215F,930.836,-449.4832,481.3529,3HS4.pdb,screening_001354|PA215F
screening_001355,A,215,211,P,G,PA215G,-16.3687,-449.4832,-465.8519,3HS4.pdb,screening_001355|PA215G
screening_001356,A,215,211,P,H,PA215H,502.1262,-449.4832,52.6431,3HS4.pdb,screening_001356|PA215H
screening_001357,A,215,211,P,I,PA215I,214.549,-449.4832,-234.9342,3HS4.pdb,screening_001357|PA215I
screening_001358,A,215,211,P,K,PA215K,388.51,-449.4832,-60.9731,3HS4.pdb,screening_001358|PA215K
screening_001359,A,215,211,P,L,PA215L,233.3134,-449.4832,-216.1697,3HS4.pdb,screening_001359|PA215L
screening_001360,A,215,211,P,M,PA215M,-1.0727,-449.4832,-450.5558,3HS4.pdb,screening_001360|PA215M
screening_001361,A,215,211,P,N,PA215N,-6.8539,-449.4832,-456.337,3HS4.pdb,screening_001361|PA215N
screening_001362,A,215,211,P,Q,PA215Q,-0.4754,-449.4832,-449.9586,3HS4.pdb,screening_001362|PA215Q
screening_001363,A,215,211,P,R,PA215R,206.3012,-449.4832,-243.182,3HS4.pdb,screening_001363|PA215R
screening_001364,A,215,211,P,S,PA215S,-19.818,-449.4832,-469.3012,3HS4.pdb,screening_001364|PA215S
screening_001365,A,215,211,P,T,PA215T,53.7448,-449.4832,-395.7384,3HS4.pdb,screening_001365|PA215T
screening_001366,A,215,211,P,V,PA215V,67.0402,-449.4832,-382.443,3HS4.pdb,screening_001366|PA215V
screening_001367,A,215,211,P,W,PA215W,526.9454,-449.4832,77.4622,3HS4.pdb,screening_001367|PA215W
screening_001368,A,215,211,P,Y,PA215Y,1100.7408,-449.4832,651.2576,3HS4.pdb,screening_001368|PA215Y
screening_001369,A,216,212,I,A,IA216A,5.4756,-449.4832,-444.0076,3HS4.pdb,screening_001369|IA216A
screening_001370,A,216,212,I,C,IA216C,4.1251,-449.4832,-445.358,3HS4.pdb,screening_001370|IA216C
screening_001371,A,216,212,I,D,IA216D,9.6257,-449.4832,-439.8574,3HS4.pdb,screening_001371|IA216D
screening_001372,A,216,212,I,E,IA216E,8.0866,-449.4832,-441.3966,3HS4.pdb,screening_001372|IA216E
screening_001373,A,216,212,I,F,IA216F,968.4608,-449.4832,518.9776,3HS4.pdb,screening_001373|IA216F
screening_001374,A,216,212,I,G,IA216G,8.223,-449.4832,-441.2602,3HS4.pdb,screening_001374|IA216G
screening_001375,A,216,212,I,H,IA216H,566.962,-449.4832,117.4788,3HS4.pdb,screening_001375|IA216H
screening_001376,A,216,212,I,K,IA216K,74.5514,-449.4832,-374.9318,3HS4.pdb,screening_001376|IA216K
screening_001377,A,216,212,I,L,IA216L,207.3375,-449.4832,-242.1457,3HS4.pdb,screening_001377|IA216L
screening_001378,A,216,212,I,M,IA216M,55.937,-449.4832,-393.5462,3HS4.pdb,screening_001378|IA216M
screening_001379,A,216,212,I,N,IA216N,8.896,-449.4832,-440.5871,3HS4.pdb,screening_001379|IA216N
screening_001380,A,216,212,I,P,IA216P,168.233,-449.4832,-281.2502,3HS4.pdb,screening_001380|IA216P
screening_001381,A,216,212,I,Q,IA216Q,6.9073,-449.4832,-442.5758,3HS4.pdb,screening_001381|IA216Q
screening_001382,A,216,212,I,R,IA216R,144.2942,-449.4832,-305.189,3HS4.pdb,screening_001382|IA216R
screening_001383,A,216,212,I,S,IA216S,6.1225,-449.4832,-443.3607,3HS4.pdb,screening_001383|IA216S
screening_001384,A,216,212,I,T,IA216T,3.615,-449.4832,-445.8682,3HS4.pdb,screening_001384|IA216T
screening_001385,A,216,212,I,V,IA216V,1.6311,-449.4832,-447.8521,3HS4.pdb,screening_001385|IA216V
screening_001386,A,216,212,I,W,IA216W,1509.1,-449.4832,1059.6169,3HS4.pdb,screening_001386|IA216W
screening_001387,A,216,212,I,Y,IA216Y,1304.9739,-449.4832,855.4907,3HS4.pdb,screening_001387|IA216Y
screening_001388,A,244,240,N,A,NA244A,4.0973,-449.4832,-445.3859,3HS4.pdb,screening_001388|NA244A
screening_001389,A,244,240,N,C,NA244C,5.357,-449.4832,-444.1261,3HS4.pdb,screening_001389|NA244C
screening_001390,A,244,240,N,D,NA244D,6.7561,-449.4832,-442.7271,3HS4.pdb,screening_001390|NA244D
screening_001391,A,244,240,N,E,NA244E,17.8307,-449.4832,-431.6525,3HS4.pdb,screening_001391|NA244E
screening_001392,A,244,240,N,F,NA244F,527.186,-449.4832,77.7028,3HS4.pdb,screening_001392|NA244F
screening_001393,A,244,240,N,G,NA244G,7.6629,-449.4832,-441.8203,3HS4.pdb,screening_001393|NA244G
screening_001394,A,244,240,N,H,NA244H,243.8621,-449.4832,-205.6211,3HS4.pdb,screening_001394|NA244H
screening_001395,A,244,240,N,I,NA244I,20.5267,-449.4832,-428.9565,3HS4.pdb,screening_001395|NA244I
screening_001396,A,244,240,N,K,NA244K,399.3436,-449.4832,-50.1395,3HS4.pdb,screening_001396|NA244K
screening_001397,A,244,240,N,L,NA244L,339.4903,-449.4832,-109.9929,3HS4.pdb,screening_001397|NA244L
screening_001398,A,244,240,N,M,NA244M,136.27,-449.4832,-313.2132,3HS4.pdb,screening_001398|NA244M
screening_001399,A,244,240,N,P,NA244P,73.1728,-449.4832,-376.3104,3HS4.pdb,screening_001399|NA244P
screening_001400,A,244,240,N,Q,NA244Q,16.0584,-449.4832,-433.4248,3HS4.pdb,screening_001400|NA244Q
screening_001401,A,244,240,N,R,NA244R,358.3059,-449.4832,-91.1772,3HS4.pdb,screening_001401|NA244R
screening_001402,A,244,240,N,S,NA244S,5.9251,-449.4832,-443.5581,3HS4.pdb,screening_001402|NA244S
screening_001403,A,244,240,N,T,NA244T,23.9611,-449.4832,-425.5221,3HS4.pdb,screening_001403|NA244T
screening_001404,A,244,240,N,V,NA244V,18.8842,-449.4832,-430.599,3HS4.pdb,screening_001404|NA244V
screening_001405,A,244,240,N,W,NA244W,508.4241,-449.4832,58.9409,3HS4.pdb,screening_001405|NA244W
screening_001406,A,244,240,N,Y,NA244Y,495.5954,-449.4832,46.1122,3HS4.pdb,screening_001406|NA244Y
screening_001407,A,246,242,R,A,RA246A,4.7534,-449.4832,-444.7298,3HS4.pdb,screening_001407|RA246A
screening_001408,A,246,242,R,C,RA246C,4.9473,-449.4832,-444.5359,3HS4.pdb,screening_001408|RA246C
screening_001409,A,246,242,R,D,RA246D,11.0288,-449.4832,-438.4544,3HS4.pdb,screening_001409|RA246D
screening_001410,A,246,242,R,E,RA246E,8.7436,-449.4832,-440.7396,3HS4.pdb,screening_001410|RA246E
screening_001411,A,246,242,R,F,RA246F,250.2005,-449.4832,-199.2826,3HS4.pdb,screening_001411|RA246F
screening_001412,A,246,242,R,G,RA246G,9.5027,-449.4832,-439.9805,3HS4.pdb,screening_001412|RA246G
screening_001413,A,246,242,R,H,RA246H,31.0833,-449.4832,-418.3999,3HS4.pdb,screening_001413|RA246H
screening_001414,A,246,242,R,I,RA246I,64.482,-449.4832,-385.0012,3HS4.pdb,screening_001414|RA246I
screening_001415,A,246,242,R,K,RA246K,15.6115,-449.4832,-433.8717,3HS4.pdb,screening_001415|RA246K
screening_001416,A,246,242,R,L,RA246L,37.7832,-449.4832,-411.7,3HS4.pdb,screening_001416|RA246L
screening_001417,A,246,242,R,M,RA246M,11.8752,-449.4832,-437.608,3HS4.pdb,screening_001417|RA246M
screening_001418,A,246,242,R,N,RA246N,10.1118,-449.4832,-439.3714,3HS4.pdb,screening_001418|RA246N
screening_001419,A,246,242,R,P,RA246P,270.6661,-449.4832,-178.8171,3HS4.pdb,screening_001419|RA246P
screening_001420,A,246,242,R,Q,RA246Q,5.5316,-449.4832,-443.9516,3HS4.pdb,screening_001420|RA246Q
screening_001421,A,246,242,R,S,RA246S,5.8034,-449.4832,-443.6797,3HS4.pdb,screening_001421|RA246S
screening_001422,A,246,242,R,T,RA246T,3.7615,-449.4832,-445.7217,3HS4.pdb,screening_001422|RA246T
screening_001423,A,246,242,R,V,RA246V,22.212,-449.4832,-427.2711,3HS4.pdb,screening_001423|RA246V
screening_001424,A,246,242,R,W,RA246W,529.1319,-449.4832,79.6487,3HS4.pdb,screening_001424|RA246W
screening_001425,A,246,242,R,Y,RA246Y,316.9326,-449.4832,-132.5506,3HS4.pdb,screening_001425|RA246Y
screening_001426,A,260,256,F,A,FA260A,6.2126,-449.4832,-443.2706,3HS4.pdb,screening_001426|FA260A
screening_001427,A,260,256,F,C,FA260C,6.8199,-449.4832,-442.6633,3HS4.pdb,screening_001427|FA260C
screening_001428,A,260,256,F,D,FA260D,10.6673,-449.4832,-438.8159,3HS4.pdb,screening_001428|FA260D
screening_001429,A,260,256,F,E,FA260E,13.0112,-449.4832,-436.4719,3HS4.pdb,screening_001429|FA260E
screening_001430,A,260,256,F,G,FA260G,8.6746,-449.4832,-440.8086,3HS4.pdb,screening_001430|FA260G
screening_001431,A,260,256,F,H,FA260H,4.864,-449.4832,-444.6192,3HS4.pdb,screening_001431|FA260H
screening_001432,A,260,256,F,I,FA260I,13.0228,-449.4832,-436.4604,3HS4.pdb,screening_001432|FA260I
screening_001433,A,260,256,F,K,FA260K,85.2324,-449.4832,-364.2508,3HS4.pdb,screening_001433|FA260K
screening_001434,A,260,256,F,L,FA260L,30.2798,-449.4832,-419.2034,3HS4.pdb,screening_001434|FA260L
screening_001435,A,260,256,F,M,FA260M,10.5967,-449.4832,-438.8865,3HS4.pdb,screening_001435|FA260M
screening_001436,A,260,256,F,N,FA260N,7.3155,-449.4832,-442.1676,3HS4.pdb,screening_001436|FA260N
screening_001437,A,260,256,F,P,FA260P,245.2591,-449.4832,-204.2241,3HS4.pdb,screening_001437|FA260P
screening_001438,A,260,256,F,Q,FA260Q,15.761,-449.4832,-433.7221,3HS4.pdb,screening_001438|FA260Q
screening_001439,A,260,256,F,R,FA260R,9.93,-449.4832,-439.5531,3HS4.pdb,screening_001439|FA260R
screening_001440,A,260,256,F,S,FA260S,5.6639,-449.4832,-443.8193,3HS4.pdb,screening_001440|FA260S
screening_001441,A,260,256,F,T,FA260T,6.3061,-449.4832,-443.1771,3HS4.pdb,screening_001441|FA260T
screening_001442,A,260,256,F,V,FA260V,66.6756,-449.4832,-382.8076,3HS4.pdb,screening_001442|FA260V
screening_001443,A,260,256,F,W,FA260W,9.6331,-449.4832,-439.8501,3HS4.pdb,screening_001443|FA260W
screening_001444,A,260,256,F,Y,FA260Y,4.9043,-449.4832,-444.5789,3HS4.pdb,screening_001444|FA260Y
